slide_title,source_slide_number,code,period_type,period_label,claims,exposure_months,rate_per_100000_member_months,poisson_ci_lower_per_100000,poisson_ci_upper_per_100000
Custom Aggregate 95921 and 95923,4,Custom Aggregate 95921 and 95923,quarter,2018-Q1,22232,230550049.0,9.643025493349603,9.516679760812114,9.770629465558747
Custom Aggregate 95921 and 95923,4,Custom Aggregate 95921 and 95923,quarter,2018-Q2,19808,228935769.0,8.652208471625944,8.532131683916186,8.773552541413295
Custom Aggregate 95921 and 95923,4,Custom Aggregate 95921 and 95923,quarter,2018-Q3,16584,227904788.0,7.276722944495575,7.166390254544806,7.388328932573386
Custom Aggregate 95921 and 95923,4,Custom Aggregate 95921 and 95923,quarter,2018-Q4,14333,226095567.0,6.3393547207407215,6.235991659638224,6.444001523008766
Custom Aggregate 95921 and 95923,4,Custom Aggregate 95921 and 95923,quarter,2019-Q1,19363,225406912.0,8.590242343588825,8.469668153934867,8.7121036904739
Custom Aggregate 95921 and 95923,4,Custom Aggregate 95921 and 95923,quarter,2019-Q2,22623,224099443.0,10.095071945359543,9.963947659405113,10.227490663465732
Custom Aggregate 95921 and 95923,4,Custom Aggregate 95921 and 95923,quarter,2019-Q3,20392,225151016.0,9.057032192117667,8.933143965377264,9.182208959229982
Custom Aggregate 95921 and 95923,4,Custom Aggregate 95921 and 95923,quarter,2019-Q4,17358,223888589.0,7.752963238336368,7.63805057708498,7.869171962144744
Custom Aggregate 95921 and 95923,4,Custom Aggregate 95921 and 95923,quarter,2020-Q1,12365,149176444.0,8.28884217135515,8.143379913543805,8.436250519056228
Custom Aggregate 95921 and 95923,4,Custom Aggregate 95921 and 95923,quarter,2020-Q2,4406,78055480.0,5.644702972808571,5.4792460602733035,5.813886770563465
Custom Aggregate 95921 and 95923,4,Custom Aggregate 95921 and 95923,quarter,2020-Q3,16568,240451013.0,6.890384778707503,6.785859664377219,6.996116754687638
Custom Aggregate 95921 and 95923,4,Custom Aggregate 95921 and 95923,quarter,2020-Q4,15074,252197294.0,5.977066510475723,5.882026466641748,6.073257351199045
Custom Aggregate 95921 and 95923,4,Custom Aggregate 95921 and 95923,quarter,2021-Q1,19162,256211709.0,7.478971228438275,7.37344783105616,7.58562704016012
Custom Aggregate 95921 and 95923,4,Custom Aggregate 95921 and 95923,quarter,2021-Q2,21395,261559386.0,8.179786750225817,8.070543417554372,8.290139199763548
Custom Aggregate 95921 and 95923,4,Custom Aggregate 95921 and 95923,quarter,2021-Q3,18006,266799594.0,6.748885832262549,6.650665235273888,6.8481939876483295
Custom Aggregate 95921 and 95923,4,Custom Aggregate 95921 and 95923,quarter,2021-Q4,17803,272358419.0,6.536607190394948,6.440937150691484,6.633342606682167
Custom Aggregate 95921 and 95923,4,Custom Aggregate 95921 and 95923,quarter,2022-Q1,21089,277314434.0,7.6047249671829205,7.502430018112149,7.708066038362067
Custom Aggregate 95921 and 95923,4,Custom Aggregate 95921 and 95923,quarter,2022-Q2,23120,282016994.5,8.198087509226328,8.092750104506685,8.304453484925576
Custom Aggregate 95921 and 95923,4,Custom Aggregate 95921 and 95923,quarter,2022-Q3,22113,287178648.0,7.700085000748385,7.598926027587478,7.802254108133188
Custom Aggregate 95921 and 95923,4,Custom Aggregate 95921 and 95923,quarter,2022-Q4,18906,292152539.0,6.4712769790441556,6.379357577269578,6.564189500992925
Custom Aggregate 95921 and 95923,4,Custom Aggregate 95921 and 95923,quarter,2023-Q1,21044,297686543.0,7.069180819503822,6.973988466420946,7.165347705990815
Custom Aggregate 95921 and 95923,4,Custom Aggregate 95921 and 95923,quarter,2023-Q2,23220,298365151.0,7.782410218544592,7.682628729063105,7.883163916437746
Custom Aggregate 95921 and 95923,4,Custom Aggregate 95921 and 95923,quarter,2023-Q3,20543,289816874.0,7.088269125420213,6.991666763417402,7.185872511442274
Custom Aggregate 95921 and 95923,4,Custom Aggregate 95921 and 95923,quarter,2023-Q4,19587,276383178.0,7.086900202008676,6.987995641957499,7.186854500717565
Custom Aggregate 95921 and 95923,4,Custom Aggregate 95921 and 95923,quarter,2024-Q1,19731,267644460.0,7.372093560240328,7.269583670743797,7.47568745331231
Custom Aggregate 95921 and 95923,4,Custom Aggregate 95921 and 95923,quarter,2024-Q2,18685,258952546.0,7.215607758496416,7.112513533688753,7.319822446411264
HCPCS 95943 – Quantitative autonomic function testing of parasympathetic and sympathetic functions (45 months of data),7,HCPCS 95943 – Quantitative autonomic function testing of parasympathetic and sympathetic functions (45 months of data),quarter,2018-Q1,3541,230550049.0,1.535892104711719,1.4857163679076595,1.587330359228432
HCPCS 95943 – Quantitative autonomic function testing of parasympathetic and sympathetic functions (45 months of data),7,HCPCS 95943 – Quantitative autonomic function testing of parasympathetic and sympathetic functions (45 months of data),quarter,2018-Q2,3174,228935769.0,1.386415069110498,1.338597820877786,1.4355041398733943
HCPCS 95943 – Quantitative autonomic function testing of parasympathetic and sympathetic functions (45 months of data),7,HCPCS 95943 – Quantitative autonomic function testing of parasympathetic and sympathetic functions (45 months of data),quarter,2018-Q3,2933,227904788.0,1.2869409307890451,1.2407831401367295,1.3343766031459363
HCPCS 95943 – Quantitative autonomic function testing of parasympathetic and sympathetic functions (45 months of data),7,HCPCS 95943 – Quantitative autonomic function testing of parasympathetic and sympathetic functions (45 months of data),quarter,2018-Q4,2430,226095567.0,1.074766760022323,1.0324546209635033,1.1183677914202825
HCPCS 95943 – Quantitative autonomic function testing of parasympathetic and sympathetic functions (45 months of data),7,HCPCS 95943 – Quantitative autonomic function testing of parasympathetic and sympathetic functions (45 months of data),quarter,2019-Q1,2223,225406912.0,0.9862164297783379,0.9456413712117487,1.028084717551415
HCPCS 95943 – Quantitative autonomic function testing of parasympathetic and sympathetic functions (45 months of data),7,HCPCS 95943 – Quantitative autonomic function testing of parasympathetic and sympathetic functions (45 months of data),quarter,2019-Q2,2043,224099443.0,0.9116488522463663,0.8725418469135264,0.9520570293659968
HCPCS 95943 – Quantitative autonomic function testing of parasympathetic and sympathetic functions (45 months of data),7,HCPCS 95943 – Quantitative autonomic function testing of parasympathetic and sympathetic functions (45 months of data),quarter,2019-Q3,1763,225151016.0,0.7830299997402633,0.7469013855982692,0.8204544401491332
HCPCS 95943 – Quantitative autonomic function testing of parasympathetic and sympathetic functions (45 months of data),7,HCPCS 95943 – Quantitative autonomic function testing of parasympathetic and sympathetic functions (45 months of data),quarter,2019-Q4,1914,223888589.0,0.8548894825542003,0.8170152982765521,0.8940663829704939
HCPCS 95943 – Quantitative autonomic function testing of parasympathetic and sympathetic functions (45 months of data),7,HCPCS 95943 – Quantitative autonomic function testing of parasympathetic and sympathetic functions (45 months of data),quarter,2020-Q1,1204,149176444.0,0.8070979356499475,0.7621470336965628,0.8540078812020501
HCPCS 95943 – Quantitative autonomic function testing of parasympathetic and sympathetic functions (45 months of data),7,HCPCS 95943 – Quantitative autonomic function testing of parasympathetic and sympathetic functions (45 months of data),quarter,2020-Q2,450,78055480.0,0.5765130135641983,0.5244705298144914,0.6323222840260161
HCPCS 95943 – Quantitative autonomic function testing of parasympathetic and sympathetic functions (45 months of data),7,HCPCS 95943 – Quantitative autonomic function testing of parasympathetic and sympathetic functions (45 months of data),quarter,2020-Q3,1395,240451013.0,0.580159751707929,0.5501110710991157,0.6114230012155278
HCPCS 95943 – Quantitative autonomic function testing of parasympathetic and sympathetic functions (45 months of data),7,HCPCS 95943 – Quantitative autonomic function testing of parasympathetic and sympathetic functions (45 months of data),quarter,2020-Q4,1411,252197294.0,0.5594826088816004,0.5306674726302401,0.5894556858650948
HCPCS 95943 – Quantitative autonomic function testing of parasympathetic and sympathetic functions (45 months of data),7,HCPCS 95943 – Quantitative autonomic function testing of parasympathetic and sympathetic functions (45 months of data),quarter,2021-Q1,1855,256211709.0,0.7240106266962217,0.6914344520352208,0.7577253066487817
HCPCS 95943 – Quantitative autonomic function testing of parasympathetic and sympathetic functions (45 months of data),7,HCPCS 95943 – Quantitative autonomic function testing of parasympathetic and sympathetic functions (45 months of data),quarter,2021-Q2,2172,261559386.0,0.8304041515069163,0.7958449775442127,0.8660778980253259
HCPCS 95943 – Quantitative autonomic function testing of parasympathetic and sympathetic functions (45 months of data),7,HCPCS 95943 – Quantitative autonomic function testing of parasympathetic and sympathetic functions (45 months of data),quarter,2021-Q3,1537,266799594.0,0.5760878331771375,0.5476439768563512,0.6056258483027198
HCPCS 95943 – Quantitative autonomic function testing of parasympathetic and sympathetic functions (45 months of data),7,HCPCS 95943 – Quantitative autonomic function testing of parasympathetic and sympathetic functions (45 months of data),quarter,2021-Q4,1499,272358419.0,0.5503776991744103,0.5228653412599554,0.5789619988943653
HCPCS 95943 – Quantitative autonomic function testing of parasympathetic and sympathetic functions (45 months of data),7,HCPCS 95943 – Quantitative autonomic function testing of parasympathetic and sympathetic functions (45 months of data),quarter,2022-Q1,13,277314434.0,0.004687819459119823,0.0024960664294177357,0.00801631404377562
HCPCS 95943 – Quantitative autonomic function testing of parasympathetic and sympathetic functions (45 months of data),7,HCPCS 95943 – Quantitative autonomic function testing of parasympathetic and sympathetic functions (45 months of data),quarter,2022-Q2,0,282016994.5,0.0,0.0,0.0013080344539711545
HCPCS 95943 – Quantitative autonomic function testing of parasympathetic and sympathetic functions (45 months of data),7,HCPCS 95943 – Quantitative autonomic function testing of parasympathetic and sympathetic functions (45 months of data),quarter,2022-Q3,0,287178648.0,0.0,0.0,0.0012845242777638315
HCPCS 95943 – Quantitative autonomic function testing of parasympathetic and sympathetic functions (45 months of data),7,HCPCS 95943 – Quantitative autonomic function testing of parasympathetic and sympathetic functions (45 months of data),quarter,2022-Q4,0,292152539.0,0.0,0.0,0.001262655278212022
HCPCS 95943 – Quantitative autonomic function testing of parasympathetic and sympathetic functions (45 months of data),7,HCPCS 95943 – Quantitative autonomic function testing of parasympathetic and sympathetic functions (45 months of data),quarter,2023-Q1,0,297686543.0,0.0,0.0,0.001239182469230373
HCPCS 95943 – Quantitative autonomic function testing of parasympathetic and sympathetic functions (45 months of data),7,HCPCS 95943 – Quantitative autonomic function testing of parasympathetic and sympathetic functions (45 months of data),quarter,2023-Q2,0,298365151.0,0.0,0.0,0.001236364046454586
HCPCS 95943 – Quantitative autonomic function testing of parasympathetic and sympathetic functions (45 months of data),7,HCPCS 95943 – Quantitative autonomic function testing of parasympathetic and sympathetic functions (45 months of data),quarter,2023-Q3,0,289816874.0,0.0,0.0,0.001272831151340738
HCPCS 95943 – Quantitative autonomic function testing of parasympathetic and sympathetic functions (45 months of data),7,HCPCS 95943 – Quantitative autonomic function testing of parasympathetic and sympathetic functions (45 months of data),quarter,2023-Q4,0,276383178.0,0.0,0.0,0.0013346975314517645
HCPCS 95943 – Quantitative autonomic function testing of parasympathetic and sympathetic functions (45 months of data),7,HCPCS 95943 – Quantitative autonomic function testing of parasympathetic and sympathetic functions (45 months of data),quarter,2024-Q1,0,267644460.0,0.0,0.0,0.001378276036094278
HCPCS 95943 – Quantitative autonomic function testing of parasympathetic and sympathetic functions (45 months of data),7,HCPCS 95943 – Quantitative autonomic function testing of parasympathetic and sympathetic functions (45 months of data),quarter,2024-Q2,0,258952546.0,0.0,0.0,0.001424538785617476
Custom Aggregate ECG 2,11,Custom Aggregate ECG 2,quarter,2018-Q1,4845803,230550049.0,2101.8442724338784,2099.9732870645253,2103.716513387884
Custom Aggregate ECG 2,11,Custom Aggregate ECG 2,quarter,2018-Q2,4744908,228935769.0,2072.59355789003,2070.72910261366,2074.459277606532
Custom Aggregate ECG 2,11,Custom Aggregate ECG 2,quarter,2018-Q3,4744930,227904788.0,2081.9790762798716,2080.106182357986,2083.8532403618815
Custom Aggregate ECG 2,11,Custom Aggregate ECG 2,quarter,2018-Q4,4510397,226095567.0,1994.9073128001667,1993.0666908879602,1996.7492150414494
Custom Aggregate ECG 2,11,Custom Aggregate ECG 2,quarter,2019-Q1,5128345,225406912.0,2275.1498410128615,2273.181153506552,2277.1198127471343
Custom Aggregate ECG 2,11,Custom Aggregate ECG 2,quarter,2019-Q2,5152762,224099443.0,2299.319414194171,2297.3345313313307,2301.3055887771206
Custom Aggregate ECG 2,11,Custom Aggregate ECG 2,quarter,2019-Q3,5251103,225151016.0,2332.258185323934,2330.2638056233554,2334.253850709809
Custom Aggregate ECG 2,11,Custom Aggregate ECG 2,quarter,2019-Q4,5092802,223888589.0,2274.7036920224637,2272.728535527314,2276.680141455372
Custom Aggregate ECG 2,11,Custom Aggregate ECG 2,quarter,2020-Q1,3683836,149176444.0,2469.448862851296,2466.9277713203305,2471.971894914124
Custom Aggregate ECG 2,11,Custom Aggregate ECG 2,quarter,2020-Q2,1558922,78055480.0,1997.1973780700598,1994.0634520703843,2000.3350130862934
Custom Aggregate ECG 2,11,Custom Aggregate ECG 2,quarter,2020-Q3,5097751,240451013.0,2120.078820379101,2118.2388204002546,2121.9200242372153
Custom Aggregate ECG 2,11,Custom Aggregate ECG 2,quarter,2020-Q4,5231344,252197294.0,2074.3061580985877,2072.529014457377,2076.08444954526
Custom Aggregate ECG 2,11,Custom Aggregate ECG 2,quarter,2021-Q1,5658102,256211709.0,2208.3697978065475,2206.5505315800033,2210.190193847905
Custom Aggregate ECG 2,11,Custom Aggregate ECG 2,quarter,2021-Q2,6222456,261559386.0,2378.9840216248253,2377.1151711726975,2380.853978784979
Custom Aggregate ECG 2,11,Custom Aggregate ECG 2,quarter,2021-Q3,6252902,266799594.0,2343.6699832459267,2341.8333611966705,2345.50769026601
Custom Aggregate ECG 2,11,Custom Aggregate ECG 2,quarter,2021-Q4,5889393,272358419.0,2162.3686249992516,2160.622577482895,2164.1157353465946
Custom Aggregate ECG 2,11,Custom Aggregate ECG 2,quarter,2022-Q1,6004026,277314434.0,2165.060762758566,2163.3293076663263,2166.7932616860503
Custom Aggregate ECG 2,11,Custom Aggregate ECG 2,quarter,2022-Q2,6268764,282016994.5,2222.832000289259,2221.0922779760995,2224.5727490289532
Custom Aggregate ECG 2,11,Custom Aggregate ECG 2,quarter,2022-Q3,6288370,287178648.0,2189.7066664928375,2187.9955432865295,2191.418797676819
Custom Aggregate ECG 2,11,Custom Aggregate ECG 2,quarter,2022-Q4,6128246,292152539.0,2097.6186005352497,2095.9581661142483,2099.2800257748613
Custom Aggregate ECG 2,11,Custom Aggregate ECG 2,quarter,2023-Q1,6573858,297686543.0,2208.315476323026,2206.627691104609,2210.0042339361125
Custom Aggregate ECG 2,11,Custom Aggregate ECG 2,quarter,2023-Q2,6492045,298365151.0,2175.872409442348,2174.1989762746657,2177.54681279387
Custom Aggregate ECG 2,11,Custom Aggregate ECG 2,quarter,2023-Q3,6285229,289816874.0,2168.689805135363,2166.9946820111973,2170.3859270615344
Custom Aggregate ECG 2,11,Custom Aggregate ECG 2,quarter,2023-Q4,5869330,276383178.0,2123.620562753642,2121.902875452399,2125.339297408918
Custom Aggregate ECG 2,11,Custom Aggregate ECG 2,quarter,2024-Q1,5986839,267644460.0,2236.8626647456103,2235.071222411,2238.655188629368
Custom Aggregate ECG 2,11,Custom Aggregate ECG 2,quarter,2024-Q2,5642070,258952546.0,2178.8046061535924,2177.0071480813117,2180.6031820825892
Custom Aggregate EEG 1,14,Custom Aggregate EEG 1,quarter,2018-Q1,32386,230550049.0,14.047275262127574,13.894697033103474,14.20111124285518
Custom Aggregate EEG 1,14,Custom Aggregate EEG 1,quarter,2018-Q2,33440,228935769.0,14.606717048221503,14.450575950716333,14.76412472840576
Custom Aggregate EEG 1,14,Custom Aggregate EEG 1,quarter,2018-Q3,30620,227904788.0,13.435435151981098,13.285364779946217,13.586777942108858
Custom Aggregate EEG 1,14,Custom Aggregate EEG 1,quarter,2018-Q4,29975,226095567.0,13.257668161180709,13.108003086753335,13.408615862079792
Custom Aggregate EEG 1,14,Custom Aggregate EEG 1,quarter,2019-Q1,36371,225406912.0,16.135707497736362,15.970299857229948,16.302401452240765
Custom Aggregate EEG 1,14,Custom Aggregate EEG 1,quarter,2019-Q2,36950,224099443.0,16.488215903330023,16.320520826146627,16.657204781275645
Custom Aggregate EEG 1,14,Custom Aggregate EEG 1,quarter,2019-Q3,35783,225151016.0,15.892888531313579,15.728640341030271,16.058424516206113
Custom Aggregate EEG 1,14,Custom Aggregate EEG 1,quarter,2019-Q4,36885,223888589.0,16.474711893423027,16.307006960130156,16.643711847957555
Custom Aggregate EEG 1,14,Custom Aggregate EEG 1,quarter,2020-Q1,26067,149176444.0,17.473938445670417,17.262448340997196,17.687372805290767
Custom Aggregate EEG 1,14,Custom Aggregate EEG 1,quarter,2020-Q2,10857,78055480.0,13.909337307258888,13.648915577707609,14.173479080924974
Custom Aggregate EEG 1,14,Custom Aggregate EEG 1,quarter,2020-Q3,33746,240451013.0,14.03445948468514,13.885115572087345,14.185009312968251
Custom Aggregate EEG 1,14,Custom Aggregate EEG 1,quarter,2020-Q4,36075,252197294.0,14.30427719022235,14.157044788391667,14.452659271981263
Custom Aggregate EEG 1,14,Custom Aggregate EEG 1,quarter,2021-Q1,41974,256211709.0,16.38254557679095,16.2261902121892,16.54003246107684
Custom Aggregate EEG 1,14,Custom Aggregate EEG 1,quarter,2021-Q2,48047,261559386.0,18.369442112086926,18.205552433382746,18.5344400568228
Custom Aggregate EEG 1,14,Custom Aggregate EEG 1,quarter,2021-Q3,42986,266799594.0,16.1117186707563,15.95976467881957,16.264759257058877
Custom Aggregate EEG 1,14,Custom Aggregate EEG 1,quarter,2021-Q4,42713,272358419.0,15.682643538917002,15.53426545745951,15.832086042920311
Custom Aggregate EEG 1,14,Custom Aggregate EEG 1,quarter,2022-Q1,47103,277314434.0,16.985412306378542,16.832363128719457,17.139506802273125
Custom Aggregate EEG 1,14,Custom Aggregate EEG 1,quarter,2022-Q2,50562,282016994.5,17.928706775151454,17.772769541446223,18.08567184101483
Custom Aggregate EEG 1,14,Custom Aggregate EEG 1,quarter,2022-Q3,46862,287178648.0,16.31806554086152,16.170652820300038,16.46648767836584
Custom Aggregate EEG 1,14,Custom Aggregate EEG 1,quarter,2022-Q4,45590,292152539.0,15.60486181501233,15.461943349570637,15.748772533533872
Custom Aggregate EEG 1,14,Custom Aggregate EEG 1,quarter,2023-Q1,58088,297686543.0,19.51314272207461,19.354777512275152,19.672481563253402
Custom Aggregate EEG 1,14,Custom Aggregate EEG 1,quarter,2023-Q2,58061,298365151.0,19.459712304001616,19.3017440828594,19.61865194239186
Custom Aggregate EEG 1,14,Custom Aggregate EEG 1,quarter,2023-Q3,52008,289816874.0,17.945124892900473,17.79122528700719,18.100024647744036
Custom Aggregate EEG 1,14,Custom Aggregate EEG 1,quarter,2023-Q4,47672,276383178.0,17.24851720172347,17.094025526679324,17.404057707371564
Custom Aggregate EEG 1,14,Custom Aggregate EEG 1,quarter,2024-Q1,52044,267644460.0,19.44519979976421,19.27849293099915,19.612989672055058
Custom Aggregate EEG 1,14,Custom Aggregate EEG 1,quarter,2024-Q2,50499,258952546.0,19.501256419390447,19.331536192776227,19.672096026416245
Custom Aggregate 93041 and 93042,17,Custom Aggregate 93041 and 93042,quarter,2018-Q1,71948,230550049.0,31.20710679180988,30.979487762442826,31.43598279660963
Custom Aggregate 93041 and 93042,17,Custom Aggregate 93041 and 93042,quarter,2018-Q2,68522,228935769.0,29.93066583666967,29.706975922731857,30.155621628637018
Custom Aggregate 93041 and 93042,17,Custom Aggregate 93041 and 93042,quarter,2018-Q3,63565,227904788.0,27.891033162497667,27.674626892392876,28.108711099908934
Custom Aggregate 93041 and 93042,17,Custom Aggregate 93041 and 93042,quarter,2018-Q4,61493,226095567.0,27.19779110043321,26.983244764815804,27.41361930795431
Custom Aggregate 93041 and 93042,17,Custom Aggregate 93041 and 93042,quarter,2019-Q1,68374,225406912.0,30.333586221171426,30.106640272756657,30.561817867358744
Custom Aggregate 93041 and 93042,17,Custom Aggregate 93041 and 93042,quarter,2019-Q2,69718,224099443.0,31.110295976951626,30.879789224906016,31.342095911767675
Custom Aggregate 93041 and 93042,17,Custom Aggregate 93041 and 93042,quarter,2019-Q3,73798,225151016.0,32.77711169644467,32.54105153036219,33.01445895929042
Custom Aggregate 93041 and 93042,17,Custom Aggregate 93041 and 93042,quarter,2019-Q4,68790,223888589.0,30.72510318960472,30.495922879248063,30.95557791175902
Custom Aggregate 93041 and 93042,17,Custom Aggregate 93041 and 93042,quarter,2020-Q1,49316,149176444.0,33.05883869976147,32.76770338190705,33.35191716354923
Custom Aggregate 93041 and 93042,17,Custom Aggregate 93041 and 93042,quarter,2020-Q2,23074,78055480.0,29.561025055511795,29.18081758861575,29.94494879110833
Custom Aggregate 93041 and 93042,17,Custom Aggregate 93041 and 93042,quarter,2020-Q3,74982,240451013.0,31.183898568146184,30.961089755010008,31.40791256766853
Custom Aggregate 93041 and 93042,17,Custom Aggregate 93041 and 93042,quarter,2020-Q4,71857,252197294.0,28.49237549709792,28.284425918570065,28.701474160035165
Custom Aggregate 93041 and 93042,17,Custom Aggregate 93041 and 93042,quarter,2021-Q1,74978,256211709.0,29.264080198614188,29.054982911510685,29.47430853588738
Custom Aggregate 93041 and 93042,17,Custom Aggregate 93041 and 93042,quarter,2021-Q2,84718,261559386.0,32.389585132303374,32.171842471952225,32.60843563711421
Custom Aggregate 93041 and 93042,17,Custom Aggregate 93041 and 93042,quarter,2021-Q3,82764,266799594.0,31.021036711172805,30.810050986700453,31.2331085357393
Custom Aggregate 93041 and 93042,17,Custom Aggregate 93041 and 93042,quarter,2021-Q4,74682,272358419.0,27.420485209968856,27.224173552867246,27.617860865774176
Custom Aggregate 93041 and 93042,17,Custom Aggregate 93041 and 93042,quarter,2022-Q1,69099,277314434.0,24.917202831209284,24.731759247674415,25.103691449404995
Custom Aggregate 93041 and 93042,17,Custom Aggregate 93041 and 93042,quarter,2022-Q2,71301,282016994.5,25.282518922809103,25.097279508036053,25.468785926009122
Custom Aggregate 93041 and 93042,17,Custom Aggregate 93041 and 93042,quarter,2022-Q3,75321,287178648.0,26.227924856028988,26.04094789780518,26.415910898611866
Custom Aggregate 93041 and 93042,17,Custom Aggregate 93041 and 93042,quarter,2022-Q4,70545,292152539.0,24.146632523361365,23.968771777150288,24.325485214944397
Custom Aggregate 93041 and 93042,17,Custom Aggregate 93041 and 93042,quarter,2023-Q1,60837,297686543.0,20.436597296909053,20.274520653454093,20.599647540562714
Custom Aggregate 93041 and 93042,17,Custom Aggregate 93041 and 93042,quarter,2023-Q2,68519,298365151.0,22.964813340415887,22.793179692302964,23.137418297568644
Custom Aggregate 93041 and 93042,17,Custom Aggregate 93041 and 93042,quarter,2023-Q3,64580,289816874.0,22.283036563288583,22.111504146960293,22.45556897661717
Custom Aggregate 93041 and 93042,17,Custom Aggregate 93041 and 93042,quarter,2023-Q4,58083,276383178.0,21.015389004608668,20.84482450391859,21.187002183366086
Custom Aggregate 93041 and 93042,17,Custom Aggregate 93041 and 93042,quarter,2024-Q1,55586,267644460.0,20.76859726519279,20.596299052016914,20.94197842997947
Custom Aggregate 93041 and 93042,17,Custom Aggregate 93041 and 93042,quarter,2024-Q2,54445,258952546.0,21.0250877394347,20.84884719598464,21.20244760119714
Custom Aggregate 93241-93248 and 0295T-0298T,21,Custom Aggregate 93241-93248 and 0295T-0298T,quarter,2018-Q1,3014,230550049.0,1.3073083319969279,1.261048709717024,1.354831068331479
Custom Aggregate 93241-93248 and 0295T-0298T,21,Custom Aggregate 93241-93248 and 0295T-0298T,quarter,2018-Q2,4015,228935769.0,1.7537670140134372,1.6999347260606952,1.808870286072833
Custom Aggregate 93241-93248 and 0295T-0298T,21,Custom Aggregate 93241-93248 and 0295T-0298T,quarter,2018-Q3,4024,227904788.0,1.7656496097835384,1.7115127565393096,1.8210631891715567
Custom Aggregate 93241-93248 and 0295T-0298T,21,Custom Aggregate 93241-93248 and 0295T-0298T,quarter,2018-Q4,4735,226095567.0,2.094247164076419,2.035016412620492,2.154764326515654
Custom Aggregate 93241-93248 and 0295T-0298T,21,Custom Aggregate 93241-93248 and 0295T-0298T,quarter,2019-Q1,6028,225406912.0,2.6742746912747735,2.607185962847917,2.742653045213499
Custom Aggregate 93241-93248 and 0295T-0298T,21,Custom Aggregate 93241-93248 and 0295T-0298T,quarter,2019-Q2,8061,224099443.0,3.597063826704826,3.5189634417790603,3.676460602073807
Custom Aggregate 93241-93248 and 0295T-0298T,21,Custom Aggregate 93241-93248 and 0295T-0298T,quarter,2019-Q3,8738,225151016.0,3.8809507304199773,3.7999992423806606,3.963192363087587
Custom Aggregate 93241-93248 and 0295T-0298T,21,Custom Aggregate 93241-93248 and 0295T-0298T,quarter,2019-Q4,9395,223888589.0,4.196283536361919,4.111854895217162,4.282009430597527
Custom Aggregate 93241-93248 and 0295T-0298T,21,Custom Aggregate 93241-93248 and 0295T-0298T,quarter,2020-Q1,7944,149176444.0,5.325237542195335,5.20877090276613,5.443651730121817
Custom Aggregate 93241-93248 and 0295T-0298T,21,Custom Aggregate 93241-93248 and 0295T-0298T,quarter,2020-Q2,4061,78055480.0,5.202709662409353,5.043911352436056,5.365235641203125
Custom Aggregate 93241-93248 and 0295T-0298T,21,Custom Aggregate 93241-93248 and 0295T-0298T,quarter,2020-Q3,14901,240451013.0,6.197104272544696,6.097997364252485,6.297418214516055
Custom Aggregate 93241-93248 and 0295T-0298T,21,Custom Aggregate 93241-93248 and 0295T-0298T,quarter,2020-Q4,17196,252197294.0,6.818471256079377,6.716936258821717,6.921156848970025
Custom Aggregate 93241-93248 and 0295T-0298T,21,Custom Aggregate 93241-93248 and 0295T-0298T,quarter,2021-Q1,21879,256211709.0,8.539422372769076,8.426640340404049,8.653336642571446
Custom Aggregate 93241-93248 and 0295T-0298T,21,Custom Aggregate 93241-93248 and 0295T-0298T,quarter,2021-Q2,24412,261559386.0,9.333253290325432,9.216536704285996,9.4510788300345
Custom Aggregate 93241-93248 and 0295T-0298T,21,Custom Aggregate 93241-93248 and 0295T-0298T,quarter,2021-Q3,25867,266799594.0,9.695292115024733,9.577496912894636,9.814174422921461
Custom Aggregate 93241-93248 and 0295T-0298T,21,Custom Aggregate 93241-93248 and 0295T-0298T,quarter,2021-Q4,27262,272358419.0,10.009604292790376,9.891133365532744,10.129140080136752
Custom Aggregate 93241-93248 and 0295T-0298T,21,Custom Aggregate 93241-93248 and 0295T-0298T,quarter,2022-Q1,33098,277314434.0,11.935188342919071,11.806949318699143,12.064472999105622
Custom Aggregate 93241-93248 and 0295T-0298T,21,Custom Aggregate 93241-93248 and 0295T-0298T,quarter,2022-Q2,38097,282016994.5,13.508760373658971,13.373447034165485,13.64510177994917
Custom Aggregate 93241-93248 and 0295T-0298T,21,Custom Aggregate 93241-93248 and 0295T-0298T,quarter,2022-Q3,37496,287178648.0,13.056681010630012,12.924854666970296,13.189516956891302
Custom Aggregate 93241-93248 and 0295T-0298T,21,Custom Aggregate 93241-93248 and 0295T-0298T,quarter,2022-Q4,41452,292152539.0,14.18847843728649,14.052215356384114,14.325733847713938
Custom Aggregate 93241-93248 and 0295T-0298T,21,Custom Aggregate 93241-93248 and 0295T-0298T,quarter,2023-Q1,53255,297686543.0,17.889622911170694,17.738002395575464,18.04221711870613
Custom Aggregate 93241-93248 and 0295T-0298T,21,Custom Aggregate 93241-93248 and 0295T-0298T,quarter,2023-Q2,55804,298365151.0,18.703256668202513,18.548395462636115,18.859089318277064
Custom Aggregate 93241-93248 and 0295T-0298T,21,Custom Aggregate 93241-93248 and 0295T-0298T,quarter,2023-Q3,52664,289816874.0,18.171474722344843,18.016605498022333,18.327344086365407
Custom Aggregate 93241-93248 and 0295T-0298T,21,Custom Aggregate 93241-93248 and 0295T-0298T,quarter,2023-Q4,53616,276383178.0,19.399154604119936,19.235293583940326,19.564064362357424
Custom Aggregate 93241-93248 and 0295T-0298T,21,Custom Aggregate 93241-93248 and 0295T-0298T,quarter,2024-Q1,57743,267644460.0,21.57451717849867,21.39890097747939,21.751216301880472
Custom Aggregate 93241-93248 and 0295T-0298T,21,Custom Aggregate 93241-93248 and 0295T-0298T,quarter,2024-Q2,61950,258952546.0,23.92330214818587,23.73528220536547,24.11244130802372
"Custom Aggregate 93241-93248, 0295T-0298T, and 93224-93227",24,"Custom Aggregate 93241-93248, 0295T-0298T, and 93224-93227",quarter,2018-Q1,39955,230550049.0,17.33029343229504,17.16077526082612,17.501069120356487
"Custom Aggregate 93241-93248, 0295T-0298T, and 93224-93227",24,"Custom Aggregate 93241-93248, 0295T-0298T, and 93224-93227",quarter,2018-Q2,43690,228935769.0,19.083955377894664,18.905422028350735,19.263755017623122
"Custom Aggregate 93241-93248, 0295T-0298T, and 93224-93227",24,"Custom Aggregate 93241-93248, 0295T-0298T, and 93224-93227",quarter,2018-Q3,40516,227904788.0,17.777599301687335,17.604910940656158,17.95155976021715
"Custom Aggregate 93241-93248, 0295T-0298T, and 93224-93227",24,"Custom Aggregate 93241-93248, 0295T-0298T, and 93224-93227",quarter,2018-Q4,38271,226095567.0,16.926913034079963,16.75774596734366,17.09736243983327
"Custom Aggregate 93241-93248, 0295T-0298T, and 93224-93227",24,"Custom Aggregate 93241-93248, 0295T-0298T, and 93224-93227",quarter,2019-Q1,46678,225406912.0,20.708326814751803,20.52088621201297,20.897053464491375
"Custom Aggregate 93241-93248, 0295T-0298T, and 93224-93227",24,"Custom Aggregate 93241-93248, 0295T-0298T, and 93224-93227",quarter,2019-Q2,51313,224099443.0,22.897424158256385,22.69973047607951,23.09641129719147
"Custom Aggregate 93241-93248, 0295T-0298T, and 93224-93227",24,"Custom Aggregate 93241-93248, 0295T-0298T, and 93224-93227",quarter,2019-Q3,49422,225151016.0,21.950600480523704,21.757497718047286,22.14499069500794
"Custom Aggregate 93241-93248, 0295T-0298T, and 93224-93227",24,"Custom Aggregate 93241-93248, 0295T-0298T, and 93224-93227",quarter,2019-Q4,48816,223888589.0,21.803701661633145,21.610706904382226,21.997991142537288
"Custom Aggregate 93241-93248, 0295T-0298T, and 93224-93227",24,"Custom Aggregate 93241-93248, 0295T-0298T, and 93224-93227",quarter,2020-Q1,36618,149176444.0,24.546770936569583,24.29598916323649,24.799496329987296
"Custom Aggregate 93241-93248, 0295T-0298T, and 93224-93227",24,"Custom Aggregate 93241-93248, 0295T-0298T, and 93224-93227",quarter,2020-Q2,16842,78055480.0,21.576960387662723,21.252307659195807,21.90533079106149
"Custom Aggregate 93241-93248, 0295T-0298T, and 93224-93227",24,"Custom Aggregate 93241-93248, 0295T-0298T, and 93224-93227",quarter,2020-Q3,55549,240451013.0,23.102002901522397,22.9102828511643,23.294928378855865
"Custom Aggregate 93241-93248, 0295T-0298T, and 93224-93227",24,"Custom Aggregate 93241-93248, 0295T-0298T, and 93224-93227",quarter,2020-Q4,62622,252197294.0,24.830559839393043,24.63645737801998,25.025811488276066
"Custom Aggregate 93241-93248, 0295T-0298T, and 93224-93227",24,"Custom Aggregate 93241-93248, 0295T-0298T, and 93224-93227",quarter,2021-Q1,72183,256211709.0,28.17318548076193,27.968029495249926,28.37947254320304
"Custom Aggregate 93241-93248, 0295T-0298T, and 93224-93227",24,"Custom Aggregate 93241-93248, 0295T-0298T, and 93224-93227",quarter,2021-Q2,75937,261559386.0,29.03241254741285,28.82628230003572,29.239650711567947
"Custom Aggregate 93241-93248, 0295T-0298T, and 93224-93227",24,"Custom Aggregate 93241-93248, 0295T-0298T, and 93224-93227",quarter,2021-Q3,71380,266799594.0,26.754163651388467,26.55825012871646,26.95116337210328
"Custom Aggregate 93241-93248, 0295T-0298T, and 93224-93227",24,"Custom Aggregate 93241-93248, 0295T-0298T, and 93224-93227",quarter,2021-Q4,69660,272358419.0,25.576591410600017,25.387007024280784,25.767239842209023
"Custom Aggregate 93241-93248, 0295T-0298T, and 93224-93227",24,"Custom Aggregate 93241-93248, 0295T-0298T, and 93224-93227",quarter,2022-Q1,77472,277314434.0,27.93651916437931,27.740141165202274,28.13394212357106
"Custom Aggregate 93241-93248, 0295T-0298T, and 93224-93227",24,"Custom Aggregate 93241-93248, 0295T-0298T, and 93224-93227",quarter,2022-Q2,81359,282016994.5,28.848970660170625,28.651073879095904,29.047894946664005
"Custom Aggregate 93241-93248, 0295T-0298T, and 93224-93227",24,"Custom Aggregate 93241-93248, 0295T-0298T, and 93224-93227",quarter,2022-Q3,78020,287178648.0,27.167757959498438,26.977454620196497,27.359070361485326
"Custom Aggregate 93241-93248, 0295T-0298T, and 93224-93227",24,"Custom Aggregate 93241-93248, 0295T-0298T, and 93224-93227",quarter,2022-Q4,80136,292152539.0,27.429506611270625,27.239919083024873,27.62008600698467
"Custom Aggregate 93241-93248, 0295T-0298T, and 93224-93227",24,"Custom Aggregate 93241-93248, 0295T-0298T, and 93224-93227",quarter,2023-Q1,102502,297686543.0,34.43286316103311,34.22238905936164,34.64431055677335
"Custom Aggregate 93241-93248, 0295T-0298T, and 93224-93227",24,"Custom Aggregate 93241-93248, 0295T-0298T, and 93224-93227",quarter,2023-Q2,102273,298365151.0,34.27779673907024,34.06803640615324,34.48852815352232
"Custom Aggregate 93241-93248, 0295T-0298T, and 93224-93227",24,"Custom Aggregate 93241-93248, 0295T-0298T, and 93224-93227",quarter,2023-Q3,93239,289816874.0,32.171694737139426,31.965520234392667,32.378869013895354
"Custom Aggregate 93241-93248, 0295T-0298T, and 93224-93227",24,"Custom Aggregate 93241-93248, 0295T-0298T, and 93224-93227",quarter,2023-Q4,90561,276383178.0,32.766465982238614,32.553402656369606,32.98057769349226
"Custom Aggregate 93241-93248, 0295T-0298T, and 93224-93227",24,"Custom Aggregate 93241-93248, 0295T-0298T, and 93224-93227",quarter,2024-Q1,95032,267644460.0,35.506806305648915,35.28141195361431,35.7332832444062
"Custom Aggregate 93241-93248, 0295T-0298T, and 93224-93227",24,"Custom Aggregate 93241-93248, 0295T-0298T, and 93224-93227",quarter,2024-Q2,97540,258952546.0,37.66713303525504,37.43111435542122,37.904270623682045
Custom Aggregate Holter monitor,27,Custom Aggregate Holter monitor,quarter,2018-Q1,36941,230550049.0,16.02298510029811,15.860001900135394,16.18722590198135
Custom Aggregate Holter monitor,27,Custom Aggregate Holter monitor,quarter,2018-Q2,39675,228935769.0,17.330188363881224,17.160075556514215,17.50156756241905
Custom Aggregate Holter monitor,27,Custom Aggregate Holter monitor,quarter,2018-Q3,36492,227904788.0,16.011949691903798,15.848082356089188,16.177089239756256
Custom Aggregate Holter monitor,27,Custom Aggregate Holter monitor,quarter,2018-Q4,33536,226095567.0,14.832665870003547,14.674335954423546,14.992278275625608
Custom Aggregate Holter monitor,27,Custom Aggregate Holter monitor,quarter,2019-Q1,40650,225406912.0,18.03405212347703,17.859160902988506,18.21022953482001
Custom Aggregate Holter monitor,27,Custom Aggregate Holter monitor,quarter,2019-Q2,43252,224099443.0,19.30036033155156,19.11889268318063,19.483121608670714
Custom Aggregate Holter monitor,27,Custom Aggregate Holter monitor,quarter,2019-Q3,40684,225151016.0,18.069649750103725,17.894486372252942,18.24610077973168
Custom Aggregate Holter monitor,27,Custom Aggregate Holter monitor,quarter,2019-Q4,39421,223888589.0,17.607418125271227,17.434029480537234,17.782101716827153
Custom Aggregate Holter monitor,27,Custom Aggregate Holter monitor,quarter,2020-Q1,28674,149176444.0,19.221533394374248,18.99968847983697,19.44532237480616
Custom Aggregate Holter monitor,27,Custom Aggregate Holter monitor,quarter,2020-Q2,12781,78055480.0,16.374250725253372,16.0915911271849,16.660629426002377
Custom Aggregate Holter monitor,27,Custom Aggregate Holter monitor,quarter,2020-Q3,40648,240451013.0,16.904898628977705,16.740953726750167,17.070049250062777
Custom Aggregate Holter monitor,27,Custom Aggregate Holter monitor,quarter,2020-Q4,45426,252197294.0,18.012088583313666,17.846826486240026,18.178500137935707
Custom Aggregate Holter monitor,27,Custom Aggregate Holter monitor,quarter,2021-Q1,50304,256211709.0,19.633763107992852,19.46255951664083,19.80609805767357
Custom Aggregate Holter monitor,27,Custom Aggregate Holter monitor,quarter,2021-Q2,51525,261559386.0,19.699159257087413,19.529428530404918,19.86999819117806
Custom Aggregate Holter monitor,27,Custom Aggregate Holter monitor,quarter,2021-Q3,45513,266799594.0,17.058871536363732,16.9025045932513,17.216325024023835
Custom Aggregate Holter monitor,27,Custom Aggregate Holter monitor,quarter,2021-Q4,42398,272358419.0,15.566987117809639,15.419158465418905,15.715880199192886
Custom Aggregate Holter monitor,27,Custom Aggregate Holter monitor,quarter,2022-Q1,44374,277314434.0,16.001330821460233,15.85279144459046,16.150915565822547
Custom Aggregate Holter monitor,27,Custom Aggregate Holter monitor,quarter,2022-Q2,43262,282016994.5,15.34021028651165,15.195993762123948,15.485454768196927
Custom Aggregate Holter monitor,27,Custom Aggregate Holter monitor,quarter,2022-Q3,40524,287178648.0,14.111076948868426,13.974018016083548,14.249145417232533
Custom Aggregate Holter monitor,27,Custom Aggregate Holter monitor,quarter,2022-Q4,38684,292152539.0,13.241028173984137,13.109404275287838,13.373644460050132
Custom Aggregate Holter monitor,27,Custom Aggregate Holter monitor,quarter,2023-Q1,49247,297686543.0,16.543240249862418,16.397449072086175,16.690005176422314
Custom Aggregate Holter monitor,27,Custom Aggregate Holter monitor,quarter,2023-Q2,46469,298365151.0,15.574540070867728,15.433251784386218,15.716799934960491
Custom Aggregate Holter monitor,27,Custom Aggregate Holter monitor,quarter,2023-Q3,40575,289816874.0,14.000220014794584,13.864323101109047,14.137117273122355
Custom Aggregate Holter monitor,27,Custom Aggregate Holter monitor,quarter,2023-Q4,36945,276383178.0,13.367311378118679,13.231348601709913,13.504323205582988
Custom Aggregate Holter monitor,27,Custom Aggregate Holter monitor,quarter,2024-Q1,37289,267644460.0,13.93228912715025,13.791233318272294,14.074428230301754
Custom Aggregate Holter monitor,27,Custom Aggregate Holter monitor,quarter,2024-Q2,35590,258952546.0,13.74383088706917,13.60140893928191,13.887372536785797
Custom Aggregate 93241-93244,33,Custom Aggregate 93241-93244,quarter,2021-Q1,9430,256211709.0,3.6805499782993913,3.606634686319921,3.755598857391959
Custom Aggregate 93241-93244,33,Custom Aggregate 93241-93244,quarter,2021-Q2,10545,261559386.0,4.0315892162248765,3.95500330950084,4.1092853243755565
Custom Aggregate 93241-93244,33,Custom Aggregate 93241-93244,quarter,2021-Q3,11544,266799594.0,4.326843166035702,4.2482689539419445,4.4065056162552025
Custom Aggregate 93241-93244,33,Custom Aggregate 93241-93244,quarter,2021-Q4,12359,272358419.0,4.537770503066402,4.458117177163782,4.618489744184258
Custom Aggregate 93241-93244,33,Custom Aggregate 93241-93244,quarter,2022-Q1,15972,277314434.0,5.7595271077739865,5.670547794009559,5.849552905653343
Custom Aggregate 93241-93244,33,Custom Aggregate 93241-93244,quarter,2022-Q2,18596,282016994.5,6.593928863389827,6.499492605836718,6.689393954275556
Custom Aggregate 93241-93244,33,Custom Aggregate 93241-93244,quarter,2022-Q3,19069,287178648.0,6.640117617657981,6.54620251921686,6.7350430263572445
Custom Aggregate 93241-93244,33,Custom Aggregate 93241-93244,quarter,2022-Q4,20540,292152539.0,7.030573846903997,6.934750810788412,7.1273899043463285
Custom Aggregate 93241-93244,33,Custom Aggregate 93241-93244,quarter,2023-Q1,27287,297686543.0,9.166353213353013,9.05791233826367,9.275768345914038
Custom Aggregate 93241-93244,33,Custom Aggregate 93241-93244,quarter,2023-Q2,28118,298365151.0,9.424022847762137,9.314188683595798,9.534829023976174
Custom Aggregate 93241-93244,33,Custom Aggregate 93241-93244,quarter,2023-Q3,26859,289816874.0,9.267576324765686,9.157070431927556,9.379082946218336
Custom Aggregate 93241-93244,33,Custom Aggregate 93241-93244,quarter,2023-Q4,26326,276383178.0,9.525181738810456,9.410463610520074,9.640949258215667
Custom Aggregate 93241-93244,33,Custom Aggregate 93241-93244,quarter,2024-Q1,28646,267644460.0,10.703005023903726,10.579416338006332,10.82767727087824
Custom Aggregate 93241-93244,33,Custom Aggregate 93241-93244,quarter,2024-Q2,30568,258952546.0,11.804479419947468,11.67251461577148,11.937564084327818
Custom Aggregate 93245-93248,39,Custom Aggregate 93245-93248,quarter,2021-Q1,12449,256211709.0,4.858872394469684,4.7738901491489045,4.944987717587042
Custom Aggregate 93245-93248,39,Custom Aggregate 93245-93248,quarter,2021-Q2,13867,261559386.0,5.3016640741005565,5.213786028966533,5.390651854958086
Custom Aggregate 93245-93248,39,Custom Aggregate 93245-93248,quarter,2021-Q3,14323,266799594.0,5.36844894898903,5.280886061441587,5.4570997260170415
Custom Aggregate 93245-93248,39,Custom Aggregate 93245-93248,quarter,2021-Q4,14903,272358419.0,5.471833789723974,5.3843315852818945,5.560401620916994
Custom Aggregate 93245-93248,39,Custom Aggregate 93245-93248,quarter,2022-Q1,17126,277314434.0,6.175661235145085,6.08351137679553,6.268857481969184
Custom Aggregate 93245-93248,39,Custom Aggregate 93245-93248,quarter,2022-Q2,19501,282016994.5,6.914831510269144,6.81811651870819,7.012575275454161
Custom Aggregate 93245-93248,39,Custom Aggregate 93245-93248,quarter,2022-Q3,18427,287178648.0,6.416563392972029,6.324248373590615,6.509888765203211
Custom Aggregate 93245-93248,39,Custom Aggregate 93245-93248,quarter,2022-Q4,20912,292152539.0,7.157904590382492,7.061214792344902,7.255587388876925
Custom Aggregate 93245-93248,39,Custom Aggregate 93245-93248,quarter,2023-Q1,25968,297686543.0,8.72326969781768,8.617489996442854,8.83002370656368
Custom Aggregate 93245-93248,39,Custom Aggregate 93245-93248,quarter,2023-Q2,27686,298365151.0,9.279233820440378,9.170249111888849,9.389190556236542
Custom Aggregate 93245-93248,39,Custom Aggregate 93245-93248,quarter,2023-Q3,25805,289816874.0,8.903898397579155,8.795588929361227,9.01320863605396
Custom Aggregate 93245-93248,39,Custom Aggregate 93245-93248,quarter,2023-Q4,27290,276383178.0,9.87397286530948,9.757167026489313,9.991828056366932
Custom Aggregate 93245-93248,39,Custom Aggregate 93245-93248,quarter,2024-Q1,29097,267644460.0,10.871512154594942,10.746951602828654,10.99715625063482
Custom Aggregate 93245-93248,39,Custom Aggregate 93245-93248,quarter,2024-Q2,31382,258952546.0,12.118822728238401,11.985107564565286,12.253657723904201
Aggregate Psychological Testing,50,Aggregate Psychological Testing,quarter,2019-Q1,182716,225406912.0,81.06051335284695,80.68925376337245,81.4330579950802
Aggregate Psychological Testing,50,Aggregate Psychological Testing,quarter,2019-Q2,182106,224099443.0,81.26124615133469,80.88844508399507,81.63533977055947
Aggregate Psychological Testing,50,Aggregate Psychological Testing,quarter,2019-Q3,141967,225151016.0,63.05412363762107,62.726549016800654,63.3829849085637
Aggregate Psychological Testing,50,Aggregate Psychological Testing,quarter,2019-Q4,175416,223888589.0,78.34968310957554,77.98345714628736,78.71720286141294
Aggregate Psychological Testing,50,Aggregate Psychological Testing,quarter,2020-Q1,133110,149176444.0,89.22990549365824,88.75119023316567,89.71056274366201
Aggregate Psychological Testing,50,Aggregate Psychological Testing,quarter,2020-Q2,38947,78055480.0,49.89656075396628,49.402231902131184,50.394603974183646
Aggregate Psychological Testing,50,Aggregate Psychological Testing,quarter,2020-Q3,129922,240451013.0,54.03262742752512,53.73921406577394,54.32724561831378
Aggregate Psychological Testing,50,Aggregate Psychological Testing,quarter,2020-Q4,176721,252197294.0,70.07252028643892,69.74619404215325,70.39999509034314
Aggregate Psychological Testing,50,Aggregate Psychological Testing,quarter,2021-Q1,206543,256211709.0,80.61419238259715,80.26690250044328,80.96261276013273
Aggregate Psychological Testing,50,Aggregate Psychological Testing,quarter,2021-Q2,210045,261559386.0,80.3048987123712,79.96183435329148,80.6490704465452
Aggregate Psychological Testing,50,Aggregate Psychological Testing,quarter,2021-Q3,191569,266799594.0,71.8025830279187,71.48140518774414,72.12484653098026
Aggregate Psychological Testing,50,Aggregate Psychological Testing,quarter,2021-Q4,220210,272358419.0,80.85301743508799,80.51566941594872,81.19142890348768
Aggregate Psychological Testing,50,Aggregate Psychological Testing,quarter,2022-Q1,239490,277314434.0,86.3604524818928,86.01491904494935,86.70703033177116
Aggregate Psychological Testing,50,Aggregate Psychological Testing,quarter,2022-Q2,232481,282016994.5,82.43510303773556,82.10034509707639,82.77088798663206
Aggregate Psychological Testing,50,Aggregate Psychological Testing,quarter,2022-Q3,219817,287178648.0,76.5436433143177,76.2239904931623,76.86430470469566
Aggregate Psychological Testing,50,Aggregate Psychological Testing,quarter,2022-Q4,242238,292152539.0,82.91490494285932,82.5850425708324,83.24575867934422
Aggregate Psychological Testing,50,Aggregate Psychological Testing,quarter,2023-Q1,296963,297686543.0,99.75694467317591,99.39847317408093,100.11638904249585
Aggregate Psychological Testing,50,Aggregate Psychological Testing,quarter,2023-Q2,284601,298365151.0,95.38681010370411,95.0366840006648,95.73790687719601
Aggregate Psychological Testing,50,Aggregate Psychological Testing,quarter,2023-Q3,270096,289816874.0,93.1954017280581,92.84426250670089,93.54754026701065
Aggregate Psychological Testing,50,Aggregate Psychological Testing,quarter,2023-Q4,283750,276383178.0,102.66543790881514,102.28803076735217,103.04389292342786
Aggregate Psychological Testing,50,Aggregate Psychological Testing,quarter,2024-Q1,314868,267644460.0,117.64413132257623,117.23356833431386,118.0557763627098
Aggregate Psychological Testing,50,Aggregate Psychological Testing,quarter,2024-Q2,298104,258952546.0,115.11916163975465,114.70627852810915,115.53316314175474
Aggregate Skin Biopsy,55,Aggregate Skin Biopsy,quarter,2018-Q1,34745,230550049.0,15.070480423103271,14.912428223557558,15.229790292885724
Aggregate Skin Biopsy,55,Aggregate Skin Biopsy,quarter,2018-Q2,38904,228935769.0,16.993412680741905,16.824964921392805,17.16312685242229
Aggregate Skin Biopsy,55,Aggregate Skin Biopsy,quarter,2018-Q3,38302,227904788.0,16.80614099252711,16.638248733004477,16.97530541033658
Aggregate Skin Biopsy,55,Aggregate Skin Biopsy,quarter,2018-Q4,34046,226095567.0,15.058234202353908,14.898701745707466,15.219049131275314
Aggregate Skin Biopsy,55,Aggregate Skin Biopsy,quarter,2019-Q1,29452,225406912.0,13.066147678736666,12.917344463375107,13.216237461365475
Aggregate Skin Biopsy,55,Aggregate Skin Biopsy,quarter,2019-Q2,33208,224099443.0,14.818421480860172,14.659466438902523,14.978670448146696
Aggregate Skin Biopsy,55,Aggregate Skin Biopsy,quarter,2019-Q3,36626,225151016.0,16.26730389704304,16.10112729891968,16.434768263181002
Aggregate Skin Biopsy,55,Aggregate Skin Biopsy,quarter,2019-Q4,31576,223888589.0,14.103443208532616,13.948307849058187,14.259873773124824
Aggregate Skin Biopsy,55,Aggregate Skin Biopsy,quarter,2020-Q1,23741,149176444.0,15.914711038426415,15.712906232305674,16.118460293811694
Aggregate Skin Biopsy,55,Aggregate Skin Biopsy,quarter,2020-Q2,9001,78055480.0,11.531541411314107,11.294530657615121,11.772273389847415
Aggregate Skin Biopsy,55,Aggregate Skin Biopsy,quarter,2020-Q3,33693,240451013.0,14.012417572971506,13.863191293042306,14.162849770327636
Aggregate Skin Biopsy,55,Aggregate Skin Biopsy,quarter,2020-Q4,32833,252197294.0,13.018775689163423,12.878332075022216,13.160369081712197
Aggregate Skin Biopsy,55,Aggregate Skin Biopsy,quarter,2021-Q1,37303,256211709.0,14.559443885525154,14.4120661167332,14.70795328728148
Aggregate Skin Biopsy,55,Aggregate Skin Biopsy,quarter,2021-Q2,43326,261559386.0,16.564498281854814,16.408886761681472,16.7212181586592
Aggregate Skin Biopsy,55,Aggregate Skin Biopsy,quarter,2021-Q3,42624,266799594.0,15.976036305362593,15.824724995384026,16.128434217203978
Aggregate Skin Biopsy,55,Aggregate Skin Biopsy,quarter,2021-Q4,36071,272358419.0,13.243945288138862,13.107619230842005,13.38133592128579
Aggregate Skin Biopsy,55,Aggregate Skin Biopsy,quarter,2022-Q1,39942,277314434.0,14.40314498739723,14.262236170739454,14.54509926204833
Aggregate Skin Biopsy,55,Aggregate Skin Biopsy,quarter,2022-Q2,46765,282016994.5,16.58233401249867,16.43237903755465,16.73331688103495
Aggregate Skin Biopsy,55,Aggregate Skin Biopsy,quarter,2022-Q3,46635,287178648.0,16.239020667023965,16.091966215352222,16.38708453946546
Aggregate Skin Biopsy,55,Aggregate Skin Biopsy,quarter,2022-Q4,38872,292152539.0,13.305378119613056,13.173433981435108,13.43831464103744
Aggregate Skin Biopsy,55,Aggregate Skin Biopsy,quarter,2023-Q1,49697,297686543.0,16.694405967823677,16.547948760398143,16.841836917309905
Aggregate Skin Biopsy,55,Aggregate Skin Biopsy,quarter,2023-Q2,52299,298365151.0,17.528521620140552,17.3786127715252,17.679401959044306
Aggregate Skin Biopsy,55,Aggregate Skin Biopsy,quarter,2023-Q3,47239,289816874.0,16.29960303829652,16.15294452790902,16.44726177058695
Aggregate Skin Biopsy,55,Aggregate Skin Biopsy,quarter,2023-Q4,40028,276383178.0,14.482791713177274,14.341255617357932,14.625376787691668
Aggregate Skin Biopsy,55,Aggregate Skin Biopsy,quarter,2024-Q1,39985,267644460.0,14.939595611282222,14.793517011275535,15.086757440616084
Aggregate Skin Biopsy,55,Aggregate Skin Biopsy,quarter,2024-Q2,40504,258952546.0,15.641475871026964,15.489514972616114,15.794556345928706
Aggregate Nerve Conduction,60,Aggregate Nerve Conduction,quarter,2018-Q1,33545,230550049.0,14.549986063980407,14.394694368810603,14.706535469754948
Aggregate Nerve Conduction,60,Aggregate Nerve Conduction,quarter,2018-Q2,33948,228935769.0,14.828613347877502,14.67128758394592,14.987205676934806
Aggregate Nerve Conduction,60,Aggregate Nerve Conduction,quarter,2018-Q3,31132,227904788.0,13.660090370720953,13.508767062213787,13.812686077062963
Aggregate Nerve Conduction,60,Aggregate Nerve Conduction,quarter,2018-Q4,27779,226095567.0,12.286397459530907,12.142334631304019,12.431743011140778
Aggregate Nerve Conduction,60,Aggregate Nerve Conduction,quarter,2019-Q1,31998,225406912.0,14.195660512841773,14.04054106939025,14.352066420850909
Aggregate Nerve Conduction,60,Aggregate Nerve Conduction,quarter,2019-Q2,33947,224099443.0,15.148185798926773,14.98746713588591,15.310198361073263
Aggregate Nerve Conduction,60,Aggregate Nerve Conduction,quarter,2019-Q3,32345,225151016.0,14.365913409868867,14.20977560940431,14.523339123959179
Aggregate Nerve Conduction,60,Aggregate Nerve Conduction,quarter,2019-Q4,30175,223888589.0,13.477685546537613,13.326040356004967,13.63062599863213
Aggregate Nerve Conduction,60,Aggregate Nerve Conduction,quarter,2020-Q1,24449,149176444.0,16.38931680125047,16.184515587256513,16.596062402436054
Aggregate Nerve Conduction,60,Aggregate Nerve Conduction,quarter,2020-Q2,10127,78055480.0,12.974105085254743,12.722632422524299,13.229298217647417
Aggregate Nerve Conduction,60,Aggregate Nerve Conduction,quarter,2020-Q3,36618,240451013.0,15.22888156848813,15.073295893472304,15.38567307054163
Aggregate Nerve Conduction,60,Aggregate Nerve Conduction,quarter,2020-Q4,34413,252197294.0,13.645269326323541,13.50147723276529,13.790211148557509
Aggregate Nerve Conduction,60,Aggregate Nerve Conduction,quarter,2021-Q1,41274,256211709.0,16.10933401954709,15.954291005943555,16.265508568577985
Aggregate Nerve Conduction,60,Aggregate Nerve Conduction,quarter,2021-Q2,43036,261559386.0,16.453624799379213,16.29853615787776,16.60982180355807
Aggregate Nerve Conduction,60,Aggregate Nerve Conduction,quarter,2021-Q3,39661,266799594.0,14.865464900220202,14.719520083545406,15.012496383928118
Aggregate Nerve Conduction,60,Aggregate Nerve Conduction,quarter,2021-Q4,36376,272358419.0,13.355930076830118,13.219027407190346,13.493897314372552
Aggregate Nerve Conduction,60,Aggregate Nerve Conduction,quarter,2022-Q1,40475,277314434.0,14.595345585221144,14.453497440662497,14.738239176108504
Aggregate Nerve Conduction,60,Aggregate Nerve Conduction,quarter,2022-Q2,42194,282016994.5,14.961509704338049,14.81908860447722,15.104958782479478
Aggregate Nerve Conduction,60,Aggregate Nerve Conduction,quarter,2022-Q3,40671,287178648.0,14.162264598446052,14.024956702694125,14.30058202671524
Aggregate Nerve Conduction,60,Aggregate Nerve Conduction,quarter,2022-Q4,38609,292152539.0,13.215356653121539,13.083860726627186,13.347844968638903
Aggregate Nerve Conduction,60,Aggregate Nerve Conduction,quarter,2023-Q1,48311,297686543.0,16.228815556503005,16.084419538901482,16.374185337171493
Aggregate Nerve Conduction,60,Aggregate Nerve Conduction,quarter,2023-Q2,49829,298365151.0,16.70067695003697,16.554358494859056,16.847966930625734
Aggregate Nerve Conduction,60,Aggregate Nerve Conduction,quarter,2023-Q3,43916,289816874.0,15.153016935790978,15.011622506016947,15.295411645179026
Aggregate Nerve Conduction,60,Aggregate Nerve Conduction,quarter,2023-Q4,41355,276383178.0,14.96292223689533,14.81905353753849,15.107839886321266
Aggregate Nerve Conduction,60,Aggregate Nerve Conduction,quarter,2024-Q1,43822,267644460.0,16.373213927162922,16.220270315539207,16.527240686225852
Aggregate Nerve Conduction,60,Aggregate Nerve Conduction,quarter,2024-Q2,43530,258952546.0,16.81002974189719,16.652481239180297,16.968697754660813
Custom Aggregate EMG 3,63,Custom Aggregate EMG 3,quarter,2018-Q1,94463,230550049.0,40.97288220485262,40.71200871499695,41.23501246865028
Custom Aggregate EMG 3,63,Custom Aggregate EMG 3,quarter,2018-Q2,96646,228935769.0,42.21533420581386,41.94959822205999,42.48233580951366
Custom Aggregate EMG 3,63,Custom Aggregate EMG 3,quarter,2018-Q3,89484,227904788.0,39.26376483147866,39.00692359461623,39.521877467853706
Custom Aggregate EMG 3,63,Custom Aggregate EMG 3,quarter,2018-Q4,81330,226095567.0,35.97151464716688,35.724715067103396,36.219595871337916
Custom Aggregate EMG 3,63,Custom Aggregate EMG 3,quarter,2019-Q1,93010,225406912.0,41.26315345644769,40.99839090052202,41.52920147327586
Custom Aggregate EMG 3,63,Custom Aggregate EMG 3,quarter,2019-Q2,100642,224099443.0,44.90952706205522,44.632492149016144,45.18785488040386
Custom Aggregate EMG 3,63,Custom Aggregate EMG 3,quarter,2019-Q3,95160,225151016.0,42.26496583963894,41.99685145328379,42.53436713169081
Custom Aggregate EMG 3,63,Custom Aggregate EMG 3,quarter,2019-Q4,89440,223888589.0,39.94844060587653,39.68705644305844,40.211118975416696
Custom Aggregate EMG 3,63,Custom Aggregate EMG 3,quarter,2020-Q1,70692,149176444.0,47.3881787931612,47.03948648711333,47.738813758303095
Custom Aggregate EMG 3,63,Custom Aggregate EMG 3,quarter,2020-Q2,30783,78055480.0,39.437333547881586,38.997993206954526,39.88038905004249
Custom Aggregate EMG 3,63,Custom Aggregate EMG 3,quarter,2020-Q3,107255,240451013.0,44.60575926124295,44.339203184328056,44.87352028086064
Custom Aggregate EMG 3,63,Custom Aggregate EMG 3,quarter,2020-Q4,104075,252197294.0,41.267294485721166,41.016954933676594,41.51878287731955
Custom Aggregate EMG 3,63,Custom Aggregate EMG 3,quarter,2021-Q1,123363,256211709.0,48.148853337534234,47.880539344366206,48.41829807329078
Custom Aggregate EMG 3,63,Custom Aggregate EMG 3,quarter,2021-Q2,128665,261559386.0,49.19150559559733,48.92308106108976,49.4610377320564
Custom Aggregate EMG 3,63,Custom Aggregate EMG 3,quarter,2021-Q3,119311,266799594.0,44.71933341847589,44.46594029378658,44.97381243007102
Custom Aggregate EMG 3,63,Custom Aggregate EMG 3,quarter,2021-Q4,110275,272358419.0,40.48892646861781,40.25030307776131,40.728613625273084
Custom Aggregate EMG 3,63,Custom Aggregate EMG 3,quarter,2022-Q1,123368,277314434.0,44.486685464053416,44.23878426106774,44.735631363779945
Custom Aggregate EMG 3,63,Custom Aggregate EMG 3,quarter,2022-Q2,128879,282016994.5,45.699019035535464,45.449858880932865,45.94920644546407
Custom Aggregate EMG 3,63,Custom Aggregate EMG 3,quarter,2022-Q3,123887,287178648.0,43.139349273627055,42.89945945030442,43.380247907677216
Custom Aggregate EMG 3,63,Custom Aggregate EMG 3,quarter,2022-Q4,119253,292152539.0,40.81874503236818,40.58739764888531,41.05108406992163
Custom Aggregate EMG 3,63,Custom Aggregate EMG 3,quarter,2023-Q1,148043,297686543.0,49.73116974253015,49.478160278097796,49.98515232852199
Custom Aggregate EMG 3,63,Custom Aggregate EMG 3,quarter,2023-Q2,149728,298365151.0,50.18280435840846,49.92893602522722,50.437643595047525
Custom Aggregate EMG 3,63,Custom Aggregate EMG 3,quarter,2023-Q3,130675,289816874.0,45.08881701622384,44.844676746406456,45.33395688821997
Custom Aggregate EMG 3,63,Custom Aggregate EMG 3,quarter,2023-Q4,122308,276383178.0,44.25305508282418,44.00539096863304,44.5017674181587
Custom Aggregate EMG 3,63,Custom Aggregate EMG 3,quarter,2024-Q1,130693,267644460.0,48.830825790304054,48.56644202773719,49.0962919648141
Custom Aggregate EMG 3,63,Custom Aggregate EMG 3,quarter,2024-Q2,127318,258952546.0,49.16653725428133,48.896835401473645,49.437357864680486
Aggregate Needle EMG,66,Aggregate Needle EMG,quarter,2018-Q1,56029,230550049.0,24.30231537274581,24.101498094825846,24.504389836928837
Aggregate Needle EMG,66,Aggregate Needle EMG,quarter,2018-Q2,57928,228935769.0,25.30316702061529,25.097528164098946,25.510071898257262
Aggregate Needle EMG,66,Aggregate Needle EMG,quarter,2018-Q3,54273,227904788.0,23.8138919661486,23.613959168460813,24.015096571214823
Aggregate Needle EMG,66,Aggregate Needle EMG,quarter,2018-Q4,49921,226095567.0,22.079601410318674,21.886334911732646,22.274149972615838
Aggregate Needle EMG,66,Aggregate Needle EMG,quarter,2019-Q1,57340,225406912.0,25.43843908389109,25.230645705088225,25.647518313235622
Aggregate Needle EMG,66,Aggregate Needle EMG,quarter,2019-Q2,62142,224099443.0,27.729653928680225,27.512055081322398,27.948546056754314
Aggregate Needle EMG,66,Aggregate Needle EMG,quarter,2019-Q3,58174,225151016.0,25.837769259722105,25.62822924520702,26.048596573154647
Aggregate Needle EMG,66,Aggregate Needle EMG,quarter,2019-Q4,54879,223888589.0,24.51174499116612,24.30709029283649,24.717694300650617
Aggregate Needle EMG,66,Aggregate Needle EMG,quarter,2020-Q1,42965,149176444.0,28.801464123920265,28.52976347839663,29.075108126204654
Aggregate Needle EMG,66,Aggregate Needle EMG,quarter,2020-Q2,19474,78055480.0,24.948920946998214,24.599729358787787,25.301829534076788
Aggregate Needle EMG,66,Aggregate Needle EMG,quarter,2020-Q3,66075,240451013.0,27.47960974487556,27.270476895212393,27.68994787796959
Aggregate Needle EMG,66,Aggregate Needle EMG,quarter,2020-Q4,65469,252197294.0,25.959437931161943,25.760963790980735,26.159061224753003
Aggregate Needle EMG,66,Aggregate Needle EMG,quarter,2021-Q1,77168,256211709.0,30.118842070562824,29.906707679113733,30.33210749223804
Aggregate Needle EMG,66,Aggregate Needle EMG,quarter,2021-Q2,80766,261559386.0,30.878647191808287,30.66605246749249,31.092349791670706
Aggregate Needle EMG,66,Aggregate Needle EMG,quarter,2021-Q3,74834,266799594.0,28.04876832008972,27.84816227232798,28.250460533825027
Aggregate Needle EMG,66,Aggregate Needle EMG,quarter,2021-Q4,69410,272358419.0,25.484800600197346,25.295557341032758,25.675107907102028
Aggregate Needle EMG,66,Aggregate Needle EMG,quarter,2022-Q1,77923,277314434.0,28.099150439461077,27.90220067262576,28.297145162635353
Aggregate Needle EMG,66,Aggregate Needle EMG,quarter,2022-Q2,81438,282016994.5,28.876983156417545,28.678990156044524,29.07600366161877
Aggregate Needle EMG,66,Aggregate Needle EMG,quarter,2022-Q3,78333,287178648.0,27.27674934941542,27.086064001743654,27.468443757331332
Aggregate Needle EMG,66,Aggregate Needle EMG,quarter,2022-Q4,76097,292152539.0,26.047009641083417,25.862269946091114,26.23274123455279
Aggregate Needle EMG,66,Aggregate Needle EMG,quarter,2023-Q1,92951,297686543.0,31.22445477825983,31.0240414577228,31.425841444355182
Aggregate Needle EMG,66,Aggregate Needle EMG,quarter,2023-Q2,93526,298365151.0,31.34615409559007,31.145578097312583,31.54770122231444
Aggregate Needle EMG,66,Aggregate Needle EMG,quarter,2023-Q3,81112,289816874.0,27.98732830166404,27.795050577281756,28.180605879878872
Aggregate Needle EMG,66,Aggregate Needle EMG,quarter,2023-Q4,75959,276383178.0,27.483221138733704,27.288118366899685,27.679372404122336
Aggregate Needle EMG,66,Aggregate Needle EMG,quarter,2024-Q1,81153,267644460.0,30.321195514377543,30.11293626232156,30.53053745062344
Aggregate Needle EMG,66,Aggregate Needle EMG,quarter,2024-Q2,78302,258952546.0,30.2379726361138,30.0265443043303,30.450520017045008
HCPCS 82785 – IgE (total) (78 months of data),74,HCPCS 82785 – IgE (total) (78 months of data),quarter,2018-Q1,66145,230550049.0,28.69008282015156,28.471853044852196,28.90956963886339
HCPCS 82785 – IgE (total) (78 months of data),74,HCPCS 82785 – IgE (total) (78 months of data),quarter,2018-Q2,76205,228935769.0,33.28662896709688,33.05070897676952,33.523814750918206
HCPCS 82785 – IgE (total) (78 months of data),74,HCPCS 82785 – IgE (total) (78 months of data),quarter,2018-Q3,64838,227904788.0,28.44959975127859,28.231033119868616,28.66943803318798
HCPCS 82785 – IgE (total) (78 months of data),74,HCPCS 82785 – IgE (total) (78 months of data),quarter,2018-Q4,61376,226095567.0,27.14604307124695,26.931701335998827,27.361666680062072
HCPCS 82785 – IgE (total) (78 months of data),74,HCPCS 82785 – IgE (total) (78 months of data),quarter,2019-Q1,79840,225406912.0,35.42038675371233,35.17511515792373,35.66694392338654
HCPCS 82785 – IgE (total) (78 months of data),74,HCPCS 82785 – IgE (total) (78 months of data),quarter,2019-Q2,90044,224099443.0,40.18037653043163,39.91835660955095,40.44368943541419
HCPCS 82785 – IgE (total) (78 months of data),74,HCPCS 82785 – IgE (total) (78 months of data),quarter,2019-Q3,83136,225151016.0,36.924550231654294,36.673974048283384,37.17641341921946
HCPCS 82785 – IgE (total) (78 months of data),74,HCPCS 82785 – IgE (total) (78 months of data),quarter,2019-Q4,74615,223888589.0,33.32684364722134,33.0881396507929,33.566841989051035
HCPCS 82785 – IgE (total) (78 months of data),74,HCPCS 82785 – IgE (total) (78 months of data),quarter,2020-Q1,77519,223452397.0,34.69150523366281,34.44771729556584,34.936590013468724
HCPCS 82785 – IgE (total) (78 months of data),74,HCPCS 82785 – IgE (total) (78 months of data),quarter,2020-Q2,43133,231340007.0,18.644851169214324,18.469305717052915,18.82164976446315
HCPCS 82785 – IgE (total) (78 months of data),74,HCPCS 82785 – IgE (total) (78 months of data),quarter,2020-Q3,69752,240451013.0,29.008819355649795,28.79393545242587,29.224908499993585
HCPCS 82785 – IgE (total) (78 months of data),74,HCPCS 82785 – IgE (total) (78 months of data),quarter,2020-Q4,68761,252197294.0,27.264765180232267,27.06135292813854,27.469326548976152
HCPCS 82785 – IgE (total) (78 months of data),74,HCPCS 82785 – IgE (total) (78 months of data),quarter,2021-Q1,79823,256211709.0,31.155094476966312,30.939335342017962,31.37198461907171
HCPCS 82785 – IgE (total) (78 months of data),74,HCPCS 82785 – IgE (total) (78 months of data),quarter,2021-Q2,96431,261559386.0,36.86772685725757,36.63539468714747,37.10116679119491
HCPCS 82785 – IgE (total) (78 months of data),74,HCPCS 82785 – IgE (total) (78 months of data),quarter,2021-Q3,91188,266799594.0,34.178462805306964,33.9569821534939,34.40102949686837
HCPCS 82785 – IgE (total) (78 months of data),74,HCPCS 82785 – IgE (total) (78 months of data),quarter,2021-Q4,87149,272358419.0,31.99790934312921,31.78581624136317,32.211066345886735
HCPCS 82785 – IgE (total) (78 months of data),74,HCPCS 82785 – IgE (total) (78 months of data),quarter,2022-Q1,95807,277314434.0,34.54814760922253,34.329726169504944,34.76761388114526
HCPCS 82785 – IgE (total) (78 months of data),74,HCPCS 82785 – IgE (total) (78 months of data),quarter,2022-Q2,107582,282016994.5,38.14734647134891,37.91973092074905,38.37598936868467
HCPCS 82785 – IgE (total) (78 months of data),74,HCPCS 82785 – IgE (total) (78 months of data),quarter,2022-Q3,99433,287178648.0,34.62409224797241,34.409212861120515,34.83998055812837
HCPCS 82785 – IgE (total) (78 months of data),74,HCPCS 82785 – IgE (total) (78 months of data),quarter,2022-Q4,93125,292152539.0,31.875471737728077,31.67107080358499,32.08086445368226
HCPCS 82785 – IgE (total) (78 months of data),74,HCPCS 82785 – IgE (total) (78 months of data),quarter,2023-Q1,120947,297686543.0,40.62897797835625,40.400322174428,40.85860699477463
HCPCS 82785 – IgE (total) (78 months of data),74,HCPCS 82785 – IgE (total) (78 months of data),quarter,2023-Q2,129888,298365151.0,43.53323421474246,43.296804808344795,43.77063458707611
HCPCS 82785 – IgE (total) (78 months of data),74,HCPCS 82785 – IgE (total) (78 months of data),quarter,2023-Q3,107864,289816874.0,37.21798476095633,36.99620452830817,37.44076468987574
HCPCS 82785 – IgE (total) (78 months of data),74,HCPCS 82785 – IgE (total) (78 months of data),quarter,2023-Q4,95579,276383178.0,34.58206128594411,34.36316522620952,34.802005699745514
HCPCS 82785 – IgE (total) (78 months of data),74,HCPCS 82785 – IgE (total) (78 months of data),quarter,2024-Q1,107754,267644460.0,40.26012718514704,40.02009672542141,40.501240159341386
HCPCS 82785 – IgE (total) (78 months of data),74,HCPCS 82785 – IgE (total) (78 months of data),quarter,2024-Q2,122702,258952546.0,47.383971270164686,47.1192103637679,47.649850953902884
HCPCS 83520 – Tryptase (78 months of data),77,HCPCS 83520 – Tryptase (78 months of data),quarter,2018-Q1,47435,230550049.0,20.574708270827564,20.389965765874678,20.760708117755357
HCPCS 83520 – Tryptase (78 months of data),77,HCPCS 83520 – Tryptase (78 months of data),quarter,2018-Q2,49443,228935769.0,21.596887291124872,21.406936461092236,21.78810428867416
HCPCS 83520 – Tryptase (78 months of data),77,HCPCS 83520 – Tryptase (78 months of data),quarter,2018-Q3,53925,227904788.0,23.661196622161356,23.46190717925774,23.86175787838236
HCPCS 83520 – Tryptase (78 months of data),77,HCPCS 83520 – Tryptase (78 months of data),quarter,2018-Q4,54502,226095567.0,24.105735783842235,23.90377750905328,24.308976039128233
HCPCS 83520 – Tryptase (78 months of data),77,HCPCS 83520 – Tryptase (78 months of data),quarter,2019-Q1,79666,225406912.0,35.34319302506571,35.09818930116658,35.58948232452817
HCPCS 83520 – Tryptase (78 months of data),77,HCPCS 83520 – Tryptase (78 months of data),quarter,2019-Q2,80074,224099443.0,35.731458734594,35.48439426380018,35.97981627746866
HCPCS 83520 – Tryptase (78 months of data),77,HCPCS 83520 – Tryptase (78 months of data),quarter,2019-Q3,86897,225151016.0,38.5949846213441,38.33879378499551,38.852462428889616
HCPCS 83520 – Tryptase (78 months of data),77,HCPCS 83520 – Tryptase (78 months of data),quarter,2019-Q4,92232,223888589.0,41.195489422643156,40.930050307144754,41.46222272256155
HCPCS 83520 – Tryptase (78 months of data),77,HCPCS 83520 – Tryptase (78 months of data),quarter,2020-Q1,92552,223452397.0,41.41911263543081,41.152693660443944,41.68682831866414
HCPCS 83520 – Tryptase (78 months of data),77,HCPCS 83520 – Tryptase (78 months of data),quarter,2020-Q2,85505,231340007.0,36.96074929227438,36.71342069541501,37.20933044189733
HCPCS 83520 – Tryptase (78 months of data),77,HCPCS 83520 – Tryptase (78 months of data),quarter,2020-Q3,110148,240451013.0,45.80891493270607,45.53878257085987,46.08025222081753
HCPCS 83520 – Tryptase (78 months of data),77,HCPCS 83520 – Tryptase (78 months of data),quarter,2020-Q4,116759,252197294.0,46.29669024125215,46.03151199814892,46.56301725666093
HCPCS 83520 – Tryptase (78 months of data),77,HCPCS 83520 – Tryptase (78 months of data),quarter,2021-Q1,125468,256211709.0,48.97043952038898,48.69984288330594,49.242166890894
HCPCS 83520 – Tryptase (78 months of data),77,HCPCS 83520 – Tryptase (78 months of data),quarter,2021-Q2,129223,261559386.0,49.404841468774514,49.13583472117781,49.67495581606685
HCPCS 83520 – Tryptase (78 months of data),77,HCPCS 83520 – Tryptase (78 months of data),quarter,2021-Q3,140613,266799594.0,52.703603439516485,52.42848775734271,52.979804924806444
HCPCS 83520 – Tryptase (78 months of data),77,HCPCS 83520 – Tryptase (78 months of data),quarter,2021-Q4,130524,272358419.0,47.92361494799248,47.663975378783185,48.184318195484245
HCPCS 83520 – Tryptase (78 months of data),77,HCPCS 83520 – Tryptase (78 months of data),quarter,2022-Q1,118912,277314434.0,42.87984519406588,42.636468440083256,43.124266663451984
HCPCS 83520 – Tryptase (78 months of data),77,HCPCS 83520 – Tryptase (78 months of data),quarter,2022-Q2,112106,282016994.5,39.75150511718541,39.51914604793066,39.984891511597645
HCPCS 83520 – Tryptase (78 months of data),77,HCPCS 83520 – Tryptase (78 months of data),quarter,2022-Q3,105626,287178648.0,36.780589620994384,36.55910949588001,37.00307863723681
HCPCS 83520 – Tryptase (78 months of data),77,HCPCS 83520 – Tryptase (78 months of data),quarter,2022-Q4,107122,292152539.0,36.66646210457887,36.44721407550828,36.8867018412007
HCPCS 83520 – Tryptase (78 months of data),77,HCPCS 83520 – Tryptase (78 months of data),quarter,2023-Q1,120530,297686543.0,40.48889774637881,40.26063701107146,40.718131695811046
HCPCS 83520 – Tryptase (78 months of data),77,HCPCS 83520 – Tryptase (78 months of data),quarter,2023-Q2,116389,298365151.0,39.00891227072293,38.78512260776235,39.233672950979056
HCPCS 83520 – Tryptase (78 months of data),77,HCPCS 83520 – Tryptase (78 months of data),quarter,2023-Q3,118917,289816874.0,41.03177235981091,40.79888975786834,41.26565460905088
HCPCS 83520 – Tryptase (78 months of data),77,HCPCS 83520 – Tryptase (78 months of data),quarter,2023-Q4,113331,276383178.0,41.00502817143234,40.76663893684575,41.24446566651935
HCPCS 83520 – Tryptase (78 months of data),77,HCPCS 83520 – Tryptase (78 months of data),quarter,2024-Q1,105594,267644460.0,39.45308638183656,39.2154774541475,39.69177783533534
HCPCS 83520 – Tryptase (78 months of data),77,HCPCS 83520 – Tryptase (78 months of data),quarter,2024-Q2,95584,258952546.0,36.91178228461982,36.678145757485346,37.146537732671845
HCPCS 82570 – Creatinine (needed for normalization) (78 months of data),81,HCPCS 82570 – Creatinine (needed for normalization) (78 months of data),quarter,2018-Q1,737983,230550049.0,320.09665719047405,319.36676011228803,320.82781015495027
HCPCS 82570 – Creatinine (needed for normalization) (78 months of data),81,HCPCS 82570 – Creatinine (needed for normalization) (78 months of data),quarter,2018-Q2,716846,228935769.0,313.12101343150096,312.39657852761377,313.84671308451874
HCPCS 82570 – Creatinine (needed for normalization) (78 months of data),81,HCPCS 82570 – Creatinine (needed for normalization) (78 months of data),quarter,2018-Q3,671198,227904788.0,294.5080732573289,293.80392572013983,295.21349128201933
HCPCS 82570 – Creatinine (needed for normalization) (78 months of data),81,HCPCS 82570 – Creatinine (needed for normalization) (78 months of data),quarter,2018-Q4,632219,226095567.0,279.6246774710094,278.93582578710294,280.3148098249422
HCPCS 82570 – Creatinine (needed for normalization) (78 months of data),81,HCPCS 82570 – Creatinine (needed for normalization) (78 months of data),quarter,2019-Q1,727791,225406912.0,322.8787411807496,322.137365954074,323.62140095295615
HCPCS 82570 – Creatinine (needed for normalization) (78 months of data),81,HCPCS 82570 – Creatinine (needed for normalization) (78 months of data),quarter,2019-Q2,707833,224099443.0,315.85665297704463,315.12125380394906,316.5933441973014
HCPCS 82570 – Creatinine (needed for normalization) (78 months of data),81,HCPCS 82570 – Creatinine (needed for normalization) (78 months of data),quarter,2019-Q3,694313,225151016.0,308.376578678197,307.6516424078261,309.1028009662041
HCPCS 82570 – Creatinine (needed for normalization) (78 months of data),81,HCPCS 82570 – Creatinine (needed for normalization) (78 months of data),quarter,2019-Q4,657916,223888589.0,293.85865663747603,293.14900946566496,294.5695970926427
HCPCS 82570 – Creatinine (needed for normalization) (78 months of data),81,HCPCS 82570 – Creatinine (needed for normalization) (78 months of data),quarter,2020-Q1,730590,223452397.0,326.9555439139013,326.206246428752,327.706137179383
HCPCS 82570 – Creatinine (needed for normalization) (78 months of data),81,HCPCS 82570 – Creatinine (needed for normalization) (78 months of data),quarter,2020-Q2,511778,231340007.0,221.22330099177356,220.61761907225235,221.8302346081002
HCPCS 82570 – Creatinine (needed for normalization) (78 months of data),81,HCPCS 82570 – Creatinine (needed for normalization) (78 months of data),quarter,2020-Q3,733506,240451013.0,305.05423572492913,304.3565205892793,305.7531550351408
HCPCS 82570 – Creatinine (needed for normalization) (78 months of data),81,HCPCS 82570 – Creatinine (needed for normalization) (78 months of data),quarter,2020-Q4,716943,252197294.0,284.27862513068834,283.6209642726222,284.9374340831785
HCPCS 82570 – Creatinine (needed for normalization) (78 months of data),81,HCPCS 82570 – Creatinine (needed for normalization) (78 months of data),quarter,2021-Q1,834216,256211709.0,325.59636062534514,324.8980341842918,326.2958171391328
HCPCS 82570 – Creatinine (needed for normalization) (78 months of data),81,HCPCS 82570 – Creatinine (needed for normalization) (78 months of data),quarter,2021-Q2,829132,261559386.0,316.99569748951774,316.3137372931522,317.67876465512387
HCPCS 82570 – Creatinine (needed for normalization) (78 months of data),81,HCPCS 82570 – Creatinine (needed for normalization) (78 months of data),quarter,2021-Q3,804352,266799594.0,301.48171814684247,300.82322405936844,302.1412974677506
HCPCS 82570 – Creatinine (needed for normalization) (78 months of data),81,HCPCS 82570 – Creatinine (needed for normalization) (78 months of data),quarter,2021-Q4,760259,272358419.0,279.13915890369447,278.51204380812464,279.76733709459165
HCPCS 82570 – Creatinine (needed for normalization) (78 months of data),81,HCPCS 82570 – Creatinine (needed for normalization) (78 months of data),quarter,2022-Q1,883432,277314434.0,318.56690156993415,317.9029463516475,319.23190085517314
HCPCS 82570 – Creatinine (needed for normalization) (78 months of data),81,HCPCS 82570 – Creatinine (needed for normalization) (78 months of data),quarter,2022-Q2,876610,282016994.5,310.8358776584295,310.1855207429367,311.4872612327634
HCPCS 82570 – Creatinine (needed for normalization) (78 months of data),81,HCPCS 82570 – Creatinine (needed for normalization) (78 months of data),quarter,2022-Q3,874133,287178648.0,304.38648767508647,303.7487234913844,305.025260065321
HCPCS 82570 – Creatinine (needed for normalization) (78 months of data),81,HCPCS 82570 – Creatinine (needed for normalization) (78 months of data),quarter,2022-Q4,825651,292152539.0,282.6095582896851,282.00029416999627,283.2198134615909
HCPCS 82570 – Creatinine (needed for normalization) (78 months of data),81,HCPCS 82570 – Creatinine (needed for normalization) (78 months of data),quarter,2023-Q1,1079133,297686543.0,362.50647715708135,361.8228422008036,363.19108469649683
HCPCS 82570 – Creatinine (needed for normalization) (78 months of data),81,HCPCS 82570 – Creatinine (needed for normalization) (78 months of data),quarter,2023-Q2,1052089,298365151.0,352.61792353222916,351.94444843946604,353.2923690001033
HCPCS 82570 – Creatinine (needed for normalization) (78 months of data),81,HCPCS 82570 – Creatinine (needed for normalization) (78 months of data),quarter,2023-Q3,963034,289816874.0,332.2905208065973,331.6271883034502,332.9548523214003
HCPCS 82570 – Creatinine (needed for normalization) (78 months of data),81,HCPCS 82570 – Creatinine (needed for normalization) (78 months of data),quarter,2023-Q4,893660,276383178.0,323.34095239327485,322.6709126920814,324.0120396771751
HCPCS 82570 – Creatinine (needed for normalization) (78 months of data),81,HCPCS 82570 – Creatinine (needed for normalization) (78 months of data),quarter,2024-Q1,1097876,267644460.0,410.1994115626379,409.4324632468947,410.96744162729397
HCPCS 82570 – Creatinine (needed for normalization) (78 months of data),81,HCPCS 82570 – Creatinine (needed for normalization) (78 months of data),quarter,2024-Q2,1049384,258952546.0,405.24181600438874,404.46683659269326,406.01791348286525
HCPCS 86160 - C3 (78 months of data),85,HCPCS 86160 - C3 (78 months of data),quarter,2018-Q1,46190,230550049.0,20.03469537323759,19.85239884163876,20.21824927290497
HCPCS 86160 - C3 (78 months of data),85,HCPCS 86160 - C3 (78 months of data),quarter,2018-Q2,46114,228935769.0,20.14276764239493,19.959337129121046,20.32746439137406
HCPCS 86160 - C3 (78 months of data),85,HCPCS 86160 - C3 (78 months of data),quarter,2018-Q3,43223,227904788.0,18.96537601482949,18.78699831660514,19.145025742668956
HCPCS 86160 - C3 (78 months of data),85,HCPCS 86160 - C3 (78 months of data),quarter,2018-Q4,43675,226095567.0,19.317052775298333,19.136307805570272,19.499079942644936
HCPCS 86160 - C3 (78 months of data),85,HCPCS 86160 - C3 (78 months of data),quarter,2019-Q1,51753,225406912.0,22.959810566944814,22.762420923898354,23.158486155909234
HCPCS 86160 - C3 (78 months of data),85,HCPCS 86160 - C3 (78 months of data),quarter,2019-Q2,52006,224099443.0,23.206661874657136,23.007634859471032,23.40698233371207
HCPCS 86160 - C3 (78 months of data),85,HCPCS 86160 - C3 (78 months of data),quarter,2019-Q3,51818,225151016.0,23.01477511431705,22.81703680375386,23.213800831144635
HCPCS 86160 - C3 (78 months of data),85,HCPCS 86160 - C3 (78 months of data),quarter,2019-Q4,49920,223888589.0,22.296804059093873,22.101634398307635,22.493268421532317
HCPCS 86160 - C3 (78 months of data),85,HCPCS 86160 - C3 (78 months of data),quarter,2020-Q1,54142,223452397.0,24.229769170925476,24.026099381387972,24.43473611145725
HCPCS 86160 - C3 (78 months of data),85,HCPCS 86160 - C3 (78 months of data),quarter,2020-Q2,38525,231340007.0,16.65297779644314,16.487096623267014,16.820112231081303
HCPCS 86160 - C3 (78 months of data),85,HCPCS 86160 - C3 (78 months of data),quarter,2020-Q3,54941,240451013.0,22.849144744505608,22.65847896185912,23.041015963657976
HCPCS 86160 - C3 (78 months of data),85,HCPCS 86160 - C3 (78 months of data),quarter,2020-Q4,57736,252197294.0,22.893187743719405,22.70682631329563,23.080698425949322
HCPCS 86160 - C3 (78 months of data),85,HCPCS 86160 - C3 (78 months of data),quarter,2021-Q1,69112,256211709.0,26.97456734891066,26.77383089991593,27.176434906087707
HCPCS 86160 - C3 (78 months of data),85,HCPCS 86160 - C3 (78 months of data),quarter,2021-Q2,70838,261559386.0,27.08295086760909,26.88387384651242,27.2831358535177
HCPCS 86160 - C3 (78 months of data),85,HCPCS 86160 - C3 (78 months of data),quarter,2021-Q3,68448,266799594.0,25.655211454332274,25.463371164516378,25.84813797129681
HCPCS 86160 - C3 (78 months of data),85,HCPCS 86160 - C3 (78 months of data),quarter,2021-Q4,63636,272358419.0,23.364800043137276,23.18361374098608,23.547050453577462
HCPCS 86160 - C3 (78 months of data),85,HCPCS 86160 - C3 (78 months of data),quarter,2022-Q1,71893,277314434.0,25.92472341342319,25.735560954337743,26.114930880815635
HCPCS 86160 - C3 (78 months of data),85,HCPCS 86160 - C3 (78 months of data),quarter,2022-Q2,72588,282016994.5,25.7388743996419,25.551967632333426,25.926808743801214
HCPCS 86160 - C3 (78 months of data),85,HCPCS 86160 - C3 (78 months of data),quarter,2022-Q3,73587,287178648.0,25.62411952019497,25.43931115919006,25.809936980108322
HCPCS 86160 - C3 (78 months of data),85,HCPCS 86160 - C3 (78 months of data),quarter,2022-Q4,71105,292152539.0,24.338313212468776,24.159746629045905,24.517871736285844
HCPCS 86160 - C3 (78 months of data),85,HCPCS 86160 - C3 (78 months of data),quarter,2023-Q1,88558,297686543.0,29.748741447140254,29.553128977710827,29.94532728856083
HCPCS 86160 - C3 (78 months of data),85,HCPCS 86160 - C3 (78 months of data),quarter,2023-Q2,87771,298365151.0,29.417309530227275,29.22301252725395,29.612577696266474
HCPCS 86160 - C3 (78 months of data),85,HCPCS 86160 - C3 (78 months of data),quarter,2023-Q3,78594,289816874.0,27.118503803888245,26.929239213927502,27.30876826653195
HCPCS 86160 - C3 (78 months of data),85,HCPCS 86160 - C3 (78 months of data),quarter,2023-Q4,73171,276383178.0,26.47447667744815,26.282994261239544,26.667007611467206
HCPCS 86160 - C3 (78 months of data),85,HCPCS 86160 - C3 (78 months of data),quarter,2024-Q1,83851,267644460.0,31.32924925851258,31.117550591938237,31.542030588449943
HCPCS 86160 - C3 (78 months of data),85,HCPCS 86160 - C3 (78 months of data),quarter,2024-Q2,81716,258952546.0,31.556360909461766,31.3403646712868,31.77347616826001
HCPCS 86162 – CH50 (78 months of data),88,HCPCS 86162 – CH50 (78 months of data),quarter,2018-Q1,3841,230550049.0,1.6660156944924356,1.6137405246975118,1.719553098713145
HCPCS 86162 – CH50 (78 months of data),88,HCPCS 86162 – CH50 (78 months of data),quarter,2018-Q2,3795,228935769.0,1.6576701913277692,1.6053450979769435,1.711266460957235
HCPCS 86162 – CH50 (78 months of data),88,HCPCS 86162 – CH50 (78 months of data),quarter,2018-Q3,3593,227904788.0,1.5765355486958879,1.5254030338486384,1.6289451829043091
HCPCS 86162 – CH50 (78 months of data),88,HCPCS 86162 – CH50 (78 months of data),quarter,2018-Q4,3703,226095567.0,1.6378030092027414,1.5854719003869044,1.691421349215257
HCPCS 86162 – CH50 (78 months of data),88,HCPCS 86162 – CH50 (78 months of data),quarter,2019-Q1,5037,225406912.0,2.2346253516839805,2.173335013164949,2.297205839832204
HCPCS 86162 – CH50 (78 months of data),88,HCPCS 86162 – CH50 (78 months of data),quarter,2019-Q2,4954,224099443.0,2.2106257533179146,2.149491370516711,2.273057864094983
HCPCS 86162 – CH50 (78 months of data),88,HCPCS 86162 – CH50 (78 months of data),quarter,2019-Q3,4717,225151016.0,2.0950382919879873,2.0356730230584317,2.15569538064491
HCPCS 86162 – CH50 (78 months of data),88,HCPCS 86162 – CH50 (78 months of data),quarter,2019-Q4,4255,223888589.0,1.9004988235465632,1.843819121446454,1.9584779651202462
HCPCS 86162 – CH50 (78 months of data),88,HCPCS 86162 – CH50 (78 months of data),quarter,2020-Q1,4841,223452397.0,2.166456956825574,2.10585372134634,2.2283617500904978
HCPCS 86162 – CH50 (78 months of data),88,HCPCS 86162 – CH50 (78 months of data),quarter,2020-Q2,3215,231340007.0,1.3897293605597583,1.3421017598765148,1.4386155182999958
HCPCS 86162 – CH50 (78 months of data),88,HCPCS 86162 – CH50 (78 months of data),quarter,2020-Q3,4874,240451013.0,2.0270241074010364,1.9705122226017413,2.0847455169459597
HCPCS 86162 – CH50 (78 months of data),88,HCPCS 86162 – CH50 (78 months of data),quarter,2020-Q4,4560,252197294.0,1.8081082186393322,1.756005234229727,1.8613645809188863
HCPCS 86162 – CH50 (78 months of data),88,HCPCS 86162 – CH50 (78 months of data),quarter,2021-Q1,5245,256211709.0,2.047135168205759,1.99210422230994,2.103301039194586
HCPCS 86162 – CH50 (78 months of data),88,HCPCS 86162 – CH50 (78 months of data),quarter,2021-Q2,5678,261559386.0,2.170826322401598,2.1147248094344535,2.2280393561088325
HCPCS 86162 – CH50 (78 months of data),88,HCPCS 86162 – CH50 (78 months of data),quarter,2021-Q3,5394,266799594.0,2.0217422069990105,1.968144737422573,2.0764294921433044
HCPCS 86162 – CH50 (78 months of data),88,HCPCS 86162 – CH50 (78 months of data),quarter,2021-Q4,4997,272358419.0,1.8347147183285712,1.7841933400155712,1.886303859255045
HCPCS 86162 – CH50 (78 months of data),88,HCPCS 86162 – CH50 (78 months of data),quarter,2022-Q1,5802,277314434.0,2.0922098847548627,2.038717268974178,2.1467508223198655
HCPCS 86162 – CH50 (78 months of data),88,HCPCS 86162 – CH50 (78 months of data),quarter,2022-Q2,5603,282016994.5,1.9867597021710688,1.9350748318797488,2.0394754937558845
HCPCS 86162 – CH50 (78 months of data),88,HCPCS 86162 – CH50 (78 months of data),quarter,2022-Q3,5557,287178648.0,1.935032440155509,1.8844866792563946,1.9865906116698402
HCPCS 86162 – CH50 (78 months of data),88,HCPCS 86162 – CH50 (78 months of data),quarter,2022-Q4,5285,292152539.0,1.8089865034511987,1.7605405896929187,1.858427705452911
HCPCS 86162 – CH50 (78 months of data),88,HCPCS 86162 – CH50 (78 months of data),quarter,2023-Q1,6598,297686543.0,2.2164253491297385,2.1632637791339233,2.27056323114994
HCPCS 86162 – CH50 (78 months of data),88,HCPCS 86162 – CH50 (78 months of data),quarter,2023-Q2,6470,298365151.0,2.1684838119717273,2.115963271177461,2.2219784839080834
HCPCS 86162 – CH50 (78 months of data),88,HCPCS 86162 – CH50 (78 months of data),quarter,2023-Q3,5190,289816874.0,1.7907859981955365,1.7423935358116898,1.840181812166314
HCPCS 86162 – CH50 (78 months of data),88,HCPCS 86162 – CH50 (78 months of data),quarter,2023-Q4,4404,276383178.0,1.5934399596490638,1.546722696742205,1.641209761826161
HCPCS 86162 – CH50 (78 months of data),88,HCPCS 86162 – CH50 (78 months of data),quarter,2024-Q1,5010,267644460.0,1.8718863076784777,1.8204078145826974,1.9244513629423425
HCPCS 86162 – CH50 (78 months of data),88,HCPCS 86162 – CH50 (78 months of data),quarter,2024-Q2,5096,258952546.0,1.9679281315117867,1.9142638682263726,2.0227153830201607
HCPCS 86140 - CRP (78 months of data),92,HCPCS 86140 - CRP (78 months of data),quarter,2018-Q1,462502,230550049.0,200.60806840253588,200.03033046719045,201.18706235434675
HCPCS 86140 - CRP (78 months of data),92,HCPCS 86140 - CRP (78 months of data),quarter,2018-Q2,459579,228935769.0,200.74582578662051,200.16585682629793,201.32705962187404
HCPCS 86140 - CRP (78 months of data),92,HCPCS 86140 - CRP (78 months of data),quarter,2018-Q3,446848,227904788.0,196.06784215520736,195.49338136585996,196.64357355041383
HCPCS 86140 - CRP (78 months of data),92,HCPCS 86140 - CRP (78 months of data),quarter,2018-Q4,448539,226095567.0,198.3846945570587,197.80454150445897,198.96612838170668
HCPCS 86140 - CRP (78 months of data),92,HCPCS 86140 - CRP (78 months of data),quarter,2019-Q1,529084,225406912.0,234.72394670843101,234.09189228387697,235.35728576657087
HCPCS 86140 - CRP (78 months of data),92,HCPCS 86140 - CRP (78 months of data),quarter,2019-Q2,536024,224099443.0,239.19024198556352,238.5503412524521,239.83143484332757
HCPCS 86140 - CRP (78 months of data),92,HCPCS 86140 - CRP (78 months of data),quarter,2019-Q3,544400,225151016.0,241.79326821247832,241.15139591751625,242.43642659260576
HCPCS 86140 - CRP (78 months of data),92,HCPCS 86140 - CRP (78 months of data),quarter,2019-Q4,544051,223888589.0,243.0007721385032,242.35548762957336,243.64734998455896
HCPCS 86140 - CRP (78 months of data),92,HCPCS 86140 - CRP (78 months of data),quarter,2020-Q1,555467,223452397.0,248.58404181719294,247.9307451414974,249.23863434854385
HCPCS 86140 - CRP (78 months of data),92,HCPCS 86140 - CRP (78 months of data),quarter,2020-Q2,489583,231340007.0,211.62919736576305,211.03680373058734,212.22284271101245
HCPCS 86140 - CRP (78 months of data),92,HCPCS 86140 - CRP (78 months of data),quarter,2020-Q3,627967,240451013.0,261.16213534105594,260.5165927414535,261.80888215364354
HCPCS 86140 - CRP (78 months of data),92,HCPCS 86140 - CRP (78 months of data),quarter,2020-Q4,655083,252197294.0,259.750209690989,259.12157782186046,260.3799896757136
HCPCS 86140 - CRP (78 months of data),92,HCPCS 86140 - CRP (78 months of data),quarter,2021-Q1,733045,256211709.0,286.1090942568905,285.45450452658054,286.7648140878907
HCPCS 86140 - CRP (78 months of data),92,HCPCS 86140 - CRP (78 months of data),quarter,2021-Q2,748370,261559386.0,286.1185795871229,285.4707015708175,286.7675645942956
HCPCS 86140 - CRP (78 months of data),92,HCPCS 86140 - CRP (78 months of data),quarter,2021-Q3,794399,266799594.0,297.7512027248437,297.09679760497573,298.40669308070267
HCPCS 86140 - CRP (78 months of data),92,HCPCS 86140 - CRP (78 months of data),quarter,2021-Q4,745062,272358419.0,273.55937912093697,272.938566936381,274.1812544050062
HCPCS 86140 - CRP (78 months of data),92,HCPCS 86140 - CRP (78 months of data),quarter,2022-Q1,776341,277314434.0,279.9497266701956,279.327335289699,280.573162142731
HCPCS 86140 - CRP (78 months of data),92,HCPCS 86140 - CRP (78 months of data),quarter,2022-Q2,762908,282016994.5,270.5184491993443,269.9117568788309,271.1261682053873
HCPCS 86140 - CRP (78 months of data),92,HCPCS 86140 - CRP (78 months of data),quarter,2022-Q3,745764,287178648.0,259.68643741229675,259.0973855881827,260.27649747309994
HCPCS 86140 - CRP (78 months of data),92,HCPCS 86140 - CRP (78 months of data),quarter,2022-Q4,734131,292152539.0,251.28345709841665,250.70897018358286,251.85893508779498
HCPCS 86140 - CRP (78 months of data),92,HCPCS 86140 - CRP (78 months of data),quarter,2023-Q1,868803,297686543.0,291.85162058198915,291.2382481118839,292.46596567150436
HCPCS 86140 - CRP (78 months of data),92,HCPCS 86140 - CRP (78 months of data),quarter,2023-Q2,829647,298365151.0,278.06431053337053,277.4662899299756,278.6633015522465
HCPCS 86140 - CRP (78 months of data),92,HCPCS 86140 - CRP (78 months of data),quarter,2023-Q3,767047,289816874.0,264.6660939417903,264.07412944175053,265.25905749499196
HCPCS 86140 - CRP (78 months of data),92,HCPCS 86140 - CRP (78 months of data),quarter,2023-Q4,727402,276383178.0,263.18606120087384,262.5815873307841,263.7915826943184
HCPCS 86140 - CRP (78 months of data),92,HCPCS 86140 - CRP (78 months of data),quarter,2024-Q1,781004,267644460.0,291.80652571699034,291.1597125284587,292.45442071928477
HCPCS 86140 - CRP (78 months of data),92,HCPCS 86140 - CRP (78 months of data),quarter,2024-Q2,747195,258952546.0,288.5451452560733,287.8912593591569,289.20014928812697
HCPCS 85652 – ESR (78 months of data),95,HCPCS 85652 – ESR (78 months of data),quarter,2018-Q1,396504,230550049.0,171.98174614137687,171.44684547779266,172.51790287142148
HCPCS 85652 – ESR (78 months of data),95,HCPCS 85652 – ESR (78 months of data),quarter,2018-Q2,397999,228935769.0,173.84745150942314,173.30776379147204,174.38840414937755
HCPCS 85652 – ESR (78 months of data),95,HCPCS 85652 – ESR (78 months of data),quarter,2018-Q3,383662,227904788.0,168.34310650814407,167.81083897854984,168.87664469452702
HCPCS 85652 – ESR (78 months of data),95,HCPCS 85652 – ESR (78 months of data),quarter,2018-Q4,373199,226095567.0,165.06250208788924,164.53334758717352,165.59293742295029
HCPCS 85652 – ESR (78 months of data),95,HCPCS 85652 – ESR (78 months of data),quarter,2019-Q1,431968,225406912.0,191.63919871277062,191.0681316390488,192.21155048383793
HCPCS 85652 – ESR (78 months of data),95,HCPCS 85652 – ESR (78 months of data),quarter,2019-Q2,441093,224099443.0,196.82913714337076,196.24869866846262,197.41086780405112
HCPCS 85652 – ESR (78 months of data),95,HCPCS 85652 – ESR (78 months of data),quarter,2019-Q3,447294,225151016.0,198.6639935926383,198.08221637182774,199.24705695948097
HCPCS 85652 – ESR (78 months of data),95,HCPCS 85652 – ESR (78 months of data),quarter,2019-Q4,429997,223888589.0,192.05847065300858,191.4848449755332,192.6333897416577
HCPCS 85652 – ESR (78 months of data),95,HCPCS 85652 – ESR (78 months of data),quarter,2020-Q1,442482,223452397.0,198.02069968396893,197.43766395430856,198.60503134011753
HCPCS 85652 – ESR (78 months of data),95,HCPCS 85652 – ESR (78 months of data),quarter,2020-Q2,340461,231340007.0,147.1690973018774,146.67516084102297,147.6642855933314
HCPCS 85652 – ESR (78 months of data),95,HCPCS 85652 – ESR (78 months of data),quarter,2020-Q3,466609,240451013.0,194.0557430714588,193.49933860988915,194.61335182831812
HCPCS 85652 – ESR (78 months of data),95,HCPCS 85652 – ESR (78 months of data),quarter,2020-Q4,479800,252197294.0,190.24787791735784,189.7099369535948,190.78696707756941
HCPCS 85652 – ESR (78 months of data),95,HCPCS 85652 – ESR (78 months of data),quarter,2021-Q1,553808,256211709.0,216.15249442015158,215.5835805109163,216.7225384972867
HCPCS 85652 – ESR (78 months of data),95,HCPCS 85652 – ESR (78 months of data),quarter,2021-Q2,582582,261559386.0,222.73412126758853,222.16253577800907,223.30681380578716
HCPCS 85652 – ESR (78 months of data),95,HCPCS 85652 – ESR (78 months of data),quarter,2021-Q3,576453,266799594.0,216.0621728682241,215.5047711523807,216.62065989170705
HCPCS 85652 – ESR (78 months of data),95,HCPCS 85652 – ESR (78 months of data),quarter,2021-Q4,546887,272358419.0,200.79680371474035,200.2649745775758,201.32969602109367
HCPCS 85652 – ESR (78 months of data),95,HCPCS 85652 – ESR (78 months of data),quarter,2022-Q1,579794,277314434.0,209.07458426776302,208.53676458058595,209.61344810998503
HCPCS 85652 – ESR (78 months of data),95,HCPCS 85652 – ESR (78 months of data),quarter,2022-Q2,586506,282016994.5,207.96831802276367,207.43641207648855,208.50125071045048
HCPCS 85652 – ESR (78 months of data),95,HCPCS 85652 – ESR (78 months of data),quarter,2022-Q3,574350,287178648.0,199.9974594211475,199.4805586575467,200.51536847654023
HCPCS 85652 – ESR (78 months of data),95,HCPCS 85652 – ESR (78 months of data),quarter,2022-Q4,553450,292152539.0,189.43870961874475,188.93994532813468,189.93846504327627
HCPCS 85652 – ESR (78 months of data),95,HCPCS 85652 – ESR (78 months of data),quarter,2023-Q1,674199,297686543.0,226.47950196391645,225.93921161770774,227.02076497726475
HCPCS 85652 – ESR (78 months of data),95,HCPCS 85652 – ESR (78 months of data),quarter,2023-Q2,648226,298365151.0,217.2592870941553,216.73071721659605,217.78882743453184
HCPCS 85652 – ESR (78 months of data),95,HCPCS 85652 – ESR (78 months of data),quarter,2023-Q3,592997,289816874.0,204.61092958997273,204.090480825768,205.13237746034073
HCPCS 85652 – ESR (78 months of data),95,HCPCS 85652 – ESR (78 months of data),quarter,2023-Q4,544234,276383178.0,196.91285263388932,196.39004169141663,197.43671126458955
HCPCS 85652 – ESR (78 months of data),95,HCPCS 85652 – ESR (78 months of data),quarter,2024-Q1,599858,267644460.0,224.12494545936053,223.55812837026912,224.69284442063193
HCPCS 85652 – ESR (78 months of data),95,HCPCS 85652 – ESR (78 months of data),quarter,2024-Q2,581943,258952546.0,224.72959196160983,224.1525693113327,225.30773280528578
HCPCS 86038 - ANA (78 months of data),99,HCPCS 86038 - ANA (78 months of data),quarter,2018-Q1,192430,230550049.0,83.46560793834401,83.09309585165317,83.83937638528107
HCPCS 86038 - ANA (78 months of data),99,HCPCS 86038 - ANA (78 months of data),quarter,2018-Q2,195075,228935769.0,85.2094894791211,84.83177849563758,85.58846567510884
HCPCS 86038 - ANA (78 months of data),99,HCPCS 86038 - ANA (78 months of data),quarter,2018-Q3,184299,227904788.0,80.86666437214123,80.49788486689076,81.23671484142265
HCPCS 86038 - ANA (78 months of data),99,HCPCS 86038 - ANA (78 months of data),quarter,2018-Q4,175369,226095567.0,77.56410367833527,77.20150118532364,77.92798733102609
HCPCS 86038 - ANA (78 months of data),99,HCPCS 86038 - ANA (78 months of data),quarter,2019-Q1,204599,225406912.0,90.76873383545576,90.37584635047206,91.16290631730381
HCPCS 86038 - ANA (78 months of data),99,HCPCS 86038 - ANA (78 months of data),quarter,2019-Q2,205505,224099443.0,91.70259294218772,91.30653829258144,92.09994008361565
HCPCS 86038 - ANA (78 months of data),99,HCPCS 86038 - ANA (78 months of data),quarter,2019-Q3,202699,225151016.0,90.02801923842974,89.6365177753024,90.42080716338467
HCPCS 86038 - ANA (78 months of data),99,HCPCS 86038 - ANA (78 months of data),quarter,2019-Q4,189046,223888589.0,84.43753245503727,84.05732842738844,84.81903023288099
HCPCS 86038 - ANA (78 months of data),99,HCPCS 86038 - ANA (78 months of data),quarter,2020-Q1,195465,223452397.0,87.47500703695741,87.08764021751638,87.86367011537871
HCPCS 86038 - ANA (78 months of data),99,HCPCS 86038 - ANA (78 months of data),quarter,2020-Q2,135542,231340007.0,58.58995240715109,58.27844844332325,58.90270862593695
HCPCS 86038 - ANA (78 months of data),99,HCPCS 86038 - ANA (78 months of data),quarter,2020-Q3,210181,240451013.0,87.41115180912131,87.03785008027329,87.78565812545251
HCPCS 86038 - ANA (78 months of data),99,HCPCS 86038 - ANA (78 months of data),quarter,2020-Q4,212435,252197294.0,84.23365557601899,83.8758353069153,84.59262432352084
HCPCS 86038 - ANA (78 months of data),99,HCPCS 86038 - ANA (78 months of data),quarter,2021-Q1,246134,256211709.0,96.0666477580851,95.68749734619578,96.44692859474446
HCPCS 86038 - ANA (78 months of data),99,HCPCS 86038 - ANA (78 months of data),quarter,2021-Q2,262018,261559386.0,100.17533838376573,99.79213176657676,100.5596522905425
HCPCS 86038 - ANA (78 months of data),99,HCPCS 86038 - ANA (78 months of data),quarter,2021-Q3,248992,266799594.0,93.32547934836812,92.95926557676312,93.69277867981825
HCPCS 86038 - ANA (78 months of data),99,HCPCS 86038 - ANA (78 months of data),quarter,2021-Q4,233545,272358419.0,85.74913926196642,85.40171678541705,86.09762516557723
HCPCS 86038 - ANA (78 months of data),99,HCPCS 86038 - ANA (78 months of data),quarter,2022-Q1,253270,277314434.0,91.32954110855982,90.97419618685039,91.68593042329628
HCPCS 86038 - ANA (78 months of data),99,HCPCS 86038 - ANA (78 months of data),quarter,2022-Q2,261781,282016994.5,92.82454784830351,92.46930009436143,93.18082256897789
HCPCS 86038 - ANA (78 months of data),99,HCPCS 86038 - ANA (78 months of data),quarter,2022-Q3,256294,287178648.0,89.24549293093683,88.90030924839938,89.59168512894585
HCPCS 86038 - ANA (78 months of data),99,HCPCS 86038 - ANA (78 months of data),quarter,2022-Q4,239164,292152539.0,81.86271487443756,81.53495422657677,82.19146689111977
HCPCS 86038 - ANA (78 months of data),99,HCPCS 86038 - ANA (78 months of data),quarter,2023-Q1,298409,297686543.0,100.24269051355809,99.88334654863006,100.60300734724642
HCPCS 86038 - ANA (78 months of data),99,HCPCS 86038 - ANA (78 months of data),quarter,2023-Q2,294229,298365151.0,98.61372851818072,98.25772399374439,98.97070370291783
HCPCS 86038 - ANA (78 months of data),99,HCPCS 86038 - ANA (78 months of data),quarter,2023-Q3,262488,289816874.0,90.57029577925817,90.22414192442842,90.9174489610399
HCPCS 86038 - ANA (78 months of data),99,HCPCS 86038 - ANA (78 months of data),quarter,2023-Q4,235019,276383178.0,85.03375701107251,84.69031400522117,85.37824795579888
HCPCS 86038 - ANA (78 months of data),99,HCPCS 86038 - ANA (78 months of data),quarter,2024-Q1,265037,267644460.0,99.02577471620374,98.64912721865642,99.40350432429342
HCPCS 86038 - ANA (78 months of data),99,HCPCS 86038 - ANA (78 months of data),quarter,2024-Q2,265410,258952546.0,102.49368237530284,102.10411835975357,102.88436482263631
HCPCS 86235 – ENA panel (78 months of data),102,HCPCS 86235 – ENA panel (78 months of data),quarter,2018-Q1,51643,230550049.0,22.39990849015174,22.207127878852262,22.59394636232621
HCPCS 86235 – ENA panel (78 months of data),102,HCPCS 86235 – ENA panel (78 months of data),quarter,2018-Q2,54094,228935769.0,23.628461483447786,23.429758229282985,23.828430820613946
HCPCS 86235 – ENA panel (78 months of data),102,HCPCS 86235 – ENA panel (78 months of data),quarter,2018-Q3,52700,227904788.0,23.12369146013729,22.92668337863156,23.321971376331952
HCPCS 86235 – ENA panel (78 months of data),102,HCPCS 86235 – ENA panel (78 months of data),quarter,2018-Q4,51481,226095567.0,22.76957513280214,22.57330562972063,22.96712667001334
HCPCS 86235 – ENA panel (78 months of data),102,HCPCS 86235 – ENA panel (78 months of data),quarter,2019-Q1,63154,225406912.0,28.017774361772897,27.79967984243217,28.23715464616253
HCPCS 86235 – ENA panel (78 months of data),102,HCPCS 86235 – ENA panel (78 months of data),quarter,2019-Q2,63936,224099443.0,28.5301913936484,28.309467858040065,28.752208185214386
HCPCS 86235 – ENA panel (78 months of data),102,HCPCS 86235 – ENA panel (78 months of data),quarter,2019-Q3,62722,225151016.0,27.857746820027675,27.640153926610196,28.076626945781488
HCPCS 86235 – ENA panel (78 months of data),102,HCPCS 86235 – ENA panel (78 months of data),quarter,2019-Q4,59176,223888589.0,26.431003145050862,26.21847097079201,26.644829861429365
HCPCS 86235 – ENA panel (78 months of data),102,HCPCS 86235 – ENA panel (78 months of data),quarter,2020-Q1,63855,223452397.0,28.576556285498253,28.35533414049323,28.799075432411144
HCPCS 86235 – ENA panel (78 months of data),102,HCPCS 86235 – ENA panel (78 months of data),quarter,2020-Q2,44090,231340007.0,19.058527995981258,18.88104127274981,19.23726784007229
HCPCS 86235 – ENA panel (78 months of data),102,HCPCS 86235 – ENA panel (78 months of data),quarter,2020-Q3,67370,240451013.0,28.018180983916253,27.80700484063045,28.23056239533693
HCPCS 86235 – ENA panel (78 months of data),102,HCPCS 86235 – ENA panel (78 months of data),quarter,2020-Q4,69225,252197294.0,27.44874812177802,27.244649442770633,27.653995912466236
HCPCS 86235 – ENA panel (78 months of data),102,HCPCS 86235 – ENA panel (78 months of data),quarter,2021-Q1,80979,256211709.0,31.60628384864331,31.388965342494227,31.8247333522613
HCPCS 86235 – ENA panel (78 months of data),102,HCPCS 86235 – ENA panel (78 months of data),quarter,2021-Q2,86605,261559386.0,33.11102741310151,32.890869103482714,33.33229355309265
HCPCS 86235 – ENA panel (78 months of data),102,HCPCS 86235 – ENA panel (78 months of data),quarter,2021-Q3,84047,266799594.0,31.501922000675904,31.28930448003389,31.715625611638956
HCPCS 86235 – ENA panel (78 months of data),102,HCPCS 86235 – ENA panel (78 months of data),quarter,2021-Q4,80824,272358419.0,29.675601839941656,29.4713630935185,29.880904534103884
HCPCS 86235 – ENA panel (78 months of data),102,HCPCS 86235 – ENA panel (78 months of data),quarter,2022-Q1,90562,277314434.0,32.65679275821611,32.4444437509313,32.870186630271924
HCPCS 86235 – ENA panel (78 months of data),102,HCPCS 86235 – ENA panel (78 months of data),quarter,2022-Q2,91966,282016994.5,32.61009151702026,32.39966840699751,32.821542060124145
HCPCS 86235 – ENA panel (78 months of data),102,HCPCS 86235 – ENA panel (78 months of data),quarter,2022-Q3,90449,287178648.0,31.495725963582085,31.29079904540251,31.70166185749075
HCPCS 86235 – ENA panel (78 months of data),102,HCPCS 86235 – ENA panel (78 months of data),quarter,2022-Q4,88384,292152539.0,30.252689332266936,30.053567764073666,30.452802711340162
HCPCS 86235 – ENA panel (78 months of data),102,HCPCS 86235 – ENA panel (78 months of data),quarter,2023-Q1,110878,297686543.0,37.24656105801866,37.02764354869788,37.46645182184181
HCPCS 86235 – ENA panel (78 months of data),102,HCPCS 86235 – ENA panel (78 months of data),quarter,2023-Q2,108948,298365151.0,36.51498830706271,36.29848079384654,36.73246686988181
HCPCS 86235 – ENA panel (78 months of data),102,HCPCS 86235 – ENA panel (78 months of data),quarter,2023-Q3,97495,289816874.0,33.64020826475411,33.42937334884996,33.852042930249404
HCPCS 86235 – ENA panel (78 months of data),102,HCPCS 86235 – ENA panel (78 months of data),quarter,2023-Q4,89185,276383178.0,32.2686064489786,32.05717059654259,32.48109069584535
HCPCS 86235 – ENA panel (78 months of data),102,HCPCS 86235 – ENA panel (78 months of data),quarter,2024-Q1,100642,267644460.0,37.602870614246974,37.37090851907187,37.83591526259627
HCPCS 86235 – ENA panel (78 months of data),102,HCPCS 86235 – ENA panel (78 months of data),quarter,2024-Q2,100833,258952546.0,38.93879460061381,38.69881880550321,39.17988928438473
"Custom Aggregate 86146, 86147 and 86148",111,"Custom Aggregate 86146, 86147 and 86148",quarter,2018-Q1,24721,230550049.0,10.722617543230276,10.589364397629542,10.857128781453326
"Custom Aggregate 86146, 86147 and 86148",111,"Custom Aggregate 86146, 86147 and 86148",quarter,2018-Q2,24463,228935769.0,10.685529878906777,10.55204138952728,10.820285346309106
"Custom Aggregate 86146, 86147 and 86148",111,"Custom Aggregate 86146, 86147 and 86148",quarter,2018-Q3,24223,227904788.0,10.62856125690523,10.495130342814583,10.763264894053794
"Custom Aggregate 86146, 86147 and 86148",111,"Custom Aggregate 86146, 86147 and 86148",quarter,2018-Q4,24312,226095567.0,10.752975090396179,10.618228828456095,10.889004254655243
"Custom Aggregate 86146, 86147 and 86148",111,"Custom Aggregate 86146, 86147 and 86148",quarter,2019-Q1,30679,225406912.0,13.610496558330917,13.458616643456455,13.763662989378393
"Custom Aggregate 86146, 86147 and 86148",111,"Custom Aggregate 86146, 86147 and 86148",quarter,2019-Q2,32029,224099443.0,14.292315755555002,14.136215528971773,14.449709951166788
"Custom Aggregate 86146, 86147 and 86148",111,"Custom Aggregate 86146, 86147 and 86148",quarter,2019-Q3,32070,225151016.0,14.243773166006942,14.088302326692913,14.400531929284726
"Custom Aggregate 86146, 86147 and 86148",111,"Custom Aggregate 86146, 86147 and 86148",quarter,2019-Q4,31485,223888589.0,14.062797992799894,13.907886950959488,14.219004243309602
"Custom Aggregate 86146, 86147 and 86148",111,"Custom Aggregate 86146, 86147 and 86148",quarter,2020-Q1,26036,149176444.0,17.4531576848688,17.24179375267755,17.66646587442455
"Custom Aggregate 86146, 86147 and 86148",111,"Custom Aggregate 86146, 86147 and 86148",quarter,2020-Q2,12591,78055480.0,16.130834119526263,15.850292453256127,16.415094971744647
"Custom Aggregate 86146, 86147 and 86148",111,"Custom Aggregate 86146, 86147 and 86148",quarter,2020-Q3,39426,240451013.0,16.39668700418409,16.2352312201458,16.559348538125125
"Custom Aggregate 86146, 86147 and 86148",111,"Custom Aggregate 86146, 86147 and 86148",quarter,2020-Q4,41775,252197294.0,16.564412463521517,16.40594615518813,16.72402830729924
"Custom Aggregate 86146, 86147 and 86148",111,"Custom Aggregate 86146, 86147 and 86148",quarter,2021-Q1,50954,256211709.0,19.887459554005005,19.715151030043604,20.06089942539643
"Custom Aggregate 86146, 86147 and 86148",111,"Custom Aggregate 86146, 86147 and 86148",quarter,2021-Q2,53038,261559386.0,20.27761297772736,20.105402975549367,20.45093116362928
"Custom Aggregate 86146, 86147 and 86148",111,"Custom Aggregate 86146, 86147 and 86148",quarter,2021-Q3,50324,266799594.0,18.862097668709346,18.69765550477554,19.02762629293275
"Custom Aggregate 86146, 86147 and 86148",111,"Custom Aggregate 86146, 86147 and 86148",quarter,2021-Q4,48252,272358419.0,17.716360734198563,17.558633141843394,17.87515264626276
"Custom Aggregate 86146, 86147 and 86148",111,"Custom Aggregate 86146, 86147 and 86148",quarter,2022-Q1,57936,277314434.0,20.89180832181278,20.72203227982452,21.062629522135218
"Custom Aggregate 86146, 86147 and 86148",111,"Custom Aggregate 86146, 86147 and 86148",quarter,2022-Q2,57131,282016994.5,20.257999026367187,20.092220179038588,20.424805614408424
"Custom Aggregate 86146, 86147 and 86148",111,"Custom Aggregate 86146, 86147 and 86148",quarter,2022-Q3,56697,287178648.0,19.742763048316878,19.580584648948978,19.90595072157511
"Custom Aggregate 86146, 86147 and 86148",111,"Custom Aggregate 86146, 86147 and 86148",quarter,2022-Q4,52219,292152539.0,17.873881972321314,17.720902704693337,18.027853390061388
"Custom Aggregate 86146, 86147 and 86148",111,"Custom Aggregate 86146, 86147 and 86148",quarter,2023-Q1,65384,297686543.0,21.964042895953146,21.79600683073039,22.133052514182474
"Custom Aggregate 86146, 86147 and 86148",111,"Custom Aggregate 86146, 86147 and 86148",quarter,2023-Q2,64208,298365151.0,21.51993950526749,21.353803053469115,21.687047307499796
"Custom Aggregate 86146, 86147 and 86148",111,"Custom Aggregate 86146, 86147 and 86148",quarter,2023-Q3,56473,289816874.0,19.485752924103377,19.32536926195089,19.64713667545617
"Custom Aggregate 86146, 86147 and 86148",111,"Custom Aggregate 86146, 86147 and 86148",quarter,2023-Q4,53026,276383178.0,19.185682856573855,19.022727802044546,19.34968665764625
"Custom Aggregate 86146, 86147 and 86148",111,"Custom Aggregate 86146, 86147 and 86148",quarter,2024-Q1,59863,267644460.0,22.366612781747847,22.187795370139852,22.54651308852562
"Custom Aggregate 86146, 86147 and 86148",111,"Custom Aggregate 86146, 86147 and 86148",quarter,2024-Q2,61914,258952546.0,23.909399987131234,23.721434789186794,24.0984844025346
Custom Aggregate 85613 and 83516,114,Custom Aggregate 85613 and 83516,quarter,2018-Q1,126654,230550049.0,54.93557713362273,54.633441530872915,55.23896932185735
Custom Aggregate 85613 and 83516,114,Custom Aggregate 85613 and 83516,quarter,2018-Q2,126403,228935769.0,55.21330308152939,54.90933910334444,55.518532506871885
Custom Aggregate 85613 and 83516,114,Custom Aggregate 85613 and 83516,quarter,2018-Q3,126544,227904788.0,55.52494140667198,55.219431891554294,55.83172209282209
Custom Aggregate 85613 and 83516,114,Custom Aggregate 85613 and 83516,quarter,2018-Q4,124188,226095567.0,54.92721579985688,54.622145733209315,55.23356722096581
Custom Aggregate 85613 and 83516,114,Custom Aggregate 85613 and 83516,quarter,2019-Q1,144077,225406912.0,63.91862552999262,63.588997103340304,64.24953913760751
Custom Aggregate 85613 and 83516,114,Custom Aggregate 85613 and 83516,quarter,2019-Q2,140996,224099443.0,62.91671148865818,62.58872862347112,63.245987045481435
Custom Aggregate 85613 and 83516,114,Custom Aggregate 85613 and 83516,quarter,2019-Q3,143267,225151016.0,63.63151388133198,63.302440944976226,63.961873462560874
Custom Aggregate 85613 and 83516,114,Custom Aggregate 85613 and 83516,quarter,2019-Q4,138500,223888589.0,61.86112504376005,61.53575584439372,62.18778816264397
Custom Aggregate 85613 and 83516,114,Custom Aggregate 85613 and 83516,quarter,2020-Q1,106889,149176444.0,71.65273359110236,71.22381824708135,72.08359113321546
Custom Aggregate 85613 and 83516,114,Custom Aggregate 85613 and 83516,quarter,2020-Q2,45029,78055480.0,57.688454417293954,57.1568362213242,58.22378653704037
Custom Aggregate 85613 and 83516,114,Custom Aggregate 85613 and 83516,quarter,2020-Q3,147976,240451013.0,61.54101750446774,61.22785414857032,61.85538561823645
Custom Aggregate 85613 and 83516,114,Custom Aggregate 85613 and 83516,quarter,2020-Q4,150947,252197294.0,59.85274370152442,59.55117995099851,60.155456087423204
Custom Aggregate 85613 and 83516,114,Custom Aggregate 85613 and 83516,quarter,2021-Q1,177835,256211709.0,69.40939611780193,69.0871708743588,69.73275192197596
Custom Aggregate 85613 and 83516,114,Custom Aggregate 85613 and 83516,quarter,2021-Q2,191493,261559386.0,73.21205441275963,72.88450700365901,73.54070923561551
Custom Aggregate 85613 and 83516,114,Custom Aggregate 85613 and 83516,quarter,2021-Q3,189452,266799594.0,71.00910355958038,70.68970726198334,71.3295855247372
Custom Aggregate 85613 and 83516,114,Custom Aggregate 85613 and 83516,quarter,2021-Q4,184207,272358419.0,67.63403924737865,67.32552808982295,67.94361392573923
Custom Aggregate 85613 and 83516,114,Custom Aggregate 85613 and 83516,quarter,2022-Q1,82955,277314434.0,29.913697171637303,29.710476841964045,30.117962418691825
Custom Aggregate 85613 and 83516,114,Custom Aggregate 85613 and 83516,quarter,2022-Q2,81344,282016994.5,28.843651831769307,28.645773325457842,29.042557843611647
Custom Aggregate 85613 and 83516,114,Custom Aggregate 85613 and 83516,quarter,2022-Q3,87376,287178648.0,30.425660336697455,30.224250348639764,30.628079320246098
Custom Aggregate 85613 and 83516,114,Custom Aggregate 85613 and 83516,quarter,2022-Q4,84838,292152539.0,29.038939825883215,28.84386014151731,29.23501134444532
Custom Aggregate 85613 and 83516,114,Custom Aggregate 85613 and 83516,quarter,2023-Q1,99932,297686543.0,33.569538949565484,33.361724191233115,33.77832701509295
Custom Aggregate 85613 and 83516,114,Custom Aggregate 85613 and 83516,quarter,2023-Q2,94297,298365151.0,31.604562290185157,31.40315993757605,31.806935766845484
Custom Aggregate 85613 and 83516,114,Custom Aggregate 85613 and 83516,quarter,2023-Q3,85563,289816874.0,29.52312569626294,29.32563397258317,29.72161724251203
Custom Aggregate 85613 and 83516,114,Custom Aggregate 85613 and 83516,quarter,2023-Q4,80079,276383178.0,28.973905206343638,28.773571950735885,29.175286922007352
Custom Aggregate 85613 and 83516,114,Custom Aggregate 85613 and 83516,quarter,2024-Q1,85015,267644460.0,31.764154580296562,31.550989151429707,31.978402663848644
Custom Aggregate 85613 and 83516,114,Custom Aggregate 85613 and 83516,quarter,2024-Q2,79520,258952546.0,30.70832908512898,30.49525986080854,30.922517348210082
HCPCS 86665 – EBV antibodies (78 months of data),119,HCPCS 86665 – EBV antibodies (78 months of data),quarter,2018-Q1,29728,230550049.0,12.89438025667043,12.748214548667287,13.04180381954466
HCPCS 86665 – EBV antibodies (78 months of data),119,HCPCS 86665 – EBV antibodies (78 months of data),quarter,2018-Q2,26405,228935769.0,11.533802740977537,11.395100780223416,11.673771577370694
HCPCS 86665 – EBV antibodies (78 months of data),119,HCPCS 86665 – EBV antibodies (78 months of data),quarter,2018-Q3,23342,227904788.0,10.241996319972005,10.111021992163026,10.37424342240033
HCPCS 86665 – EBV antibodies (78 months of data),119,HCPCS 86665 – EBV antibodies (78 months of data),quarter,2018-Q4,26717,226095567.0,11.816684579224855,11.675410473241893,11.95924145968621
HCPCS 86665 – EBV antibodies (78 months of data),119,HCPCS 86665 – EBV antibodies (78 months of data),quarter,2019-Q1,32662,225406912.0,14.490238879631164,14.333513889297588,14.648250309729269
HCPCS 86665 – EBV antibodies (78 months of data),119,HCPCS 86665 – EBV antibodies (78 months of data),quarter,2019-Q2,30355,224099443.0,13.545325947106438,13.393370977675284,13.69857495193166
HCPCS 86665 – EBV antibodies (78 months of data),119,HCPCS 86665 – EBV antibodies (78 months of data),quarter,2019-Q3,28407,225151016.0,12.616865117766112,12.470567072984327,12.764451238218614
HCPCS 86665 – EBV antibodies (78 months of data),119,HCPCS 86665 – EBV antibodies (78 months of data),quarter,2019-Q4,31450,223888589.0,14.047165217518076,13.892340537994029,14.203285107081497
HCPCS 86665 – EBV antibodies (78 months of data),119,HCPCS 86665 – EBV antibodies (78 months of data),quarter,2020-Q1,33493,223452397.0,14.988874789291252,14.828775035080453,15.15027220537547
HCPCS 86665 – EBV antibodies (78 months of data),119,HCPCS 86665 – EBV antibodies (78 months of data),quarter,2020-Q2,14154,231340007.0,6.11826729995733,6.017882818032477,6.219906443097094
HCPCS 86665 – EBV antibodies (78 months of data),119,HCPCS 86665 – EBV antibodies (78 months of data),quarter,2020-Q3,20973,240451013.0,8.722358761699207,8.604707029753396,8.841217003930701
HCPCS 86665 – EBV antibodies (78 months of data),119,HCPCS 86665 – EBV antibodies (78 months of data),quarter,2020-Q4,22362,252197294.0,8.866867540616832,8.751028340638918,8.983856972239739
HCPCS 86665 – EBV antibodies (78 months of data),119,HCPCS 86665 – EBV antibodies (78 months of data),quarter,2021-Q1,26831,256211709.0,10.472198989157048,10.34726432006882,10.598265645348075
HCPCS 86665 – EBV antibodies (78 months of data),119,HCPCS 86665 – EBV antibodies (78 months of data),quarter,2021-Q2,28790,261559386.0,11.007060553353647,10.880278254362091,11.13495161650143
HCPCS 86665 – EBV antibodies (78 months of data),119,HCPCS 86665 – EBV antibodies (78 months of data),quarter,2021-Q3,29530,266799594.0,11.06823273501683,10.94234879355531,11.195203636158542
HCPCS 86665 – EBV antibodies (78 months of data),119,HCPCS 86665 – EBV antibodies (78 months of data),quarter,2021-Q4,32764,272358419.0,12.029736448132342,11.899826154172443,12.160711411113526
HCPCS 86665 – EBV antibodies (78 months of data),119,HCPCS 86665 – EBV antibodies (78 months of data),quarter,2022-Q1,36718,277314434.0,13.240565761535514,13.10547755238867,13.376699504561383
HCPCS 86665 – EBV antibodies (78 months of data),119,HCPCS 86665 – EBV antibodies (78 months of data),quarter,2022-Q2,36302,282016994.5,12.87227390830165,12.740194802109226,13.005381124711553
HCPCS 86665 – EBV antibodies (78 months of data),119,HCPCS 86665 – EBV antibodies (78 months of data),quarter,2022-Q3,34554,287178648.0,12.03223158847102,11.905695763420978,12.1597770895035
HCPCS 86665 – EBV antibodies (78 months of data),119,HCPCS 86665 – EBV antibodies (78 months of data),quarter,2022-Q4,38351,292152539.0,13.127046621354195,12.995991871187169,13.259093766268593
HCPCS 86665 – EBV antibodies (78 months of data),119,HCPCS 86665 – EBV antibodies (78 months of data),quarter,2023-Q1,52876,297686543.0,17.762307784265545,17.61122888703326,17.914360378535154
HCPCS 86665 – EBV antibodies (78 months of data),119,HCPCS 86665 – EBV antibodies (78 months of data),quarter,2023-Q2,45528,298365151.0,15.259154712743246,15.119307526841789,15.399973491900928
HCPCS 86665 – EBV antibodies (78 months of data),119,HCPCS 86665 – EBV antibodies (78 months of data),quarter,2023-Q3,34871,289816874.0,12.032080644138063,11.90612136011174,12.15904040471166
HCPCS 86665 – EBV antibodies (78 months of data),119,HCPCS 86665 – EBV antibodies (78 months of data),quarter,2023-Q4,33845,276383178.0,12.245680162198584,12.115561281784615,12.37684817617641
HCPCS 86665 – EBV antibodies (78 months of data),119,HCPCS 86665 – EBV antibodies (78 months of data),quarter,2024-Q1,38873,267644460.0,14.524119049577937,14.380090990778259,14.669230363673552
HCPCS 86665 – EBV antibodies (78 months of data),119,HCPCS 86665 – EBV antibodies (78 months of data),quarter,2024-Q2,35029,258952546.0,13.527188877301096,13.385896776126728,13.669600696380591
HCPCS 83690 - Lipase (75 months of data),124,HCPCS 83690 - Lipase (75 months of data),quarter,2018-Q1,1011691,230550049.0,438.8162155628083,437.96154632843354,439.6721406112943
HCPCS 83690 - Lipase (75 months of data),124,HCPCS 83690 - Lipase (75 months of data),quarter,2018-Q2,1031598,228935769.0,450.60586404040686,449.7367375949189,451.476255150922
HCPCS 83690 - Lipase (75 months of data),124,HCPCS 83690 - Lipase (75 months of data),quarter,2018-Q3,1023793,227904788.0,449.2196100768186,448.34986252879366,450.090628012491
HCPCS 83690 - Lipase (75 months of data),124,HCPCS 83690 - Lipase (75 months of data),quarter,2018-Q4,966720,226095567.0,427.5714083328312,426.719500034303,428.4245971971332
HCPCS 83690 - Lipase (75 months of data),124,HCPCS 83690 - Lipase (75 months of data),quarter,2019-Q1,1107301,225406912.0,491.24536163292095,490.3307974642209,492.1612102507191
HCPCS 83690 - Lipase (75 months of data),124,HCPCS 83690 - Lipase (75 months of data),quarter,2019-Q2,1152762,224099443.0,514.397530207159,513.4589279594535,515.3374243895814
HCPCS 83690 - Lipase (75 months of data),124,HCPCS 83690 - Lipase (75 months of data),quarter,2019-Q3,1161628,225151016.0,515.9328261703247,514.9950203713978,516.8719178684081
HCPCS 83690 - Lipase (75 months of data),124,HCPCS 83690 - Lipase (75 months of data),quarter,2019-Q4,1124734,223888589.0,502.363253537678,501.43526401873726,503.29253621310227
HCPCS 83690 - Lipase (75 months of data),124,HCPCS 83690 - Lipase (75 months of data),quarter,2020-Q1,776114,149176444.0,520.2657867350692,519.1089495061278,521.4245648991963
HCPCS 83690 - Lipase (75 months of data),124,HCPCS 83690 - Lipase (75 months of data),quarter,2020-Q2,337253,78055480.0,432.0683185857034,430.61131390251495,433.5290334414023
HCPCS 83690 - Lipase (75 months of data),124,HCPCS 83690 - Lipase (75 months of data),quarter,2020-Q3,1086082,240451013.0,451.68535014655976,450.8362648464654,452.5356395364448
HCPCS 83690 - Lipase (75 months of data),124,HCPCS 83690 - Lipase (75 months of data),quarter,2020-Q4,1049444,252197294.0,416.12024592143325,415.3244854738787,416.9171543838306
HCPCS 83690 - Lipase (75 months of data),124,HCPCS 83690 - Lipase (75 months of data),quarter,2021-Q1,1156740,256211709.0,451.4781953232278,450.655816759729,452.3017038963369
HCPCS 83690 - Lipase (75 months of data),124,HCPCS 83690 - Lipase (75 months of data),quarter,2021-Q2,1371592,261559386.0,524.3902812954302,523.5130563233108,525.2686131452625
HCPCS 83690 - Lipase (75 months of data),124,HCPCS 83690 - Lipase (75 months of data),quarter,2021-Q3,1330397,266799594.0,498.6503090405752,497.80333220523596,499.4983710182717
HCPCS 83690 - Lipase (75 months of data),124,HCPCS 83690 - Lipase (75 months of data),quarter,2021-Q4,1214611,272358419.0,445.9605120559904,445.1677636319715,446.754323489179
HCPCS 83690 - Lipase (75 months of data),124,HCPCS 83690 - Lipase (75 months of data),quarter,2022-Q1,1260373,277314434.0,454.49239039609455,453.69927176998493,455.28655302796994
HCPCS 83690 - Lipase (75 months of data),124,HCPCS 83690 - Lipase (75 months of data),quarter,2022-Q2,1410947,282016994.5,500.30566508998095,499.48047992285996,501.1318768373638
HCPCS 83690 - Lipase (75 months of data),124,HCPCS 83690 - Lipase (75 months of data),quarter,2022-Q3,1357683,287178648.0,472.7659975612114,471.97109306945146,473.5619101874008
HCPCS 83690 - Lipase (75 months of data),124,HCPCS 83690 - Lipase (75 months of data),quarter,2022-Q4,1305564,292152539.0,446.8775128461232,446.1112923534476,447.6447243154487
HCPCS 83690 - Lipase (75 months of data),124,HCPCS 83690 - Lipase (75 months of data),quarter,2023-Q1,1551559,297686543.0,521.2056226538934,520.385829118597,522.0263887197274
HCPCS 83690 - Lipase (75 months of data),124,HCPCS 83690 - Lipase (75 months of data),quarter,2023-Q2,1551186,298365151.0,519.8951669794707,519.0773363604218,520.7139679171452
HCPCS 83690 - Lipase (75 months of data),124,HCPCS 83690 - Lipase (75 months of data),quarter,2023-Q3,1483264,289816874.0,511.79352655635915,510.97022058199605,512.6178314754704
HCPCS 83690 - Lipase (75 months of data),124,HCPCS 83690 - Lipase (75 months of data),quarter,2023-Q4,1336333,276383178.0,483.50735731101554,482.6879266431781,484.3278354932262
HCPCS 83690 - Lipase (75 months of data),124,HCPCS 83690 - Lipase (75 months of data),quarter,2024-Q1,1352671,267644460.0,505.3984678031445,504.54712316473706,506.2508941558458
HCPCS 83690 - Lipase (75 months of data),124,HCPCS 83690 - Lipase (75 months of data),quarter,2024-Q2,1333739,258952546.0,515.0515106346937,514.1777720057099,515.9263672887299
HCPCS 82150 - Amylase (75 months of data),126,HCPCS 82150 - Amylase (75 months of data),quarter,2018-Q1,185184,230550049.0,80.32268949984045,79.95726604389021,80.68936933480043
HCPCS 82150 - Amylase (75 months of data),126,HCPCS 82150 - Amylase (75 months of data),quarter,2018-Q2,178822,228935769.0,78.11011830134767,77.74850190502397,78.47299995323392
HCPCS 82150 - Amylase (75 months of data),126,HCPCS 82150 - Amylase (75 months of data),quarter,2018-Q3,169920,227904788.0,74.55745071928897,74.20336596151311,74.91280648258733
HCPCS 82150 - Amylase (75 months of data),126,HCPCS 82150 - Amylase (75 months of data),quarter,2018-Q4,154433,226095567.0,68.30430248992896,67.96405771311657,68.64582849430207
HCPCS 82150 - Amylase (75 months of data),126,HCPCS 82150 - Amylase (75 months of data),quarter,2019-Q1,170963,225406912.0,75.846387532251,75.48728056928671,76.2067795823308
HCPCS 82150 - Amylase (75 months of data),126,HCPCS 82150 - Amylase (75 months of data),quarter,2019-Q2,166292,224099443.0,74.20455748299206,73.84832969217452,74.56207787328186
HCPCS 82150 - Amylase (75 months of data),126,HCPCS 82150 - Amylase (75 months of data),quarter,2019-Q3,164357,225151016.0,72.99856021968829,72.64606757350329,73.35233943449036
HCPCS 82150 - Amylase (75 months of data),126,HCPCS 82150 - Amylase (75 months of data),quarter,2019-Q4,156138,223888589.0,69.73915048435094,69.3936578944013,70.08593692544667
HCPCS 82150 - Amylase (75 months of data),126,HCPCS 82150 - Amylase (75 months of data),quarter,2020-Q1,109829,149176444.0,73.62355413164293,73.18877142373601,74.06027901058873
HCPCS 82150 - Amylase (75 months of data),126,HCPCS 82150 - Amylase (75 months of data),quarter,2020-Q2,49101,78055480.0,62.90525662003488,62.35006753825998,63.46415937526842
HCPCS 82150 - Amylase (75 months of data),126,HCPCS 82150 - Amylase (75 months of data),quarter,2020-Q3,149459,240451013.0,62.15777514732284,61.84304448756787,62.47371055968345
HCPCS 82150 - Amylase (75 months of data),126,HCPCS 82150 - Amylase (75 months of data),quarter,2020-Q4,139663,252197294.0,55.37846889031252,55.08841003389051,55.669676421697005
HCPCS 82150 - Amylase (75 months of data),126,HCPCS 82150 - Amylase (75 months of data),quarter,2021-Q1,158011,256211709.0,61.672044816655905,61.368331215052834,61.97688903416787
HCPCS 82150 - Amylase (75 months of data),126,HCPCS 82150 - Amylase (75 months of data),quarter,2021-Q2,172366,261559386.0,65.89937475996369,65.58863447689076,66.21122250301683
HCPCS 82150 - Amylase (75 months of data),126,HCPCS 82150 - Amylase (75 months of data),quarter,2021-Q3,163051,266799594.0,61.11366121494173,60.81737983079777,61.411028332359976
HCPCS 82150 - Amylase (75 months of data),126,HCPCS 82150 - Amylase (75 months of data),quarter,2021-Q4,146222,272358419.0,53.68734351479695,53.41251347967932,53.96323717326033
HCPCS 82150 - Amylase (75 months of data),126,HCPCS 82150 - Amylase (75 months of data),quarter,2022-Q1,151766,277314434.0,54.72704677175225,54.45205256348478,55.00308557783468
HCPCS 82150 - Amylase (75 months of data),126,HCPCS 82150 - Amylase (75 months of data),quarter,2022-Q2,157055,282016994.5,55.68990630456492,55.414820265361946,55.96601950804719
HCPCS 82150 - Amylase (75 months of data),126,HCPCS 82150 - Amylase (75 months of data),quarter,2022-Q3,151984,287178648.0,52.92315464901833,52.65741524663654,53.189902768007336
HCPCS 82150 - Amylase (75 months of data),126,HCPCS 82150 - Amylase (75 months of data),quarter,2022-Q4,143362,292152539.0,49.07094098538709,48.817252626609495,49.32562091286942
HCPCS 82150 - Amylase (75 months of data),126,HCPCS 82150 - Amylase (75 months of data),quarter,2023-Q1,177677,297686543.0,59.685936156005546,59.40872794111703,59.96411741790284
HCPCS 82150 - Amylase (75 months of data),126,HCPCS 82150 - Amylase (75 months of data),quarter,2023-Q2,165110,298365151.0,55.33823217846243,55.07162634602022,55.60580887388531
HCPCS 82150 - Amylase (75 months of data),126,HCPCS 82150 - Amylase (75 months of data),quarter,2023-Q3,153783,289816874.0,53.0621277765904,52.79725164384532,53.328003438430805
HCPCS 82150 - Amylase (75 months of data),126,HCPCS 82150 - Amylase (75 months of data),quarter,2023-Q4,132467,276383178.0,47.92874912235071,47.67099060359176,48.18755582263172
HCPCS 82150 - Amylase (75 months of data),126,HCPCS 82150 - Amylase (75 months of data),quarter,2024-Q1,141985,267644460.0,53.04985576761051,52.77427210645052,53.32652179963585
HCPCS 82150 - Amylase (75 months of data),126,HCPCS 82150 - Amylase (75 months of data),quarter,2024-Q2,138268,258952546.0,53.39511124173307,53.11403528834336,53.67730590988426
HCPCS 82784 - Total serum IgA (75 months of data),130,HCPCS 82784 - Total serum IgA (75 months of data),quarter,2018-Q1,109414,230550049.0,47.45780817422425,47.17701663033572,47.739856394180585
HCPCS 82784 - Total serum IgA (75 months of data),130,HCPCS 82784 - Total serum IgA (75 months of data),quarter,2018-Q2,109196,228935769.0,47.69722113629173,47.414731919919454,47.980975891140645
HCPCS 82784 - Total serum IgA (75 months of data),130,HCPCS 82784 - Total serum IgA (75 months of data),quarter,2018-Q3,104905,227904788.0,46.03018695684445,45.75205946866234,46.30958573478842
HCPCS 82784 - Total serum IgA (75 months of data),130,HCPCS 82784 - Total serum IgA (75 months of data),quarter,2018-Q4,107747,226095567.0,47.65551197206799,47.37138108963173,47.94092429939923
HCPCS 82784 - Total serum IgA (75 months of data),130,HCPCS 82784 - Total serum IgA (75 months of data),quarter,2019-Q1,129939,225406912.0,57.64641325639562,57.333396405043416,57.960715349368
HCPCS 82784 - Total serum IgA (75 months of data),130,HCPCS 82784 - Total serum IgA (75 months of data),quarter,2019-Q2,128474,224099443.0,57.32901353083684,57.01595271277055,57.64336709593249
HCPCS 82784 - Total serum IgA (75 months of data),130,HCPCS 82784 - Total serum IgA (75 months of data),quarter,2019-Q3,127385,225151016.0,56.57758168854987,56.267308248272805,56.889141843227044
HCPCS 82784 - Total serum IgA (75 months of data),130,HCPCS 82784 - Total serum IgA (75 months of data),quarter,2019-Q4,125460,223888589.0,56.03679962447752,55.72714644472931,56.347746783309596
HCPCS 82784 - Total serum IgA (75 months of data),130,HCPCS 82784 - Total serum IgA (75 months of data),quarter,2020-Q1,97015,149176444.0,65.03372610222563,64.62513156180631,65.44426294042529
HCPCS 82784 - Total serum IgA (75 months of data),130,HCPCS 82784 - Total serum IgA (75 months of data),quarter,2020-Q2,40885,78055480.0,52.379410132382766,51.87290182392605,52.889632656827736
HCPCS 82784 - Total serum IgA (75 months of data),130,HCPCS 82784 - Total serum IgA (75 months of data),quarter,2020-Q3,130780,240451013.0,54.38945686621,54.09507495351604,54.685043604229136
HCPCS 82784 - Total serum IgA (75 months of data),130,HCPCS 82784 - Total serum IgA (75 months of data),quarter,2020-Q4,138375,252197294.0,54.867757621538956,54.57904109078342,55.15762283208126
HCPCS 82784 - Total serum IgA (75 months of data),130,HCPCS 82784 - Total serum IgA (75 months of data),quarter,2021-Q1,164766,256211709.0,64.30853634405912,63.99839094738595,64.61981233672427
HCPCS 82784 - Total serum IgA (75 months of data),130,HCPCS 82784 - Total serum IgA (75 months of data),quarter,2021-Q2,175524,261559386.0,67.10674875188765,66.7931714734306,67.42143348217517
HCPCS 82784 - Total serum IgA (75 months of data),130,HCPCS 82784 - Total serum IgA (75 months of data),quarter,2021-Q3,174578,266799594.0,65.43413255718824,65.12754475198771,65.74180606514014
HCPCS 82784 - Total serum IgA (75 months of data),130,HCPCS 82784 - Total serum IgA (75 months of data),quarter,2021-Q4,171758,272358419.0,63.06322405256729,62.7653320448238,63.36217961094614
HCPCS 82784 - Total serum IgA (75 months of data),130,HCPCS 82784 - Total serum IgA (75 months of data),quarter,2022-Q1,188251,277314434.0,67.88359238452045,67.5772831590484,68.19094611523728
HCPCS 82784 - Total serum IgA (75 months of data),130,HCPCS 82784 - Total serum IgA (75 months of data),quarter,2022-Q2,191376,282016994.5,67.85974027533294,67.55604618850964,68.16446144398437
HCPCS 82784 - Total serum IgA (75 months of data),130,HCPCS 82784 - Total serum IgA (75 months of data),quarter,2022-Q3,187860,287178648.0,65.41572686838472,65.12024664791265,65.712215717519
HCPCS 82784 - Total serum IgA (75 months of data),130,HCPCS 82784 - Total serum IgA (75 months of data),quarter,2022-Q4,186197,292152539.0,63.73280226737992,63.44364246790923,64.02295352707661
HCPCS 82784 - Total serum IgA (75 months of data),130,HCPCS 82784 - Total serum IgA (75 months of data),quarter,2023-Q1,236313,297686543.0,79.3831651301752,79.06342246633793,79.70388073729642
HCPCS 82784 - Total serum IgA (75 months of data),130,HCPCS 82784 - Total serum IgA (75 months of data),quarter,2023-Q2,224825,298365151.0,75.35229876762652,75.04114198118232,75.66442630150915
HCPCS 82784 - Total serum IgA (75 months of data),130,HCPCS 82784 - Total serum IgA (75 months of data),quarter,2023-Q3,205248,289816874.0,70.81989297835018,70.51383746616483,71.12694790381514
HCPCS 82784 - Total serum IgA (75 months of data),130,HCPCS 82784 - Total serum IgA (75 months of data),quarter,2023-Q4,193370,276383178.0,69.9644607169254,69.65296411997755,70.27700532763123
HCPCS 82784 - Total serum IgA (75 months of data),130,HCPCS 82784 - Total serum IgA (75 months of data),quarter,2024-Q1,218214,267644460.0,81.53129715444138,81.18956845575296,81.8741080362305
HCPCS 82784 - Total serum IgA (75 months of data),130,HCPCS 82784 - Total serum IgA (75 months of data),quarter,2024-Q2,206815,258952546.0,79.86598440318096,79.52214392667676,80.21094340899283
HCPCS 83516 - Deamidated gliadin peptide antibodies (75 months of data),132,HCPCS 83516 - Deamidated gliadin peptide antibodies (75 months of data),quarter,2018-Q1,126654,230550049.0,54.93557713362273,54.633441530872915,55.23896932185735
HCPCS 83516 - Deamidated gliadin peptide antibodies (75 months of data),132,HCPCS 83516 - Deamidated gliadin peptide antibodies (75 months of data),quarter,2018-Q2,126403,228935769.0,55.21330308152939,54.90933910334444,55.518532506871885
HCPCS 83516 - Deamidated gliadin peptide antibodies (75 months of data),132,HCPCS 83516 - Deamidated gliadin peptide antibodies (75 months of data),quarter,2018-Q3,126544,227904788.0,55.52494140667198,55.219431891554294,55.83172209282209
HCPCS 83516 - Deamidated gliadin peptide antibodies (75 months of data),132,HCPCS 83516 - Deamidated gliadin peptide antibodies (75 months of data),quarter,2018-Q4,124188,226095567.0,54.92721579985688,54.622145733209315,55.23356722096581
HCPCS 83516 - Deamidated gliadin peptide antibodies (75 months of data),132,HCPCS 83516 - Deamidated gliadin peptide antibodies (75 months of data),quarter,2019-Q1,144077,225406912.0,63.91862552999262,63.588997103340304,64.24953913760751
HCPCS 83516 - Deamidated gliadin peptide antibodies (75 months of data),132,HCPCS 83516 - Deamidated gliadin peptide antibodies (75 months of data),quarter,2019-Q2,140996,224099443.0,62.91671148865818,62.58872862347112,63.245987045481435
HCPCS 83516 - Deamidated gliadin peptide antibodies (75 months of data),132,HCPCS 83516 - Deamidated gliadin peptide antibodies (75 months of data),quarter,2019-Q3,143267,225151016.0,63.63151388133198,63.302440944976226,63.961873462560874
HCPCS 83516 - Deamidated gliadin peptide antibodies (75 months of data),132,HCPCS 83516 - Deamidated gliadin peptide antibodies (75 months of data),quarter,2019-Q4,138500,223888589.0,61.86112504376005,61.53575584439372,62.18778816264397
HCPCS 83516 - Deamidated gliadin peptide antibodies (75 months of data),132,HCPCS 83516 - Deamidated gliadin peptide antibodies (75 months of data),quarter,2020-Q1,106889,149176444.0,71.65273359110236,71.22381824708135,72.08359113321546
HCPCS 83516 - Deamidated gliadin peptide antibodies (75 months of data),132,HCPCS 83516 - Deamidated gliadin peptide antibodies (75 months of data),quarter,2020-Q2,45029,78055480.0,57.688454417293954,57.1568362213242,58.22378653704037
HCPCS 83516 - Deamidated gliadin peptide antibodies (75 months of data),132,HCPCS 83516 - Deamidated gliadin peptide antibodies (75 months of data),quarter,2020-Q3,147976,240451013.0,61.54101750446774,61.22785414857032,61.85538561823645
HCPCS 83516 - Deamidated gliadin peptide antibodies (75 months of data),132,HCPCS 83516 - Deamidated gliadin peptide antibodies (75 months of data),quarter,2020-Q4,150947,252197294.0,59.85274370152442,59.55117995099851,60.155456087423204
HCPCS 83516 - Deamidated gliadin peptide antibodies (75 months of data),132,HCPCS 83516 - Deamidated gliadin peptide antibodies (75 months of data),quarter,2021-Q1,177835,256211709.0,69.40939611780193,69.0871708743588,69.73275192197596
HCPCS 83516 - Deamidated gliadin peptide antibodies (75 months of data),132,HCPCS 83516 - Deamidated gliadin peptide antibodies (75 months of data),quarter,2021-Q2,191493,261559386.0,73.21205441275963,72.88450700365901,73.54070923561551
HCPCS 83516 - Deamidated gliadin peptide antibodies (75 months of data),132,HCPCS 83516 - Deamidated gliadin peptide antibodies (75 months of data),quarter,2021-Q3,189452,266799594.0,71.00910355958038,70.68970726198334,71.3295855247372
HCPCS 83516 - Deamidated gliadin peptide antibodies (75 months of data),132,HCPCS 83516 - Deamidated gliadin peptide antibodies (75 months of data),quarter,2021-Q4,184207,272358419.0,67.63403924737865,67.32552808982295,67.94361392573923
HCPCS 83516 - Deamidated gliadin peptide antibodies (75 months of data),132,HCPCS 83516 - Deamidated gliadin peptide antibodies (75 months of data),quarter,2022-Q1,82955,277314434.0,29.913697171637303,29.710476841964045,30.117962418691825
HCPCS 83516 - Deamidated gliadin peptide antibodies (75 months of data),132,HCPCS 83516 - Deamidated gliadin peptide antibodies (75 months of data),quarter,2022-Q2,81344,282016994.5,28.843651831769307,28.645773325457842,29.042557843611647
HCPCS 83516 - Deamidated gliadin peptide antibodies (75 months of data),132,HCPCS 83516 - Deamidated gliadin peptide antibodies (75 months of data),quarter,2022-Q3,87376,287178648.0,30.425660336697455,30.224250348639764,30.628079320246098
HCPCS 83516 - Deamidated gliadin peptide antibodies (75 months of data),132,HCPCS 83516 - Deamidated gliadin peptide antibodies (75 months of data),quarter,2022-Q4,84838,292152539.0,29.038939825883215,28.84386014151731,29.23501134444532
HCPCS 83516 - Deamidated gliadin peptide antibodies (75 months of data),132,HCPCS 83516 - Deamidated gliadin peptide antibodies (75 months of data),quarter,2023-Q1,99932,297686543.0,33.569538949565484,33.361724191233115,33.77832701509295
HCPCS 83516 - Deamidated gliadin peptide antibodies (75 months of data),132,HCPCS 83516 - Deamidated gliadin peptide antibodies (75 months of data),quarter,2023-Q2,94297,298365151.0,31.604562290185157,31.40315993757605,31.806935766845484
HCPCS 83516 - Deamidated gliadin peptide antibodies (75 months of data),132,HCPCS 83516 - Deamidated gliadin peptide antibodies (75 months of data),quarter,2023-Q3,85563,289816874.0,29.52312569626294,29.32563397258317,29.72161724251203
HCPCS 83516 - Deamidated gliadin peptide antibodies (75 months of data),132,HCPCS 83516 - Deamidated gliadin peptide antibodies (75 months of data),quarter,2023-Q4,80079,276383178.0,28.973905206343638,28.773571950735885,29.175286922007352
HCPCS 83516 - Deamidated gliadin peptide antibodies (75 months of data),132,HCPCS 83516 - Deamidated gliadin peptide antibodies (75 months of data),quarter,2024-Q1,85015,267644460.0,31.764154580296562,31.550989151429707,31.978402663848644
HCPCS 83516 - Deamidated gliadin peptide antibodies (75 months of data),132,HCPCS 83516 - Deamidated gliadin peptide antibodies (75 months of data),quarter,2024-Q2,79520,258952546.0,30.70832908512898,30.49525986080854,30.922517348210082
HCPCS 83993 - Fecal calprotectin (75 months of data),135,HCPCS 83993 - Fecal calprotectin (75 months of data),quarter,2018-Q1,5588,230550049.0,2.423768732315472,2.360631204056105,2.4881673276417473
HCPCS 83993 - Fecal calprotectin (75 months of data),135,HCPCS 83993 - Fecal calprotectin (75 months of data),quarter,2018-Q2,5809,228935769.0,2.53739292264111,2.4725569301864785,2.603498764674205
HCPCS 83993 - Fecal calprotectin (75 months of data),135,HCPCS 83993 - Fecal calprotectin (75 months of data),quarter,2018-Q3,5921,227904788.0,2.5980147464036607,2.532256584276486,2.665048449158415
HCPCS 83993 - Fecal calprotectin (75 months of data),135,HCPCS 83993 - Fecal calprotectin (75 months of data),quarter,2018-Q4,6694,226095567.0,2.9606949348104648,2.8901898499230287,3.032485433221303
HCPCS 83993 - Fecal calprotectin (75 months of data),135,HCPCS 83993 - Fecal calprotectin (75 months of data),quarter,2019-Q1,8997,225406912.0,3.9914481415725174,3.9093927345550643,4.074792161334631
HCPCS 83993 - Fecal calprotectin (75 months of data),135,HCPCS 83993 - Fecal calprotectin (75 months of data),quarter,2019-Q2,9876,224099443.0,4.406972131563933,4.320479924707063,4.494760260016419
HCPCS 83993 - Fecal calprotectin (75 months of data),135,HCPCS 83993 - Fecal calprotectin (75 months of data),quarter,2019-Q3,10602,225151016.0,4.708839510633165,4.619627893604029,4.799340844434945
HCPCS 83993 - Fecal calprotectin (75 months of data),135,HCPCS 83993 - Fecal calprotectin (75 months of data),quarter,2019-Q4,11582,223888589.0,5.173108666114288,5.079320057399719,5.2681940805207175
HCPCS 83993 - Fecal calprotectin (75 months of data),135,HCPCS 83993 - Fecal calprotectin (75 months of data),quarter,2020-Q1,9651,149176444.0,6.4695200805296045,6.341083588265025,6.599903439846257
HCPCS 83993 - Fecal calprotectin (75 months of data),135,HCPCS 83993 - Fecal calprotectin (75 months of data),quarter,2020-Q2,4456,78055480.0,5.708759974315704,5.542359991519339,5.878886736370807
HCPCS 83993 - Fecal calprotectin (75 months of data),135,HCPCS 83993 - Fecal calprotectin (75 months of data),quarter,2020-Q3,14539,240451013.0,6.046553856689304,5.948663013791767,6.145651774479428
HCPCS 83993 - Fecal calprotectin (75 months of data),135,HCPCS 83993 - Fecal calprotectin (75 months of data),quarter,2020-Q4,15704,252197294.0,6.226870935419315,6.129857386579906,6.325035217160112
HCPCS 83993 - Fecal calprotectin (75 months of data),135,HCPCS 83993 - Fecal calprotectin (75 months of data),quarter,2021-Q1,18920,256211709.0,7.384518090076828,7.279665493836841,7.4905031182355355
HCPCS 83993 - Fecal calprotectin (75 months of data),135,HCPCS 83993 - Fecal calprotectin (75 months of data),quarter,2021-Q2,20550,261559386.0,7.856724361633116,7.749667296144485,7.964890596019348
HCPCS 83993 - Fecal calprotectin (75 months of data),135,HCPCS 83993 - Fecal calprotectin (75 months of data),quarter,2021-Q3,21754,266799594.0,8.15368557120068,8.045690120970393,8.262768333377688
HCPCS 83993 - Fecal calprotectin (75 months of data),135,HCPCS 83993 - Fecal calprotectin (75 months of data),quarter,2021-Q4,22413,272358419.0,8.229229734220187,8.12184279895873,8.33768175336922
HCPCS 83993 - Fecal calprotectin (75 months of data),135,HCPCS 83993 - Fecal calprotectin (75 months of data),quarter,2022-Q1,24888,277314434.0,8.974650053736475,8.863493082268876,9.086852954262373
HCPCS 83993 - Fecal calprotectin (75 months of data),135,HCPCS 83993 - Fecal calprotectin (75 months of data),quarter,2022-Q2,26403,282016994.5,9.362201751994062,9.249610544800015,9.475821383634539
HCPCS 83993 - Fecal calprotectin (75 months of data),135,HCPCS 83993 - Fecal calprotectin (75 months of data),quarter,2022-Q3,26917,287178648.0,9.372911317557286,9.261269537024356,9.485563017864278
HCPCS 83993 - Fecal calprotectin (75 months of data),135,HCPCS 83993 - Fecal calprotectin (75 months of data),quarter,2022-Q4,26265,292152539.0,8.990166606082447,8.881766739193814,9.099559224059343
HCPCS 83993 - Fecal calprotectin (75 months of data),135,HCPCS 83993 - Fecal calprotectin (75 months of data),quarter,2023-Q1,35424,297686543.0,11.899765317910257,11.776164855953937,12.02433979392962
HCPCS 83993 - Fecal calprotectin (75 months of data),135,HCPCS 83993 - Fecal calprotectin (75 months of data),quarter,2023-Q2,34322,298365151.0,11.503354156799633,11.381973116954326,11.625707023142349
HCPCS 83993 - Fecal calprotectin (75 months of data),135,HCPCS 83993 - Fecal calprotectin (75 months of data),quarter,2023-Q3,32702,289816874.0,11.283677015990449,11.161708343513595,11.406646224010936
HCPCS 83993 - Fecal calprotectin (75 months of data),135,HCPCS 83993 - Fecal calprotectin (75 months of data),quarter,2023-Q4,30914,276383178.0,11.185195938372198,11.060854022502646,11.310587076964618
HCPCS 83993 - Fecal calprotectin (75 months of data),135,HCPCS 83993 - Fecal calprotectin (75 months of data),quarter,2024-Q1,36518,267644460.0,13.644220395968592,13.504634147315468,13.78488995877808
HCPCS 83993 - Fecal calprotectin (75 months of data),135,HCPCS 83993 - Fecal calprotectin (75 months of data),quarter,2024-Q2,35195,258952546.0,13.59129328660858,13.449665927088201,13.734040359267114
HCPCS 82274 - Fecal occult blood (75 months of data),137,HCPCS 82274 - Fecal occult blood (75 months of data),quarter,2018-Q1,154758,230550049.0,67.12555502428022,66.79153280444986,67.46083371580188
HCPCS 82274 - Fecal occult blood (75 months of data),137,HCPCS 82274 - Fecal occult blood (75 months of data),quarter,2018-Q2,155947,228935769.0,68.11823276073561,67.7805639684413,68.45716688024577
HCPCS 82274 - Fecal occult blood (75 months of data),137,HCPCS 82274 - Fecal occult blood (75 months of data),quarter,2018-Q3,142335,227904788.0,62.45371202995524,62.12967579211391,62.779019369859
HCPCS 82274 - Fecal occult blood (75 months of data),137,HCPCS 82274 - Fecal occult blood (75 months of data),quarter,2018-Q4,125760,226095567.0,55.6224970125133,55.315499548743816,55.93077582303889
HCPCS 82274 - Fecal occult blood (75 months of data),137,HCPCS 82274 - Fecal occult blood (75 months of data),quarter,2019-Q1,161137,225406912.0,71.48716007431041,71.13853781003739,71.837067457262
HCPCS 82274 - Fecal occult blood (75 months of data),137,HCPCS 82274 - Fecal occult blood (75 months of data),quarter,2019-Q2,165113,224099443.0,73.67845175768687,73.32349053194778,74.03470558671745
HCPCS 82274 - Fecal occult blood (75 months of data),137,HCPCS 82274 - Fecal occult blood (75 months of data),quarter,2019-Q3,152279,225151016.0,67.63416070927256,67.29488264216387,67.9747253867337
HCPCS 82274 - Fecal occult blood (75 months of data),137,HCPCS 82274 - Fecal occult blood (75 months of data),quarter,2019-Q4,135614,223888589.0,60.57209105909368,60.25013408855232,60.89534196159215
HCPCS 82274 - Fecal occult blood (75 months of data),137,HCPCS 82274 - Fecal occult blood (75 months of data),quarter,2020-Q1,106425,149176444.0,71.34169252620072,70.91371052621588,71.77161672864935
HCPCS 82274 - Fecal occult blood (75 months of data),137,HCPCS 82274 - Fecal occult blood (75 months of data),quarter,2020-Q2,36782,78055480.0,47.122892588707415,46.64253391262946,47.606965817452476
HCPCS 82274 - Fecal occult blood (75 months of data),137,HCPCS 82274 - Fecal occult blood (75 months of data),quarter,2020-Q3,132928,240451013.0,55.28277811830221,54.98598528451366,55.580775768280276
HCPCS 82274 - Fecal occult blood (75 months of data),137,HCPCS 82274 - Fecal occult blood (75 months of data),quarter,2020-Q4,141507,252197294.0,56.109642476972816,55.81767257207957,56.40276105003669
HCPCS 82274 - Fecal occult blood (75 months of data),137,HCPCS 82274 - Fecal occult blood (75 months of data),quarter,2021-Q1,165103,256211709.0,64.44006819376081,64.1296054068562,64.75166157569586
HCPCS 82274 - Fecal occult blood (75 months of data),137,HCPCS 82274 - Fecal occult blood (75 months of data),quarter,2021-Q2,175304,261559386.0,67.02263783414753,66.70925736180132,67.33712575888484
HCPCS 82274 - Fecal occult blood (75 months of data),137,HCPCS 82274 - Fecal occult blood (75 months of data),quarter,2021-Q3,175756,266799594.0,65.87566246446387,65.56804082027509,66.184369808455
HCPCS 82274 - Fecal occult blood (75 months of data),137,HCPCS 82274 - Fecal occult blood (75 months of data),quarter,2021-Q4,155284,272358419.0,57.01457681027294,56.73134796671539,57.2988692493275
HCPCS 82274 - Fecal occult blood (75 months of data),137,HCPCS 82274 - Fecal occult blood (75 months of data),quarter,2022-Q1,187854,277314434.0,67.74043359026888,67.43444788159395,68.04746380504821
HCPCS 82274 - Fecal occult blood (75 months of data),137,HCPCS 82274 - Fecal occult blood (75 months of data),quarter,2022-Q2,194215,282016994.5,68.86641719742177,68.56047631842843,69.17338515241991
HCPCS 82274 - Fecal occult blood (75 months of data),137,HCPCS 82274 - Fecal occult blood (75 months of data),quarter,2022-Q3,192404,287178648.0,66.99801720634885,66.69898079866863,67.29806223334471
HCPCS 82274 - Fecal occult blood (75 months of data),137,HCPCS 82274 - Fecal occult blood (75 months of data),quarter,2022-Q4,176213,292152539.0,60.315409410150636,60.034117700996504,60.597692601235224
HCPCS 82274 - Fecal occult blood (75 months of data),137,HCPCS 82274 - Fecal occult blood (75 months of data),quarter,2023-Q1,242864,297686543.0,81.58380205987342,81.2596534029242,81.90892365091608
HCPCS 82274 - Fecal occult blood (75 months of data),137,HCPCS 82274 - Fecal occult blood (75 months of data),quarter,2023-Q2,237899,298365151.0,79.73417780282256,79.41409256824446,80.05523376554717
HCPCS 82274 - Fecal occult blood (75 months of data),137,HCPCS 82274 - Fecal occult blood (75 months of data),quarter,2023-Q3,205346,289816874.0,70.85370743457815,70.54757878669827,71.16083549555964
HCPCS 82274 - Fecal occult blood (75 months of data),137,HCPCS 82274 - Fecal occult blood (75 months of data),quarter,2023-Q4,180827,276383178.0,65.4261960907042,65.12498282873047,65.72845739391467
HCPCS 82274 - Fecal occult blood (75 months of data),137,HCPCS 82274 - Fecal occult blood (75 months of data),quarter,2024-Q1,234387,267644460.0,87.5740151692286,87.21983624594272,87.92927624810564
HCPCS 82274 - Fecal occult blood (75 months of data),137,HCPCS 82274 - Fecal occult blood (75 months of data),quarter,2024-Q2,236707,258952546.0,91.4094121322136,91.04153591667203,91.77840682277872
HCPCS 87045 - Stool culture (75 months of data),139,HCPCS 87045 - Stool culture (75 months of data),quarter,2018-Q1,34508,230550049.0,14.967682787176505,14.810171963203407,15.126451289191941
HCPCS 87045 - Stool culture (75 months of data),139,HCPCS 87045 - Stool culture (75 months of data),quarter,2018-Q2,37506,228935769.0,16.382761052948435,16.21737505032446,16.549413507922917
HCPCS 87045 - Stool culture (75 months of data),139,HCPCS 87045 - Stool culture (75 months of data),quarter,2018-Q3,38823,227904788.0,17.034745228783873,16.865712133201,17.20505046788237
HCPCS 87045 - Stool culture (75 months of data),139,HCPCS 87045 - Stool culture (75 months of data),quarter,2018-Q4,33414,226095567.0,14.778706386578557,14.620665490334902,14.938029777174593
HCPCS 87045 - Stool culture (75 months of data),139,HCPCS 87045 - Stool culture (75 months of data),quarter,2019-Q1,41229,225406912.0,18.29092091018043,18.11478557103069,18.468342425010732
HCPCS 87045 - Stool culture (75 months of data),139,HCPCS 87045 - Stool culture (75 months of data),quarter,2019-Q2,43577,224099443.0,19.445385234625505,19.26323549118187,19.628828598972273
HCPCS 87045 - Stool culture (75 months of data),139,HCPCS 87045 - Stool culture (75 months of data),quarter,2019-Q3,46906,225151016.0,20.833128285772425,20.645015877593046,21.022528197716888
HCPCS 87045 - Stool culture (75 months of data),139,HCPCS 87045 - Stool culture (75 months of data),quarter,2019-Q4,38094,223888589.0,17.01471261672921,16.844274475072286,17.186445743222965
HCPCS 87045 - Stool culture (75 months of data),139,HCPCS 87045 - Stool culture (75 months of data),quarter,2020-Q1,26855,149176444.0,18.0021719783051,17.787499476268856,18.218788675252153
HCPCS 87045 - Stool culture (75 months of data),139,HCPCS 87045 - Stool culture (75 months of data),quarter,2020-Q2,9190,78055480.0,11.77367687701107,11.534177992402379,12.016896850075875
HCPCS 87045 - Stool culture (75 months of data),139,HCPCS 87045 - Stool culture (75 months of data),quarter,2020-Q3,31342,240451013.0,13.03467164016481,12.890759802379625,13.179789477019469
HCPCS 87045 - Stool culture (75 months of data),139,HCPCS 87045 - Stool culture (75 months of data),quarter,2020-Q4,29041,252197294.0,11.515190959979135,11.383128663821036,11.648403170040446
HCPCS 87045 - Stool culture (75 months of data),139,HCPCS 87045 - Stool culture (75 months of data),quarter,2021-Q1,32654,256211709.0,12.744928843201308,12.607064114093436,12.883925341353791
HCPCS 87045 - Stool culture (75 months of data),139,HCPCS 87045 - Stool culture (75 months of data),quarter,2021-Q2,41120,261559386.0,15.721095170333516,15.569506341456732,15.873792403428745
HCPCS 87045 - Stool culture (75 months of data),139,HCPCS 87045 - Stool culture (75 months of data),quarter,2021-Q3,45082,266799594.0,16.89732706264913,16.7417039520387,17.054036726007023
HCPCS 87045 - Stool culture (75 months of data),139,HCPCS 87045 - Stool culture (75 months of data),quarter,2021-Q4,38039,272358419.0,13.966522547628681,13.826517587711056,14.107592033810253
HCPCS 87045 - Stool culture (75 months of data),139,HCPCS 87045 - Stool culture (75 months of data),quarter,2022-Q1,39359,277314434.0,14.192914314730547,14.053040148716958,14.333833951766547
HCPCS 87045 - Stool culture (75 months of data),139,HCPCS 87045 - Stool culture (75 months of data),quarter,2022-Q2,40680,282016994.5,14.424662624365356,14.284826125898743,14.565527132261863
HCPCS 87045 - Stool culture (75 months of data),139,HCPCS 87045 - Stool culture (75 months of data),quarter,2022-Q3,40001,287178648.0,13.928960345269124,13.792790860358346,14.066139376789513
HCPCS 87045 - Stool culture (75 months of data),139,HCPCS 87045 - Stool culture (75 months of data),quarter,2022-Q4,33391,292152539.0,11.429303374974264,11.3070384325434,11.552560834783518
HCPCS 87045 - Stool culture (75 months of data),139,HCPCS 87045 - Stool culture (75 months of data),quarter,2023-Q1,42582,297686543.0,14.304308004947337,14.168763231558671,14.440826638849263
HCPCS 87045 - Stool culture (75 months of data),139,HCPCS 87045 - Stool culture (75 months of data),quarter,2023-Q2,40000,298365151.0,13.406391418681467,13.275328932142852,13.538425601262956
HCPCS 87045 - Stool culture (75 months of data),139,HCPCS 87045 - Stool culture (75 months of data),quarter,2023-Q3,39122,289816874.0,13.498868944394177,13.365433378883369,13.633304885392718
HCPCS 87045 - Stool culture (75 months of data),139,HCPCS 87045 - Stool culture (75 months of data),quarter,2023-Q4,32837,276383178.0,11.88096910876392,11.75280768095078,12.010179699454113
HCPCS 87045 - Stool culture (75 months of data),139,HCPCS 87045 - Stool culture (75 months of data),quarter,2024-Q1,33818,267644460.0,12.63541939183049,12.501105816751481,12.770816355972753
HCPCS 87045 - Stool culture (75 months of data),139,HCPCS 87045 - Stool culture (75 months of data),quarter,2024-Q2,33071,258952546.0,12.771065784385067,12.63378972335309,12.909461622229363
HCPCS 87177 - Ova and parasites (75 months of data),141,HCPCS 87177 - Ova and parasites (75 months of data),quarter,2018-Q1,36272,230550049.0,15.732809495087118,15.571312591441828,15.895564020524946
HCPCS 87177 - Ova and parasites (75 months of data),141,HCPCS 87177 - Ova and parasites (75 months of data),quarter,2018-Q2,37892,228935769.0,16.551367296387838,16.385130294347896,16.718870739507693
HCPCS 87177 - Ova and parasites (75 months of data),141,HCPCS 87177 - Ova and parasites (75 months of data),quarter,2018-Q3,40000,227904788.0,17.551188964051075,17.37960644079786,17.724043598518374
HCPCS 87177 - Ova and parasites (75 months of data),141,HCPCS 87177 - Ova and parasites (75 months of data),quarter,2018-Q4,33292,226095567.0,14.724746903153568,14.566995554360915,14.883780750632578
HCPCS 87177 - Ova and parasites (75 months of data),141,HCPCS 87177 - Ova and parasites (75 months of data),quarter,2019-Q1,40726,225406912.0,18.06776892449509,17.89271389707809,18.244110140756394
HCPCS 87177 - Ova and parasites (75 months of data),141,HCPCS 87177 - Ova and parasites (75 months of data),quarter,2019-Q2,43581,224099443.0,19.447170156509493,19.265012033923856,19.630621899902255
HCPCS 87177 - Ova and parasites (75 months of data),141,HCPCS 87177 - Ova and parasites (75 months of data),quarter,2019-Q3,49403,225151016.0,21.9421617000387,21.749096140749003,22.136514711712195
HCPCS 87177 - Ova and parasites (75 months of data),141,HCPCS 87177 - Ova and parasites (75 months of data),quarter,2019-Q4,39205,223888589.0,17.510941569246302,17.338029765050045,17.68514832632059
HCPCS 87177 - Ova and parasites (75 months of data),141,HCPCS 87177 - Ova and parasites (75 months of data),quarter,2020-Q1,29574,149176444.0,19.82484580474381,19.59953632206832,20.052099293925295
HCPCS 87177 - Ova and parasites (75 months of data),141,HCPCS 87177 - Ova and parasites (75 months of data),quarter,2020-Q2,10356,78055480.0,13.267486152157414,13.013172439463302,13.525520196191032
HCPCS 87177 - Ova and parasites (75 months of data),141,HCPCS 87177 - Ova and parasites (75 months of data),quarter,2020-Q3,35025,240451013.0,14.566376561699077,14.414221432946727,14.719737565313718
HCPCS 87177 - Ova and parasites (75 months of data),141,HCPCS 87177 - Ova and parasites (75 months of data),quarter,2020-Q4,32152,252197294.0,12.748749001248205,12.609773435427314,12.888874368033244
HCPCS 87177 - Ova and parasites (75 months of data),141,HCPCS 87177 - Ova and parasites (75 months of data),quarter,2021-Q1,35195,256211709.0,13.736686795996508,13.593544371030053,13.880960912285918
HCPCS 87177 - Ova and parasites (75 months of data),141,HCPCS 87177 - Ova and parasites (75 months of data),quarter,2021-Q2,42615,261559386.0,16.29266708861291,16.138340668021854,16.448101880768547
HCPCS 87177 - Ova and parasites (75 months of data),141,HCPCS 87177 - Ova and parasites (75 months of data),quarter,2021-Q3,50895,266799594.0,19.07611598539389,18.91074152186894,19.242576900009066
HCPCS 87177 - Ova and parasites (75 months of data),141,HCPCS 87177 - Ova and parasites (75 months of data),quarter,2021-Q4,44309,272358419.0,16.26863607252765,16.11750484166158,16.4208316943394
HCPCS 87177 - Ova and parasites (75 months of data),141,HCPCS 87177 - Ova and parasites (75 months of data),quarter,2022-Q1,48202,277314434.0,17.381713351422594,17.226885040482827,17.537586961952826
HCPCS 87177 - Ova and parasites (75 months of data),141,HCPCS 87177 - Ova and parasites (75 months of data),quarter,2022-Q2,50360,282016994.5,17.85707988601375,17.701455128712745,18.01373247856526
HCPCS 87177 - Ova and parasites (75 months of data),141,HCPCS 87177 - Ova and parasites (75 months of data),quarter,2022-Q3,51748,287178648.0,18.01944551253685,17.864521613145772,18.17537875270298
HCPCS 87177 - Ova and parasites (75 months of data),141,HCPCS 87177 - Ova and parasites (75 months of data),quarter,2022-Q4,43629,292152539.0,14.933637116191552,14.79383323030429,15.074433290030067
HCPCS 87177 - Ova and parasites (75 months of data),141,HCPCS 87177 - Ova and parasites (75 months of data),quarter,2023-Q1,56037,297686543.0,18.82416297198896,18.668624381728396,18.98067521837154
HCPCS 87177 - Ova and parasites (75 months of data),141,HCPCS 87177 - Ova and parasites (75 months of data),quarter,2023-Q2,53670,298365151.0,17.988025686015856,17.8361605041436,18.140862339736103
HCPCS 87177 - Ova and parasites (75 months of data),141,HCPCS 87177 - Ova and parasites (75 months of data),quarter,2023-Q3,54007,289816874.0,18.63487079085671,18.478035167861393,18.792706535136773
HCPCS 87177 - Ova and parasites (75 months of data),141,HCPCS 87177 - Ova and parasites (75 months of data),quarter,2023-Q4,43058,276383178.0,15.579095772608854,15.432287701841734,15.72695275866427
HCPCS 87177 - Ova and parasites (75 months of data),141,HCPCS 87177 - Ova and parasites (75 months of data),quarter,2024-Q1,48780,267644460.0,18.225671474761704,18.064288148101348,18.388137857709857
HCPCS 87177 - Ova and parasites (75 months of data),141,HCPCS 87177 - Ova and parasites (75 months of data),quarter,2024-Q2,51262,258952546.0,19.795904999520644,19.624904653265368,19.968024713623116
HCPCS 87338 - H. pylori stool antigen (75 months of data),143,HCPCS 87338 - H. pylori stool antigen (75 months of data),quarter,2018-Q1,32703,230550049.0,14.184772521995864,14.031447370045084,14.339355414192488
HCPCS 87338 - H. pylori stool antigen (75 months of data),143,HCPCS 87338 - H. pylori stool antigen (75 months of data),quarter,2018-Q2,32894,228935769.0,14.368222206465257,14.213364469885937,14.524346545041409
HCPCS 87338 - H. pylori stool antigen (75 months of data),143,HCPCS 87338 - H. pylori stool antigen (75 months of data),quarter,2018-Q3,32676,227904788.0,14.337566264733324,14.182525701208865,14.493879167910436
HCPCS 87338 - H. pylori stool antigen (75 months of data),143,HCPCS 87338 - H. pylori stool antigen (75 months of data),quarter,2018-Q4,31838,226095567.0,14.081656010531157,13.927397215816864,14.237197357485949
HCPCS 87338 - H. pylori stool antigen (75 months of data),143,HCPCS 87338 - H. pylori stool antigen (75 months of data),quarter,2019-Q1,39063,225406912.0,17.32999208116564,17.15855707516642,17.50271332132513
HCPCS 87338 - H. pylori stool antigen (75 months of data),143,HCPCS 87338 - H. pylori stool antigen (75 months of data),quarter,2019-Q2,38131,224099443.0,17.01521408957719,16.844853432931824,17.186868511529156
HCPCS 87338 - H. pylori stool antigen (75 months of data),143,HCPCS 87338 - H. pylori stool antigen (75 months of data),quarter,2019-Q3,39594,225151016.0,17.58553023806919,17.412734951083053,17.759613206292492
HCPCS 87338 - H. pylori stool antigen (75 months of data),143,HCPCS 87338 - H. pylori stool antigen (75 months of data),quarter,2019-Q4,37647,223888589.0,16.81505974384429,16.645627018743653,16.985787467037234
HCPCS 87338 - H. pylori stool antigen (75 months of data),143,HCPCS 87338 - H. pylori stool antigen (75 months of data),quarter,2020-Q1,29834,149176444.0,19.999136056628352,19.772835545687055,20.227380557420975
HCPCS 87338 - H. pylori stool antigen (75 months of data),143,HCPCS 87338 - H. pylori stool antigen (75 months of data),quarter,2020-Q2,11630,78055480.0,14.899658550559167,14.630082819674756,15.172953919326948
HCPCS 87338 - H. pylori stool antigen (75 months of data),143,HCPCS 87338 - H. pylori stool antigen (75 months of data),quarter,2020-Q3,38460,240451013.0,15.994941971818601,15.835481281191145,16.155608437929864
HCPCS 87338 - H. pylori stool antigen (75 months of data),143,HCPCS 87338 - H. pylori stool antigen (75 months of data),quarter,2020-Q4,39457,252197294.0,15.645290785713188,15.491294273171007,15.800436888670458
HCPCS 87338 - H. pylori stool antigen (75 months of data),143,HCPCS 87338 - H. pylori stool antigen (75 months of data),quarter,2021-Q1,46067,256211709.0,17.980052582218246,17.816233560676753,18.145003038690966
HCPCS 87338 - H. pylori stool antigen (75 months of data),143,HCPCS 87338 - H. pylori stool antigen (75 months of data),quarter,2021-Q2,51632,261559386.0,19.740067748897378,19.570160500554234,19.911083202939594
HCPCS 87338 - H. pylori stool antigen (75 months of data),143,HCPCS 87338 - H. pylori stool antigen (75 months of data),quarter,2021-Q3,50751,266799594.0,19.022142889767665,18.85700304683702,19.188369186093876
HCPCS 87338 - H. pylori stool antigen (75 months of data),143,HCPCS 87338 - H. pylori stool antigen (75 months of data),quarter,2021-Q4,47220,272358419.0,17.337448268856342,17.181420254554766,17.494540620646966
HCPCS 87338 - H. pylori stool antigen (75 months of data),143,HCPCS 87338 - H. pylori stool antigen (75 months of data),quarter,2022-Q1,53021,277314434.0,19.11945196476863,18.957051806667636,19.282897347665006
HCPCS 87338 - H. pylori stool antigen (75 months of data),143,HCPCS 87338 - H. pylori stool antigen (75 months of data),quarter,2022-Q2,55868,282016994.5,19.81015367497649,19.646221251144684,19.97511385584286
HCPCS 87338 - H. pylori stool antigen (75 months of data),143,HCPCS 87338 - H. pylori stool antigen (75 months of data),quarter,2022-Q3,55222,287178648.0,19.22914547602439,19.069094878421552,19.39020536650865
HCPCS 87338 - H. pylori stool antigen (75 months of data),143,HCPCS 87338 - H. pylori stool antigen (75 months of data),quarter,2022-Q4,51737,292152539.0,17.70889966491101,17.556629562757312,17.86216192399026
HCPCS 87338 - H. pylori stool antigen (75 months of data),143,HCPCS 87338 - H. pylori stool antigen (75 months of data),quarter,2023-Q1,67454,297686543.0,22.659405198574934,22.48872491797022,22.83105901229989
HCPCS 87338 - H. pylori stool antigen (75 months of data),143,HCPCS 87338 - H. pylori stool antigen (75 months of data),quarter,2023-Q2,65766,298365151.0,22.042118451025132,21.87397460535828,22.211233631697205
HCPCS 87338 - H. pylori stool antigen (75 months of data),143,HCPCS 87338 - H. pylori stool antigen (75 months of data),quarter,2023-Q3,59375,289816874.0,20.487074883017335,20.322613689668696,20.652536130399003
HCPCS 87338 - H. pylori stool antigen (75 months of data),143,HCPCS 87338 - H. pylori stool antigen (75 months of data),quarter,2023-Q4,53722,276383178.0,19.43750715537398,19.273483897650383,19.602579149645823
HCPCS 87338 - H. pylori stool antigen (75 months of data),143,HCPCS 87338 - H. pylori stool antigen (75 months of data),quarter,2024-Q1,62965,267644460.0,23.525613046502063,23.342212072056583,23.71009687883073
HCPCS 87338 - H. pylori stool antigen (75 months of data),143,HCPCS 87338 - H. pylori stool antigen (75 months of data),quarter,2024-Q2,63400,258952546.0,24.48325030177537,24.293038429304293,24.674581373795824
HCPCS 85610 – PT/INR (78 months of data),151,HCPCS 85610 – PT/INR (78 months of data),quarter,2018-Q1,1318994,230550049.0,572.1074472640863,571.131510958808,573.0846393310005
HCPCS 85610 – PT/INR (78 months of data),151,HCPCS 85610 – PT/INR (78 months of data),quarter,2018-Q2,1323466,228935769.0,578.0948978750455,577.1104146183193,579.0806457474487
HCPCS 85610 – PT/INR (78 months of data),151,HCPCS 85610 – PT/INR (78 months of data),quarter,2018-Q3,1275842,227904788.0,559.8136007568213,558.8426276210574,560.7858442359594
HCPCS 85610 – PT/INR (78 months of data),151,HCPCS 85610 – PT/INR (78 months of data),quarter,2018-Q4,1234483,226095567.0,546.000532597793,545.0377912229727,546.9645544876728
HCPCS 85610 – PT/INR (78 months of data),151,HCPCS 85610 – PT/INR (78 months of data),quarter,2019-Q1,1368520,225406912.0,607.1331122268335,606.1163322910063,608.1511765702519
HCPCS 85610 – PT/INR (78 months of data),151,HCPCS 85610 – PT/INR (78 months of data),quarter,2019-Q2,1372042,224099443.0,612.2469478873269,611.2229200113879,613.2722676640285
HCPCS 85610 – PT/INR (78 months of data),151,HCPCS 85610 – PT/INR (78 months of data),quarter,2019-Q3,1365276,225151016.0,606.3823402866634,605.3656124213096,607.400354019847
HCPCS 85610 – PT/INR (78 months of data),151,HCPCS 85610 – PT/INR (78 months of data),quarter,2019-Q4,1308510,223888589.0,584.4469366859961,583.44596656112,585.4491999372842
HCPCS 85610 – PT/INR (78 months of data),151,HCPCS 85610 – PT/INR (78 months of data),quarter,2020-Q1,1298031,223452397.0,580.898221467725,579.8993230461839,581.8984155414796
HCPCS 85610 – PT/INR (78 months of data),151,HCPCS 85610 – PT/INR (78 months of data),quarter,2020-Q2,1052804,231340007.0,455.0894649190531,454.2205715490816,455.9596098065975
HCPCS 85610 – PT/INR (78 months of data),151,HCPCS 85610 – PT/INR (78 months of data),quarter,2020-Q3,1312252,240451013.0,545.7460892460452,544.8127343186512,546.680648227945
HCPCS 85610 – PT/INR (78 months of data),151,HCPCS 85610 – PT/INR (78 months of data),quarter,2020-Q4,1316821,252197294.0,522.1392264422948,521.2477947260227,523.0318061327283
HCPCS 85610 – PT/INR (78 months of data),151,HCPCS 85610 – PT/INR (78 months of data),quarter,2021-Q1,1395384,256211709.0,544.6214794188036,543.7182080274355,545.5258807879541
HCPCS 85610 – PT/INR (78 months of data),151,HCPCS 85610 – PT/INR (78 months of data),quarter,2021-Q2,1451533,261559386.0,554.953512545713,554.051075365952,555.8570565942551
HCPCS 85610 – PT/INR (78 months of data),151,HCPCS 85610 – PT/INR (78 months of data),quarter,2021-Q3,1322417,266799594.0,495.6592999912886,494.8148682154476,496.5048169104459
HCPCS 85610 – PT/INR (78 months of data),151,HCPCS 85610 – PT/INR (78 months of data),quarter,2021-Q4,1241989,272358419.0,456.0127072848076,455.211070256792,456.8154073183754
HCPCS 85610 – PT/INR (78 months of data),151,HCPCS 85610 – PT/INR (78 months of data),quarter,2022-Q1,1242728,277314434.0,448.1295769840816,447.34203208662774,448.91816588952736
HCPCS 85610 – PT/INR (78 months of data),151,HCPCS 85610 – PT/INR (78 months of data),quarter,2022-Q2,1296320,282016994.5,459.6602422128146,458.86930042443555,460.45221059411256
HCPCS 85610 – PT/INR (78 months of data),151,HCPCS 85610 – PT/INR (78 months of data),quarter,2022-Q3,1266868,287178648.0,441.1428247966402,440.3749770831039,441.91168065491865
HCPCS 85610 – PT/INR (78 months of data),151,HCPCS 85610 – PT/INR (78 months of data),quarter,2022-Q4,1213602,292152539.0,415.4001208252378,414.66139040299174,416.1398422350507
HCPCS 85610 – PT/INR (78 months of data),151,HCPCS 85610 – PT/INR (78 months of data),quarter,2023-Q1,1363871,297686543.0,458.15675315897636,457.38816133231137,458.9263175337739
HCPCS 85610 – PT/INR (78 months of data),151,HCPCS 85610 – PT/INR (78 months of data),quarter,2023-Q2,1332370,298365151.0,446.55684336271565,445.798910862795,447.3157462020893
HCPCS 85610 – PT/INR (78 months of data),151,HCPCS 85610 – PT/INR (78 months of data),quarter,2023-Q3,1268968,289816874.0,437.8516621499409,437.09017359439093,438.614149672763
HCPCS 85610 – PT/INR (78 months of data),151,HCPCS 85610 – PT/INR (78 months of data),quarter,2023-Q4,1168146,276383178.0,422.6545220490952,421.8884126503933,423.4216789835035
HCPCS 85610 – PT/INR (78 months of data),151,HCPCS 85610 – PT/INR (78 months of data),quarter,2024-Q1,1178741,267644460.0,440.4130016365741,439.61829718553696,441.2087878243276
HCPCS 85610 – PT/INR (78 months of data),151,HCPCS 85610 – PT/INR (78 months of data),quarter,2024-Q2,1149501,258952546.0,443.9041120684714,443.09298899589686,444.7163531913772
HCPCS 85730 – aPTT (78 months of data),153,HCPCS 85730 – aPTT (78 months of data),quarter,2018-Q1,565268,230550049.0,245.18233782721944,244.54358803662615,245.8223435746392
HCPCS 85730 – aPTT (78 months of data),153,HCPCS 85730 – aPTT (78 months of data),quarter,2018-Q2,577426,228935769.0,252.2218360731564,251.57169700819864,252.87323994496418
HCPCS 85730 – aPTT (78 months of data),153,HCPCS 85730 – aPTT (78 months of data),quarter,2018-Q3,564262,227904788.0,247.5867246808347,246.94113661583978,248.23358328089174
HCPCS 85730 – aPTT (78 months of data),153,HCPCS 85730 – aPTT (78 months of data),quarter,2018-Q4,546872,226095567.0,241.8764804884476,241.2358392006074,242.5184024872945
HCPCS 85730 – aPTT (78 months of data),153,HCPCS 85730 – aPTT (78 months of data),quarter,2019-Q1,649700,225406912.0,288.23428449257136,287.53383506784695,288.93601849257504
HCPCS 85730 – aPTT (78 months of data),153,HCPCS 85730 – aPTT (78 months of data),quarter,2019-Q2,666022,224099443.0,297.1993107541994,296.48597449013135,297.91393908148973
HCPCS 85730 – aPTT (78 months of data),153,HCPCS 85730 – aPTT (78 months of data),quarter,2019-Q3,671619,225151016.0,298.29712160836976,297.58413816779233,299.01139107533214
HCPCS 85730 – aPTT (78 months of data),153,HCPCS 85730 – aPTT (78 months of data),quarter,2019-Q4,654585,223888589.0,292.37086308136946,291.663015718283,293.0800037291823
HCPCS 85730 – aPTT (78 months of data),153,HCPCS 85730 – aPTT (78 months of data),quarter,2020-Q1,644981,223452397.0,288.64358076230434,287.939576854213,289.3488804837082
HCPCS 85730 – aPTT (78 months of data),153,HCPCS 85730 – aPTT (78 months of data),quarter,2020-Q2,520445,231340007.0,224.96973469876312,224.3589422217236,225.5817788676588
HCPCS 85730 – aPTT (78 months of data),153,HCPCS 85730 – aPTT (78 months of data),quarter,2020-Q3,698938,240451013.0,290.67791866611935,289.99685197194475,291.3601895464777
HCPCS 85730 – aPTT (78 months of data),153,HCPCS 85730 – aPTT (78 months of data),quarter,2020-Q4,686087,252197294.0,272.0437595178955,271.4004147733557,272.6882523670621
HCPCS 85730 – aPTT (78 months of data),153,HCPCS 85730 – aPTT (78 months of data),quarter,2021-Q1,737511,256211709.0,287.8521839921063,287.195602155045,288.5098959285037
HCPCS 85730 – aPTT (78 months of data),153,HCPCS 85730 – aPTT (78 months of data),quarter,2021-Q2,779685,261559386.0,298.091004082721,297.4297024801041,298.75341266742146
HCPCS 85730 – aPTT (78 months of data),153,HCPCS 85730 – aPTT (78 months of data),quarter,2021-Q3,696972,266799594.0,261.2342805888978,260.62133902173326,261.8483074199059
HCPCS 85730 – aPTT (78 months of data),153,HCPCS 85730 – aPTT (78 months of data),quarter,2021-Q4,652201,272358419.0,239.46423334172752,238.88341809966278,240.04611171198465
HCPCS 85730 – aPTT (78 months of data),153,HCPCS 85730 – aPTT (78 months of data),quarter,2022-Q1,662242,277314434.0,238.80545648049466,238.2306443239399,239.3813127622554
HCPCS 85730 – aPTT (78 months of data),153,HCPCS 85730 – aPTT (78 months of data),quarter,2022-Q2,697840,282016994.5,247.44608077156144,246.8658518405544,248.0273364062265
HCPCS 85730 – aPTT (78 months of data),153,HCPCS 85730 – aPTT (78 months of data),quarter,2022-Q3,674725,287178648.0,234.9495704847806,234.3892923004444,235.5108569260808
HCPCS 85730 – aPTT (78 months of data),153,HCPCS 85730 – aPTT (78 months of data),quarter,2022-Q4,654018,292152539.0,223.86182308687725,223.31960546684337,224.4050318047329
HCPCS 85730 – aPTT (78 months of data),153,HCPCS 85730 – aPTT (78 months of data),quarter,2023-Q1,733835,297686543.0,246.5126547557778,245.9489613127807,247.07732084928386
HCPCS 85730 – aPTT (78 months of data),153,HCPCS 85730 – aPTT (78 months of data),quarter,2023-Q2,721317,298365151.0,241.75645097372652,241.19885986000136,242.31501252905534
HCPCS 85730 – aPTT (78 months of data),153,HCPCS 85730 – aPTT (78 months of data),quarter,2023-Q3,691603,289816874.0,238.6344833738011,238.07240048469683,239.1975653365738
HCPCS 85730 – aPTT (78 months of data),153,HCPCS 85730 – aPTT (78 months of data),quarter,2023-Q4,627498,276383178.0,227.03914346046054,226.47773678216515,227.60159779397293
HCPCS 85730 – aPTT (78 months of data),153,HCPCS 85730 – aPTT (78 months of data),quarter,2024-Q1,628451,267644460.0,234.808148093183,234.22797088814733,235.38940715952285
HCPCS 85730 – aPTT (78 months of data),153,HCPCS 85730 – aPTT (78 months of data),quarter,2024-Q2,626009,258952546.0,241.7466094347649,241.1481250883048,242.34621195685142
HCPCS 85379 – D-dimer (78 months of data),155,HCPCS 85379 – D-dimer (78 months of data),quarter,2018-Q1,123463,230550049.0,53.55149588365518,53.25319587122381,53.851052496895676
HCPCS 85379 – D-dimer (78 months of data),155,HCPCS 85379 – D-dimer (78 months of data),quarter,2018-Q2,126317,228935769.0,55.17573795993408,54.8718775432636,55.48086382417157
HCPCS 85379 – D-dimer (78 months of data),155,HCPCS 85379 – D-dimer (78 months of data),quarter,2018-Q3,122762,227904788.0,53.86547649012095,53.56457322603337,54.167650943704764
HCPCS 85379 – D-dimer (78 months of data),155,HCPCS 85379 – D-dimer (78 months of data),quarter,2018-Q4,118578,226095567.0,52.44596414400287,52.14787381798984,52.74533585321276
HCPCS 85379 – D-dimer (78 months of data),155,HCPCS 85379 – D-dimer (78 months of data),quarter,2019-Q1,145120,225406912.0,64.38134425975366,64.05052334446385,64.71345035188563
HCPCS 85379 – D-dimer (78 months of data),155,HCPCS 85379 – D-dimer (78 months of data),quarter,2019-Q2,147306,224099443.0,65.7324257606477,65.39717474145039,66.06896944628352
HCPCS 85379 – D-dimer (78 months of data),155,HCPCS 85379 – D-dimer (78 months of data),quarter,2019-Q3,146482,225151016.0,65.05944436866321,64.72669491907926,65.3934804504402
HCPCS 85379 – D-dimer (78 months of data),155,HCPCS 85379 – D-dimer (78 months of data),quarter,2019-Q4,142979,223888589.0,63.861673629110236,63.53107838391697,64.1935627752662
HCPCS 85379 – D-dimer (78 months of data),155,HCPCS 85379 – D-dimer (78 months of data),quarter,2020-Q1,142682,223452397.0,63.853421093531615,63.52252515816877,64.18561345683227
HCPCS 85379 – D-dimer (78 months of data),155,HCPCS 85379 – D-dimer (78 months of data),quarter,2020-Q2,176127,231340007.0,76.13339442840079,75.77824613956035,76.48979483106307
HCPCS 85379 – D-dimer (78 months of data),155,HCPCS 85379 – D-dimer (78 months of data),quarter,2020-Q3,213905,240451013.0,88.95990802084914,88.58331024381506,89.3377103775987
HCPCS 85379 – D-dimer (78 months of data),155,HCPCS 85379 – D-dimer (78 months of data),quarter,2020-Q4,242130,252197294.0,96.00816731998718,95.62613061569725,96.39135244931867
HCPCS 85379 – D-dimer (78 months of data),155,HCPCS 85379 – D-dimer (78 months of data),quarter,2021-Q1,265595,256211709.0,103.66231935168895,103.26845062922779,104.0573184701533
HCPCS 85379 – D-dimer (78 months of data),155,HCPCS 85379 – D-dimer (78 months of data),quarter,2021-Q2,244472,261559386.0,93.46711037163851,93.09696909698708,93.8383589616747
HCPCS 85379 – D-dimer (78 months of data),155,HCPCS 85379 – D-dimer (78 months of data),quarter,2021-Q3,277743,266799594.0,104.10173262857364,103.71493309910666,104.48961767876689
HCPCS 85379 – D-dimer (78 months of data),155,HCPCS 85379 – D-dimer (78 months of data),quarter,2021-Q4,244407,272358419.0,89.73726639234162,89.3818485534919,90.09374764152966
HCPCS 85379 – D-dimer (78 months of data),155,HCPCS 85379 – D-dimer (78 months of data),quarter,2022-Q1,255699,277314434.0,92.20544214442153,91.84839567608927,92.5635330024395
HCPCS 85379 – D-dimer (78 months of data),155,HCPCS 85379 – D-dimer (78 months of data),quarter,2022-Q2,210205,282016994.5,74.53628827322319,74.2179886294337,74.85561496245333
HCPCS 85379 – D-dimer (78 months of data),155,HCPCS 85379 – D-dimer (78 months of data),quarter,2022-Q3,202071,287178648.0,70.36421454285835,70.05774972759572,70.6716879586117
HCPCS 85379 – D-dimer (78 months of data),155,HCPCS 85379 – D-dimer (78 months of data),quarter,2022-Q4,198818,292152539.0,68.05280579813821,67.75399578507401,68.3526072463664
HCPCS 85379 – D-dimer (78 months of data),155,HCPCS 85379 – D-dimer (78 months of data),quarter,2023-Q1,237712,297686543.0,79.85312255112586,79.53243388624631,80.17478415729484
HCPCS 85379 – D-dimer (78 months of data),155,HCPCS 85379 – D-dimer (78 months of data),quarter,2023-Q2,213461,298365151.0,71.5435429655791,71.24036014002685,71.84769655675859
HCPCS 85379 – D-dimer (78 months of data),155,HCPCS 85379 – D-dimer (78 months of data),quarter,2023-Q3,205512,289816874.0,70.91098498288268,70.60473249189735,71.21823688666834
HCPCS 85379 – D-dimer (78 months of data),155,HCPCS 85379 – D-dimer (78 months of data),quarter,2023-Q4,195685,276383178.0,70.80206596365282,70.48870826931797,71.116471666965
HCPCS 85379 – D-dimer (78 months of data),155,HCPCS 85379 – D-dimer (78 months of data),quarter,2024-Q1,195253,267644460.0,72.95237868925066,72.62914748903492,73.27669211734626
HCPCS 85379 – D-dimer (78 months of data),155,HCPCS 85379 – D-dimer (78 months of data),quarter,2024-Q2,178384,258952546.0,68.8867527102823,68.56744570556351,69.20717830813261
HCPCS 85025 – CBC (78 months of data),157,HCPCS 85025 – CBC (78 months of data),quarter,2018-Q1,8755456,230550049.0,3797.637882957032,3795.1228057636727,3800.1542156856076
HCPCS 85025 – CBC (78 months of data),157,HCPCS 85025 – CBC (78 months of data),quarter,2018-Q2,8552575,228935769.0,3735.7967421857966,3733.293452500909,3738.30129626068
HCPCS 85025 – CBC (78 months of data),157,HCPCS 85025 – CBC (78 months of data),quarter,2018-Q3,8480403,227904788.0,3721.028888607641,3718.5249088836777,3723.5341384419903
HCPCS 85025 – CBC (78 months of data),157,HCPCS 85025 – CBC (78 months of data),quarter,2018-Q4,7990336,226095567.0,3534.0524832138794,3531.602493237657,3536.5037534684307
HCPCS 85025 – CBC (78 months of data),157,HCPCS 85025 – CBC (78 months of data),quarter,2019-Q1,9132890,225406912.0,4051.7346690770514,4049.1073336700897,4054.3632886638607
HCPCS 85025 – CBC (78 months of data),157,HCPCS 85025 – CBC (78 months of data),quarter,2019-Q2,9188717,224099443.0,4100.285514765871,4097.634784683632,4102.937536519842
HCPCS 85025 – CBC (78 months of data),157,HCPCS 85025 – CBC (78 months of data),quarter,2019-Q3,9427010,225151016.0,4186.972001050175,4184.29965435998,4189.645633377492
HCPCS 85025 – CBC (78 months of data),157,HCPCS 85025 – CBC (78 months of data),quarter,2019-Q4,9030461,223888589.0,4033.4619286916854,4030.831653171596,4036.093497101237
HCPCS 85025 – CBC (78 months of data),157,HCPCS 85025 – CBC (78 months of data),quarter,2020-Q1,9208982,223452397.0,4121.227663536767,4118.566327489832,4123.890294995538
HCPCS 85025 – CBC (78 months of data),157,HCPCS 85025 – CBC (78 months of data),quarter,2020-Q2,6883241,231340007.0,2975.378573408619,2973.1562163999747,2977.602181683495
HCPCS 85025 – CBC (78 months of data),157,HCPCS 85025 – CBC (78 months of data),quarter,2020-Q3,9140769,240451013.0,3801.5098734476946,3799.045858033595,3803.975092695359
HCPCS 85025 – CBC (78 months of data),157,HCPCS 85025 – CBC (78 months of data),quarter,2020-Q4,9121846,252197294.0,3616.9484038952455,3614.6015852065366,3619.2963703481873
HCPCS 85025 – CBC (78 months of data),157,HCPCS 85025 – CBC (78 months of data),quarter,2021-Q1,10029293,256211709.0,3914.4553694070246,3912.033124799323,3916.8787437895216
HCPCS 85025 – CBC (78 months of data),157,HCPCS 85025 – CBC (78 months of data),quarter,2021-Q2,10849187,261559386.0,4147.886705927655,4145.41889062039,4150.355627906501
HCPCS 85025 – CBC (78 months of data),157,HCPCS 85025 – CBC (78 months of data),quarter,2021-Q3,11035332,266799594.0,4136.187703494032,4133.747688794473,4138.628803128101
HCPCS 85025 – CBC (78 months of data),157,HCPCS 85025 – CBC (78 months of data),quarter,2021-Q4,10299024,272358419.0,3781.4230372661987,3779.1139522882913,3783.733185038949
HCPCS 85025 – CBC (78 months of data),157,HCPCS 85025 – CBC (78 months of data),quarter,2022-Q1,10710633,277314434.0,3862.2702920685333,3859.957593407535,3864.584034528539
HCPCS 85025 – CBC (78 months of data),157,HCPCS 85025 – CBC (78 months of data),quarter,2022-Q2,11172931,282016994.5,3961.7935152485998,3959.47081281983,3964.117244069078
HCPCS 85025 – CBC (78 months of data),157,HCPCS 85025 – CBC (78 months of data),quarter,2022-Q3,11287684,287178648.0,3930.5443070405427,3928.251666907645,3932.8379551166054
HCPCS 85025 – CBC (78 months of data),157,HCPCS 85025 – CBC (78 months of data),quarter,2022-Q4,10783079,292152539.0,3690.9071668208235,3688.704514764307,3693.1108096626017
HCPCS 85025 – CBC (78 months of data),157,HCPCS 85025 – CBC (78 months of data),quarter,2023-Q1,12260643,297686543.0,4118.642003914836,4116.336926227094,4120.948053962871
HCPCS 85025 – CBC (78 months of data),157,HCPCS 85025 – CBC (78 months of data),quarter,2023-Q2,12102235,298365151.0,4056.1824862716626,4053.8975586397087,4058.468384052965
HCPCS 85025 – CBC (78 months of data),157,HCPCS 85025 – CBC (78 months of data),quarter,2023-Q3,11567064,289816874.0,3991.163054225752,3988.8633378573763,3993.4637693606846
HCPCS 85025 – CBC (78 months of data),157,HCPCS 85025 – CBC (78 months of data),quarter,2023-Q4,10603184,276383178.0,3836.4071492079015,3834.098328690907,3838.7170170414665
HCPCS 85025 – CBC (78 months of data),157,HCPCS 85025 – CBC (78 months of data),quarter,2024-Q1,11179274,267644460.0,4176.912161753694,4174.464035250896,4179.361369765507
HCPCS 85025 – CBC (78 months of data),157,HCPCS 85025 – CBC (78 months of data),quarter,2024-Q2,10711039,258952546.0,4136.294145569049,4133.817410401687,4138.771998549442
HCPCS 85384 – Fibrinogen (78 months of data),160,HCPCS 85384 – Fibrinogen (78 months of data),quarter,2018-Q1,16266,230550049.0,7.055301037910428,6.947288985593805,7.164571810957142
HCPCS 85384 – Fibrinogen (78 months of data),160,HCPCS 85384 – Fibrinogen (78 months of data),quarter,2018-Q2,15570,228935769.0,6.801034223708398,6.6946221063422255,6.9087140113711145
HCPCS 85384 – Fibrinogen (78 months of data),160,HCPCS 85384 – Fibrinogen (78 months of data),quarter,2018-Q3,16057,227904788.0,7.045486029894203,6.936927223076602,7.155318189070995
HCPCS 85384 – Fibrinogen (78 months of data),160,HCPCS 85384 – Fibrinogen (78 months of data),quarter,2018-Q4,18056,226095567.0,7.986003546898378,7.869938883197695,8.103351557870727
HCPCS 85384 – Fibrinogen (78 months of data),160,HCPCS 85384 – Fibrinogen (78 months of data),quarter,2019-Q1,25192,225406912.0,11.176232253250513,11.038642411783961,11.315108867467268
HCPCS 85384 – Fibrinogen (78 months of data),160,HCPCS 85384 – Fibrinogen (78 months of data),quarter,2019-Q2,24067,224099443.0,10.739428745478854,10.604171119428456,10.875980715274695
HCPCS 85384 – Fibrinogen (78 months of data),160,HCPCS 85384 – Fibrinogen (78 months of data),quarter,2019-Q3,24610,225151016.0,10.930441459788927,10.794300582744144,11.067870604248156
HCPCS 85384 – Fibrinogen (78 months of data),160,HCPCS 85384 – Fibrinogen (78 months of data),quarter,2019-Q4,23914,223888589.0,10.681205373981788,10.546252739357259,10.817453580335027
HCPCS 85384 – Fibrinogen (78 months of data),160,HCPCS 85384 – Fibrinogen (78 months of data),quarter,2020-Q1,23292,223452397.0,10.423696640855457,10.290256194411747,10.558435225607452
HCPCS 85384 – Fibrinogen (78 months of data),160,HCPCS 85384 – Fibrinogen (78 months of data),quarter,2020-Q2,30358,231340007.0,13.122676182853233,12.975469861562658,13.271136038225722
HCPCS 85384 – Fibrinogen (78 months of data),160,HCPCS 85384 – Fibrinogen (78 months of data),quarter,2020-Q3,38033,240451013.0,15.817359022729507,15.658788201340473,15.977135631219163
HCPCS 85384 – Fibrinogen (78 months of data),160,HCPCS 85384 – Fibrinogen (78 months of data),quarter,2020-Q4,39054,252197294.0,15.485495256741336,15.332289122228797,15.639850991721922
HCPCS 85384 – Fibrinogen (78 months of data),160,HCPCS 85384 – Fibrinogen (78 months of data),quarter,2021-Q1,40236,256211709.0,15.704200310376915,15.551123986107143,15.858408194170632
HCPCS 85384 – Fibrinogen (78 months of data),160,HCPCS 85384 – Fibrinogen (78 months of data),quarter,2021-Q2,37853,261559386.0,14.472048041892863,14.326620430316046,14.618584135661294
HCPCS 85384 – Fibrinogen (78 months of data),160,HCPCS 85384 – Fibrinogen (78 months of data),quarter,2021-Q3,42529,266799594.0,15.940429054775846,15.789286856053891,16.09265785734389
HCPCS 85384 – Fibrinogen (78 months of data),160,HCPCS 85384 – Fibrinogen (78 months of data),quarter,2021-Q4,37538,272358419.0,13.78257376358173,13.643496142782045,13.92271592289802
HCPCS 85384 – Fibrinogen (78 months of data),160,HCPCS 85384 – Fibrinogen (78 months of data),quarter,2022-Q1,38331,277314434.0,13.822215975963227,13.684185048966947,13.961292397675738
HCPCS 85384 – Fibrinogen (78 months of data),160,HCPCS 85384 – Fibrinogen (78 months of data),quarter,2022-Q2,35650,282016994.5,12.641082167124507,12.510197570097404,12.772994890946647
HCPCS 85384 – Fibrinogen (78 months of data),160,HCPCS 85384 – Fibrinogen (78 months of data),quarter,2022-Q3,33466,287178648.0,11.653373338535948,11.528850804403985,11.778905578207528
HCPCS 85384 – Fibrinogen (78 months of data),160,HCPCS 85384 – Fibrinogen (78 months of data),quarter,2022-Q4,33597,292152539.0,11.499814485610203,11.37717197638832,11.623449506582777
HCPCS 85384 – Fibrinogen (78 months of data),160,HCPCS 85384 – Fibrinogen (78 months of data),quarter,2023-Q1,37001,297686543.0,12.429517178410045,12.303188441582956,12.556819891676538
HCPCS 85384 – Fibrinogen (78 months of data),160,HCPCS 85384 – Fibrinogen (78 months of data),quarter,2023-Q2,36183,298365151.0,12.127086517553787,12.00244965820497,12.252695157274513
HCPCS 85384 – Fibrinogen (78 months of data),160,HCPCS 85384 – Fibrinogen (78 months of data),quarter,2023-Q3,36285,289816874.0,12.519974941141626,12.391480671035865,12.649469652214966
HCPCS 85384 – Fibrinogen (78 months of data),160,HCPCS 85384 – Fibrinogen (78 months of data),quarter,2023-Q4,34161,276383178.0,12.36001418291818,12.22928767525471,12.491789815224124
HCPCS 85384 – Fibrinogen (78 months of data),160,HCPCS 85384 – Fibrinogen (78 months of data),quarter,2024-Q1,32837,267644460.0,12.26888836032698,12.136542401378255,12.402317737816103
HCPCS 85384 – Fibrinogen (78 months of data),160,HCPCS 85384 – Fibrinogen (78 months of data),quarter,2024-Q2,32302,258952546.0,12.47410017741243,12.338433830349782,12.610886325874331
HCPCS 85390 – Coagulation interpretation/report (78 months of data),162,HCPCS 85390 – Coagulation interpretation/report (78 months of data),quarter,2018-Q1,2957,230550049.0,1.282584849938592,1.2367686695494966,1.329664218259604
HCPCS 85390 – Coagulation interpretation/report (78 months of data),162,HCPCS 85390 – Coagulation interpretation/report (78 months of data),quarter,2018-Q2,2876,228935769.0,1.2562475547453662,1.2107503828459498,1.3030169311098514
HCPCS 85390 – Coagulation interpretation/report (78 months of data),162,HCPCS 85390 – Coagulation interpretation/report (78 months of data),quarter,2018-Q3,2839,227904788.0,1.2456956367235252,1.2002902858422788,1.2923789989864862
HCPCS 85390 – Coagulation interpretation/report (78 months of data),162,HCPCS 85390 – Coagulation interpretation/report (78 months of data),quarter,2018-Q4,3308,226095567.0,1.4630981243431456,1.4136599021935679,1.513823988956859
HCPCS 85390 – Coagulation interpretation/report (78 months of data),162,HCPCS 85390 – Coagulation interpretation/report (78 months of data),quarter,2019-Q1,3521,225406912.0,1.5620638997973586,1.5108896303596713,1.614529514589337
HCPCS 85390 – Coagulation interpretation/report (78 months of data),162,HCPCS 85390 – Coagulation interpretation/report (78 months of data),quarter,2019-Q2,4050,224099443.0,1.8072334075368497,1.7519983277775777,1.8637668709635316
HCPCS 85390 – Coagulation interpretation/report (78 months of data),162,HCPCS 85390 – Coagulation interpretation/report (78 months of data),quarter,2019-Q3,3508,225151016.0,1.5580653653368368,1.5069283816023646,1.6104951756209893
HCPCS 85390 – Coagulation interpretation/report (78 months of data),162,HCPCS 85390 – Coagulation interpretation/report (78 months of data),quarter,2019-Q4,3674,223888589.0,1.6409947538684073,1.588356803571438,1.6949326524209412
HCPCS 85390 – Coagulation interpretation/report (78 months of data),162,HCPCS 85390 – Coagulation interpretation/report (78 months of data),quarter,2020-Q1,3554,223452397.0,1.590495357272896,1.5386301334212857,1.643663187514829
HCPCS 85390 – Coagulation interpretation/report (78 months of data),162,HCPCS 85390 – Coagulation interpretation/report (78 months of data),quarter,2020-Q2,4970,231340007.0,2.148353008392535,2.089035811528506,2.208927306812094
HCPCS 85390 – Coagulation interpretation/report (78 months of data),162,HCPCS 85390 – Coagulation interpretation/report (78 months of data),quarter,2020-Q3,6805,240451013.0,2.8300982870053453,2.763251842743505,2.898153362167645
HCPCS 85390 – Coagulation interpretation/report (78 months of data),162,HCPCS 85390 – Coagulation interpretation/report (78 months of data),quarter,2020-Q4,8548,252197294.0,3.389409880028292,3.3179339986026957,3.46203759350221
HCPCS 85390 – Coagulation interpretation/report (78 months of data),162,HCPCS 85390 – Coagulation interpretation/report (78 months of data),quarter,2021-Q1,10475,256211709.0,4.0884158030420075,4.010492555462385,4.167472436676463
HCPCS 85390 – Coagulation interpretation/report (78 months of data),162,HCPCS 85390 – Coagulation interpretation/report (78 months of data),quarter,2021-Q2,10068,261559386.0,3.849221453670181,3.774396076445327,3.925157117514547
HCPCS 85390 – Coagulation interpretation/report (78 months of data),162,HCPCS 85390 – Coagulation interpretation/report (78 months of data),quarter,2021-Q3,9960,266799594.0,3.7331391141472277,3.660179803818544,3.807186923705276
HCPCS 85390 – Coagulation interpretation/report (78 months of data),162,HCPCS 85390 – Coagulation interpretation/report (78 months of data),quarter,2021-Q4,9513,272358419.0,3.4928239174424047,3.422983809973283,3.563730391405218
HCPCS 85390 – Coagulation interpretation/report (78 months of data),162,HCPCS 85390 – Coagulation interpretation/report (78 months of data),quarter,2022-Q1,10139,277314434.0,3.6561385766166072,3.5853146329554773,3.7280097159331884
HCPCS 85390 – Coagulation interpretation/report (78 months of data),162,HCPCS 85390 – Coagulation interpretation/report (78 months of data),quarter,2022-Q2,10242,282016994.5,3.6316960324176493,3.5616985016314513,3.7027232797945357
HCPCS 85390 – Coagulation interpretation/report (78 months of data),162,HCPCS 85390 – Coagulation interpretation/report (78 months of data),quarter,2022-Q3,9852,287178648.0,3.430617167610595,3.363205561103427,3.4990400488303397
HCPCS 85390 – Coagulation interpretation/report (78 months of data),162,HCPCS 85390 – Coagulation interpretation/report (78 months of data),quarter,2022-Q4,9806,292152539.0,3.3564657810487146,3.2903574937976834,3.423568133975679
HCPCS 85390 – Coagulation interpretation/report (78 months of data),162,HCPCS 85390 – Coagulation interpretation/report (78 months of data),quarter,2023-Q1,10934,297686543.0,3.672991022640886,3.604463790086515,3.742493665496154
HCPCS 85390 – Coagulation interpretation/report (78 months of data),162,HCPCS 85390 – Coagulation interpretation/report (78 months of data),quarter,2023-Q2,10786,298365151.0,3.615033446047457,3.5471285422962433,3.6839115630243366
HCPCS 85390 – Coagulation interpretation/report (78 months of data),162,HCPCS 85390 – Coagulation interpretation/report (78 months of data),quarter,2023-Q3,9707,289816874.0,3.349356393927567,3.2830542456812166,3.416660636449705
HCPCS 85390 – Coagulation interpretation/report (78 months of data),162,HCPCS 85390 – Coagulation interpretation/report (78 months of data),quarter,2023-Q4,9585,276383178.0,3.4680113563206807,3.39892702237326,3.538146514433706
HCPCS 85390 – Coagulation interpretation/report (78 months of data),162,HCPCS 85390 – Coagulation interpretation/report (78 months of data),quarter,2024-Q1,9579,267644460.0,3.5790017846810653,3.5076842579211704,3.6514044466794915
HCPCS 85390 – Coagulation interpretation/report (78 months of data),162,HCPCS 85390 – Coagulation interpretation/report (78 months of data),quarter,2024-Q2,9007,258952546.0,3.4782434616418096,3.406777916836722,3.5508306855037106
Aggregate Clotting,164,Aggregate Clotting,quarter,2018-Q1,13180,230550049.0,5.716763044366128,5.619576591534,5.815208586741684
Aggregate Clotting,164,Aggregate Clotting,quarter,2018-Q2,14886,228935769.0,6.502260465903866,6.398221191430497,6.607567488425458
Aggregate Clotting,164,Aggregate Clotting,quarter,2018-Q3,14546,227904788.0,6.382489866777174,6.2791851443812865,6.48706811303411
Aggregate Clotting,164,Aggregate Clotting,quarter,2018-Q4,14224,226095567.0,6.291145018336429,6.188177337231828,6.395396454419205
Aggregate Clotting,164,Aggregate Clotting,quarter,2019-Q1,17369,225406912.0,7.705619958983334,7.591445046908725,7.821082202397947
Aggregate Clotting,164,Aggregate Clotting,quarter,2019-Q2,18882,224099443.0,8.425723753360689,8.30596720471312,8.546775008627863
Aggregate Clotting,164,Aggregate Clotting,quarter,2019-Q3,20141,225151016.0,8.94555146044733,8.822430652589007,9.06996082757361
Aggregate Clotting,164,Aggregate Clotting,quarter,2019-Q4,19114,223888589.0,8.537281906761224,8.416675816806467,8.659183903314517
Aggregate Clotting,164,Aggregate Clotting,quarter,2020-Q1,14402,149176444.0,9.65433926015826,9.497301444252667,9.813322733302565
Aggregate Clotting,164,Aggregate Clotting,quarter,2020-Q2,6564,78055480.0,8.409403157856437,8.207182751002115,8.615347045253765
Aggregate Clotting,164,Aggregate Clotting,quarter,2020-Q3,21915,240451013.0,9.114122551024561,8.993848911073526,9.23560264023042
Aggregate Clotting,164,Aggregate Clotting,quarter,2020-Q4,24585,252197294.0,9.748320297203506,9.626841453764333,9.87094925224621
Aggregate Clotting,164,Aggregate Clotting,quarter,2021-Q1,29063,256211709.0,11.34335355454032,11.213311087711737,11.474527917169137
Aggregate Clotting,164,Aggregate Clotting,quarter,2021-Q2,33628,261559386.0,12.856736098929366,12.719685422551613,12.994895374720324
Aggregate Clotting,164,Aggregate Clotting,quarter,2021-Q3,32009,266799594.0,11.997394568748856,11.86631858023376,12.12955743264104
Aggregate Clotting,164,Aggregate Clotting,quarter,2021-Q4,29224,272358419.0,10.72997857283053,10.607306306341375,10.853715625109771
Aggregate Clotting,164,Aggregate Clotting,quarter,2022-Q1,32030,277314434.0,11.550065944277534,11.423918448452572,11.677259104137516
Aggregate Clotting,164,Aggregate Clotting,quarter,2022-Q2,34910,282016994.5,12.378686632659651,12.249171079277478,12.50923033221144
Aggregate Clotting,164,Aggregate Clotting,quarter,2022-Q3,33799,287178648.0,11.769329034517915,11.64418686948854,11.895480895889127
Aggregate Clotting,164,Aggregate Clotting,quarter,2022-Q4,30126,292152539.0,10.311736500089085,10.195619169052582,10.428846445265906
Aggregate Clotting,164,Aggregate Clotting,quarter,2023-Q1,40336,297686543.0,13.549823110411813,13.417909953606673,13.682710171483537
Aggregate Clotting,164,Aggregate Clotting,quarter,2023-Q2,39719,298365151.0,13.312211518965228,13.181611319790232,13.443783419973942
Aggregate Clotting,164,Aggregate Clotting,quarter,2023-Q3,36785,289816874.0,12.692497676998615,12.563118875081292,12.822876907795758
Aggregate Clotting,164,Aggregate Clotting,quarter,2023-Q4,33581,276383178.0,12.150160600584742,12.020551536419735,12.280818805863216
Aggregate Clotting,164,Aggregate Clotting,quarter,2024-Q1,37565,267644460.0,14.035411007573256,13.89383282877316,14.178072473678471
Aggregate Clotting,164,Aggregate Clotting,quarter,2024-Q2,39555,258952546.0,15.274999458781148,15.124833635443414,15.42628488100177
Custom Aggregate Initial Hemostasis / Thrombotic Evaluation,167,Custom Aggregate Initial Hemostasis / Thrombotic Evaluation,quarter,2018-Q1,2023991,230550049.0,877.8965820128712,876.6875449998645,879.1068747161972
Custom Aggregate Initial Hemostasis / Thrombotic Evaluation,167,Custom Aggregate Initial Hemostasis / Thrombotic Evaluation,quarter,2018-Q2,2042779,228935769.0,892.2935061318443,891.0703039498246,893.5179728569645
Custom Aggregate Initial Hemostasis / Thrombotic Evaluation,167,Custom Aggregate Initial Hemostasis / Thrombotic Evaluation,quarter,2018-Q3,1978923,227904788.0,868.3112879576712,867.1019161113975,869.5219300723185
Custom Aggregate Initial Hemostasis / Thrombotic Evaluation,167,Custom Aggregate Initial Hemostasis / Thrombotic Evaluation,quarter,2018-Q4,1917989,226095567.0,848.3089807771419,847.1088529346187,849.5103890576054
Custom Aggregate Initial Hemostasis / Thrombotic Evaluation,167,Custom Aggregate Initial Hemostasis / Thrombotic Evaluation,quarter,2019-Q1,2188532,225406912.0,970.9249732324091,969.6390489267884,972.2121818678781
Custom Aggregate Initial Hemostasis / Thrombotic Evaluation,167,Custom Aggregate Initial Hemostasis / Thrombotic Evaluation,quarter,2019-Q2,2209437,224099443.0,985.9181131476529,984.6185215606544,987.2189965562961
Custom Aggregate Initial Hemostasis / Thrombotic Evaluation,167,Custom Aggregate Initial Hemostasis / Thrombotic Evaluation,quarter,2019-Q3,2207987,225151016.0,980.6693477234852,979.3762505701718,981.9637306650567
Custom Aggregate Initial Hemostasis / Thrombotic Evaluation,167,Custom Aggregate Initial Hemostasis / Thrombotic Evaluation,quarter,2019-Q4,2129988,223888589.0,951.3606787704576,950.0834730194592,952.6391775651541
Custom Aggregate Initial Hemostasis / Thrombotic Evaluation,167,Custom Aggregate Initial Hemostasis / Thrombotic Evaluation,quarter,2020-Q1,1496899,149176444.0,1003.4419375219858,1001.8350980468367,1005.0507177236275
Custom Aggregate Initial Hemostasis / Thrombotic Evaluation,167,Custom Aggregate Initial Hemostasis / Thrombotic Evaluation,quarter,2020-Q2,714684,78055480.0,915.6102813024787,913.4887309585463,917.7355411423963
Custom Aggregate Initial Hemostasis / Thrombotic Evaluation,167,Custom Aggregate Initial Hemostasis / Thrombotic Evaluation,quarter,2020-Q3,2263128,240451013.0,941.2012749557433,939.9754273284523,942.4283265526944
Custom Aggregate Initial Hemostasis / Thrombotic Evaluation,167,Custom Aggregate Initial Hemostasis / Thrombotic Evaluation,quarter,2020-Q4,2284092,252197294.0,905.6766485369188,904.502493193366,906.8519517731402
Custom Aggregate Initial Hemostasis / Thrombotic Evaluation,167,Custom Aggregate Initial Hemostasis / Thrombotic Evaluation,quarter,2021-Q1,2438726,256211709.0,951.8401830729758,950.6459304795932,953.035565565288
Custom Aggregate Initial Hemostasis / Thrombotic Evaluation,167,Custom Aggregate Initial Hemostasis / Thrombotic Evaluation,quarter,2021-Q2,2513543,261559386.0,960.9836750419654,959.7960248893088,962.1724319887594
Custom Aggregate Initial Hemostasis / Thrombotic Evaluation,167,Custom Aggregate Initial Hemostasis / Thrombotic Evaluation,quarter,2021-Q3,2339661,266799594.0,876.9357422635358,875.8124257367817,878.0601438543486
Custom Aggregate Initial Hemostasis / Thrombotic Evaluation,167,Custom Aggregate Initial Hemostasis / Thrombotic Evaluation,quarter,2021-Q4,2176135,272358419.0,798.9967807824586,797.9355547554808,800.0590697360553
Custom Aggregate Initial Hemostasis / Thrombotic Evaluation,167,Custom Aggregate Initial Hemostasis / Thrombotic Evaluation,quarter,2022-Q1,2199000,277314434.0,792.9626915849608,791.9149681405738,794.0114589586636
Custom Aggregate Initial Hemostasis / Thrombotic Evaluation,167,Custom Aggregate Initial Hemostasis / Thrombotic Evaluation,quarter,2022-Q2,2240015,282016994.5,794.2836934247237,793.2438738041818,795.3245395651746
Custom Aggregate Initial Hemostasis / Thrombotic Evaluation,167,Custom Aggregate Initial Hemostasis / Thrombotic Evaluation,quarter,2022-Q3,2177130,287178648.0,758.1099831628151,757.1032929479113,759.1176814505692
Custom Aggregate Initial Hemostasis / Thrombotic Evaluation,167,Custom Aggregate Initial Hemostasis / Thrombotic Evaluation,quarter,2022-Q4,2100035,292152539.0,718.8145641958635,717.842697219196,719.7874220870962
Custom Aggregate Initial Hemostasis / Thrombotic Evaluation,167,Custom Aggregate Initial Hemostasis / Thrombotic Evaluation,quarter,2023-Q1,2372419,297686543.0,796.95204764429,795.9382569742528,797.9668107943176
Custom Aggregate Initial Hemostasis / Thrombotic Evaluation,167,Custom Aggregate Initial Hemostasis / Thrombotic Evaluation,quarter,2023-Q2,2303331,298365151.0,771.983923819575,770.9872803014373,772.9815376090482
Custom Aggregate Initial Hemostasis / Thrombotic Evaluation,167,Custom Aggregate Initial Hemostasis / Thrombotic Evaluation,quarter,2023-Q3,2202368,289816874.0,759.9171054477663,758.9138121597991,760.9213976307003
Custom Aggregate Initial Hemostasis / Thrombotic Evaluation,167,Custom Aggregate Initial Hemostasis / Thrombotic Evaluation,quarter,2023-Q4,2025490,276383178.0,732.8557456561267,731.8468319388138,733.8657068302392
Custom Aggregate Initial Hemostasis / Thrombotic Evaluation,167,Custom Aggregate Initial Hemostasis / Thrombotic Evaluation,quarter,2024-Q1,2035282,267644460.0,760.4424167793348,759.3980453694709,761.487869845338
Custom Aggregate Initial Hemostasis / Thrombotic Evaluation,167,Custom Aggregate Initial Hemostasis / Thrombotic Evaluation,quarter,2024-Q2,1986196,258952546.0,767.0115743909311,765.9452483996471,768.0790183481174
Custom Aggregate Platelet Activation / Primary Hemostasis,170,Custom Aggregate Platelet Activation / Primary Hemostasis,quarter,2018-Q1,5423,230550049.0,2.352200757936078,2.2900085031604753,2.4156541653057446
Custom Aggregate Platelet Activation / Primary Hemostasis,170,Custom Aggregate Platelet Activation / Primary Hemostasis,quarter,2018-Q2,5259,228935769.0,2.29715086592694,2.2354807104948975,2.360091156225658
Custom Aggregate Platelet Activation / Primary Hemostasis,170,Custom Aggregate Platelet Activation / Primary Hemostasis,quarter,2018-Q3,5187,227904788.0,2.275950428913323,2.2144296915001664,2.3387470877968664
Custom Aggregate Platelet Activation / Primary Hemostasis,170,Custom Aggregate Platelet Activation / Primary Hemostasis,quarter,2018-Q4,4695,226095567.0,2.0765555301665866,2.017577274508479,2.136820223472404
Custom Aggregate Platelet Activation / Primary Hemostasis,170,Custom Aggregate Platelet Activation / Primary Hemostasis,quarter,2019-Q1,6917,225406912.0,3.0686725347623764,2.9967767531712677,3.1418575709635275
Custom Aggregate Platelet Activation / Primary Hemostasis,170,Custom Aggregate Platelet Activation / Primary Hemostasis,quarter,2019-Q2,6848,224099443.0,3.055786265385765,2.9838347345403426,3.12903459910444
Custom Aggregate Platelet Activation / Primary Hemostasis,170,Custom Aggregate Platelet Activation / Primary Hemostasis,quarter,2019-Q3,6190,225151016.0,2.749265852746585,2.6811987013821024,2.818624021773719
Custom Aggregate Platelet Activation / Primary Hemostasis,170,Custom Aggregate Platelet Activation / Primary Hemostasis,quarter,2019-Q4,4770,223888589.0,2.1305239455504363,2.070487098423034,2.191859861152425
Custom Aggregate Platelet Activation / Primary Hemostasis,170,Custom Aggregate Platelet Activation / Primary Hemostasis,quarter,2020-Q1,3918,149176444.0,2.6264200264754933,2.5448173542517334,2.70997335965856
Custom Aggregate Platelet Activation / Primary Hemostasis,170,Custom Aggregate Platelet Activation / Primary Hemostasis,quarter,2020-Q2,2236,78055480.0,2.8646291073989936,2.747111660739272,2.985881036095652
Custom Aggregate Platelet Activation / Primary Hemostasis,170,Custom Aggregate Platelet Activation / Primary Hemostasis,quarter,2020-Q3,8518,240451013.0,3.542509508995082,3.467674319697275,3.6185528062617234
Custom Aggregate Platelet Activation / Primary Hemostasis,170,Custom Aggregate Platelet Activation / Primary Hemostasis,quarter,2020-Q4,8213,252197294.0,3.2565773683519383,3.1865235331460644,3.3277831202021466
Custom Aggregate Platelet Activation / Primary Hemostasis,170,Custom Aggregate Platelet Activation / Primary Hemostasis,quarter,2021-Q1,8652,256211709.0,3.376894847534076,3.306109922405632,3.4488135325387916
Custom Aggregate Platelet Activation / Primary Hemostasis,170,Custom Aggregate Platelet Activation / Primary Hemostasis,quarter,2021-Q2,10311,261559386.0,3.9421257855376672,3.8663984446279756,4.0189633689286355
Custom Aggregate Platelet Activation / Primary Hemostasis,170,Custom Aggregate Platelet Activation / Primary Hemostasis,quarter,2021-Q3,8349,266799594.0,3.1293151068288356,3.062546454650467,3.197172596663791
Custom Aggregate Platelet Activation / Primary Hemostasis,170,Custom Aggregate Platelet Activation / Primary Hemostasis,quarter,2021-Q4,8546,272358419.0,3.1377770628048767,3.071599913223286,3.2050207813966622
Custom Aggregate Platelet Activation / Primary Hemostasis,170,Custom Aggregate Platelet Activation / Primary Hemostasis,quarter,2022-Q1,9147,277314434.0,3.298421891736079,3.231169022508978,3.3667221414917625
Custom Aggregate Platelet Activation / Primary Hemostasis,170,Custom Aggregate Platelet Activation / Primary Hemostasis,quarter,2022-Q2,9647,282016994.5,3.420715839165501,3.3527918879673324,3.489669610961808
Custom Aggregate Platelet Activation / Primary Hemostasis,170,Custom Aggregate Platelet Activation / Primary Hemostasis,quarter,2022-Q3,7745,287178648.0,2.6969275236646424,2.6371950646008426,2.757671695654302
Custom Aggregate Platelet Activation / Primary Hemostasis,170,Custom Aggregate Platelet Activation / Primary Hemostasis,quarter,2022-Q4,8332,292152539.0,2.8519348243624196,2.791022784290734,2.91384121668546
Custom Aggregate Platelet Activation / Primary Hemostasis,170,Custom Aggregate Platelet Activation / Primary Hemostasis,quarter,2023-Q1,11462,297686543.0,3.8503587983820955,3.780188873831531,3.9215040600621167
Custom Aggregate Platelet Activation / Primary Hemostasis,170,Custom Aggregate Platelet Activation / Primary Hemostasis,quarter,2023-Q2,12316,298365151.0,4.127827917812024,4.055244656382244,4.201384190048977
Custom Aggregate Platelet Activation / Primary Hemostasis,170,Custom Aggregate Platelet Activation / Primary Hemostasis,quarter,2023-Q3,10317,289816874.0,3.559834131673092,3.491470318816005,3.629199936090628
Custom Aggregate Platelet Activation / Primary Hemostasis,170,Custom Aggregate Platelet Activation / Primary Hemostasis,quarter,2023-Q4,10357,276383178.0,3.7473337107369105,3.675507552451589,3.8202105559859008
Custom Aggregate Platelet Activation / Primary Hemostasis,170,Custom Aggregate Platelet Activation / Primary Hemostasis,quarter,2024-Q1,9091,267644460.0,3.3966703439331414,3.3272023568225215,3.4672235650896877
Custom Aggregate Platelet Activation / Primary Hemostasis,170,Custom Aggregate Platelet Activation / Primary Hemostasis,quarter,2024-Q2,8548,258952546.0,3.3009909081952027,3.231379606200897,3.3717239945867514
Custom Aggregate PThrombophilia Evaluation,173,Custom Aggregate PThrombophilia Evaluation,quarter,2018-Q1,18060,230550049.0,7.833440104799111,7.719605286190765,7.948533474640494
Custom Aggregate PThrombophilia Evaluation,173,Custom Aggregate PThrombophilia Evaluation,quarter,2018-Q2,16809,228935769.0,7.342234056924499,7.231652853065455,7.454082802512968
Custom Aggregate PThrombophilia Evaluation,173,Custom Aggregate PThrombophilia Evaluation,quarter,2018-Q3,17001,227904788.0,7.459694089445808,7.347977662196694,7.572683773707533
Custom Aggregate PThrombophilia Evaluation,173,Custom Aggregate PThrombophilia Evaluation,quarter,2018-Q4,16225,226095567.0,7.176169004675796,7.066168350803768,7.287453182581189
Custom Aggregate PThrombophilia Evaluation,173,Custom Aggregate PThrombophilia Evaluation,quarter,2019-Q1,18637,225406912.0,8.268158165442593,8.149873960054919,8.387729588211748
Custom Aggregate PThrombophilia Evaluation,173,Custom Aggregate PThrombophilia Evaluation,quarter,2019-Q2,17848,224099443.0,7.964321446350048,7.84790183072047,8.08203585929628
Custom Aggregate PThrombophilia Evaluation,173,Custom Aggregate PThrombophilia Evaluation,quarter,2019-Q3,17598,225151016.0,7.816087314480518,7.701028812577768,7.932434589330619
Custom Aggregate PThrombophilia Evaluation,173,Custom Aggregate PThrombophilia Evaluation,quarter,2019-Q4,16990,223888589.0,7.588595772516125,7.47491226629392,7.703575377005611
Custom Aggregate PThrombophilia Evaluation,173,Custom Aggregate PThrombophilia Evaluation,quarter,2020-Q1,13193,149176444.0,8.843889588895149,8.693614953351613,8.996110126408974
Custom Aggregate PThrombophilia Evaluation,173,Custom Aggregate PThrombophilia Evaluation,quarter,2020-Q2,5272,78055480.0,6.754170238912117,6.573067497626723,6.938998248965756
Custom Aggregate PThrombophilia Evaluation,173,Custom Aggregate PThrombophilia Evaluation,quarter,2020-Q3,18225,240451013.0,7.579506433603588,7.46985968616743,7.690359895635105
Custom Aggregate PThrombophilia Evaluation,173,Custom Aggregate PThrombophilia Evaluation,quarter,2020-Q4,18347,252197294.0,7.274859975301718,7.169969533714144,7.380900918267605
Custom Aggregate PThrombophilia Evaluation,173,Custom Aggregate PThrombophilia Evaluation,quarter,2021-Q1,22396,256211709.0,8.741208622904896,8.627097500226848,8.856451953056126
Custom Aggregate PThrombophilia Evaluation,173,Custom Aggregate PThrombophilia Evaluation,quarter,2021-Q2,22997,261559386.0,8.792267160315172,8.678994381259155,8.906648965580555
Custom Aggregate PThrombophilia Evaluation,173,Custom Aggregate PThrombophilia Evaluation,quarter,2021-Q3,21655,266799594.0,8.116579067957653,8.008830446203083,8.22541500733419
Custom Aggregate PThrombophilia Evaluation,173,Custom Aggregate PThrombophilia Evaluation,quarter,2021-Q4,20832,272358419.0,7.6487446492337,7.545226997516184,7.7533274742004865
Custom Aggregate PThrombophilia Evaluation,173,Custom Aggregate PThrombophilia Evaluation,quarter,2022-Q1,22696,277314434.0,8.1842115726295,8.07807788341887,8.291391296384104
Custom Aggregate PThrombophilia Evaluation,173,Custom Aggregate PThrombophilia Evaluation,quarter,2022-Q2,23297,282016994.5,8.26084968436184,8.155108545973421,8.367619385047918
Custom Aggregate PThrombophilia Evaluation,173,Custom Aggregate PThrombophilia Evaluation,quarter,2022-Q3,22616,287178648.0,7.8752372982827055,7.772930533903738,7.9785541712712975
Custom Aggregate PThrombophilia Evaluation,173,Custom Aggregate PThrombophilia Evaluation,quarter,2022-Q4,20651,292152539.0,7.068567697780645,6.972485215369979,7.165643195231793
Custom Aggregate PThrombophilia Evaluation,173,Custom Aggregate PThrombophilia Evaluation,quarter,2023-Q1,24851,297686543.0,8.348042793456068,8.244570060930695,8.45248987867916
Custom Aggregate PThrombophilia Evaluation,173,Custom Aggregate PThrombophilia Evaluation,quarter,2023-Q2,23082,298365151.0,7.736158168150141,7.636674575804403,7.8366139753294455
Custom Aggregate PThrombophilia Evaluation,173,Custom Aggregate PThrombophilia Evaluation,quarter,2023-Q3,20475,289816874.0,7.064806033343663,6.968364229764086,7.16224886484913
Custom Aggregate PThrombophilia Evaluation,173,Custom Aggregate PThrombophilia Evaluation,quarter,2023-Q4,18063,276383178.0,6.5354918236015065,6.4405265265780365,6.631506963781546
Custom Aggregate PThrombophilia Evaluation,173,Custom Aggregate PThrombophilia Evaluation,quarter,2024-Q1,19773,267644460.0,7.3877860203046986,7.2851667085763605,7.491489332844142
Custom Aggregate PThrombophilia Evaluation,173,Custom Aggregate PThrombophilia Evaluation,quarter,2024-Q2,18774,258952546.0,7.249976989992598,7.146636656378681,7.3544377801571414
HCPCS 85390 - Coagulation interpretation/report (75 months of data),176,HCPCS 85390 - Coagulation interpretation/report (75 months of data),quarter,2018-Q1,2957,230550049.0,1.282584849938592,1.2367686695494966,1.329664218259604
HCPCS 85390 - Coagulation interpretation/report (75 months of data),176,HCPCS 85390 - Coagulation interpretation/report (75 months of data),quarter,2018-Q2,2876,228935769.0,1.2562475547453662,1.2107503828459498,1.3030169311098514
HCPCS 85390 - Coagulation interpretation/report (75 months of data),176,HCPCS 85390 - Coagulation interpretation/report (75 months of data),quarter,2018-Q3,2839,227904788.0,1.2456956367235252,1.2002902858422788,1.2923789989864862
HCPCS 85390 - Coagulation interpretation/report (75 months of data),176,HCPCS 85390 - Coagulation interpretation/report (75 months of data),quarter,2018-Q4,3308,226095567.0,1.4630981243431456,1.4136599021935679,1.513823988956859
HCPCS 85390 - Coagulation interpretation/report (75 months of data),176,HCPCS 85390 - Coagulation interpretation/report (75 months of data),quarter,2019-Q1,3521,225406912.0,1.5620638997973586,1.5108896303596713,1.614529514589337
HCPCS 85390 - Coagulation interpretation/report (75 months of data),176,HCPCS 85390 - Coagulation interpretation/report (75 months of data),quarter,2019-Q2,4050,224099443.0,1.8072334075368497,1.7519983277775777,1.8637668709635316
HCPCS 85390 - Coagulation interpretation/report (75 months of data),176,HCPCS 85390 - Coagulation interpretation/report (75 months of data),quarter,2019-Q3,3508,225151016.0,1.5580653653368368,1.5069283816023646,1.6104951756209893
HCPCS 85390 - Coagulation interpretation/report (75 months of data),176,HCPCS 85390 - Coagulation interpretation/report (75 months of data),quarter,2019-Q4,3674,223888589.0,1.6409947538684073,1.588356803571438,1.6949326524209412
HCPCS 85390 - Coagulation interpretation/report (75 months of data),176,HCPCS 85390 - Coagulation interpretation/report (75 months of data),quarter,2020-Q1,2644,149176444.0,1.7723977922412468,1.7054766606922103,1.8412718538668427
HCPCS 85390 - Coagulation interpretation/report (75 months of data),176,HCPCS 85390 - Coagulation interpretation/report (75 months of data),quarter,2020-Q2,1994,78055480.0,2.5545932201044694,2.443685302351925,2.6692371750990884
HCPCS 85390 - Coagulation interpretation/report (75 months of data),176,HCPCS 85390 - Coagulation interpretation/report (75 months of data),quarter,2020-Q3,6805,240451013.0,2.8300982870053453,2.763251842743505,2.898153362167645
HCPCS 85390 - Coagulation interpretation/report (75 months of data),176,HCPCS 85390 - Coagulation interpretation/report (75 months of data),quarter,2020-Q4,8548,252197294.0,3.389409880028292,3.3179339986026957,3.46203759350221
HCPCS 85390 - Coagulation interpretation/report (75 months of data),176,HCPCS 85390 - Coagulation interpretation/report (75 months of data),quarter,2021-Q1,10475,256211709.0,4.0884158030420075,4.010492555462385,4.167472436676463
HCPCS 85390 - Coagulation interpretation/report (75 months of data),176,HCPCS 85390 - Coagulation interpretation/report (75 months of data),quarter,2021-Q2,10068,261559386.0,3.849221453670181,3.774396076445327,3.925157117514547
HCPCS 85390 - Coagulation interpretation/report (75 months of data),176,HCPCS 85390 - Coagulation interpretation/report (75 months of data),quarter,2021-Q3,9960,266799594.0,3.7331391141472277,3.660179803818544,3.807186923705276
HCPCS 85390 - Coagulation interpretation/report (75 months of data),176,HCPCS 85390 - Coagulation interpretation/report (75 months of data),quarter,2021-Q4,9513,272358419.0,3.4928239174424047,3.422983809973283,3.563730391405218
HCPCS 85390 - Coagulation interpretation/report (75 months of data),176,HCPCS 85390 - Coagulation interpretation/report (75 months of data),quarter,2022-Q1,10139,277314434.0,3.6561385766166072,3.5853146329554773,3.7280097159331884
HCPCS 85390 - Coagulation interpretation/report (75 months of data),176,HCPCS 85390 - Coagulation interpretation/report (75 months of data),quarter,2022-Q2,10242,282016994.5,3.6316960324176493,3.5616985016314513,3.7027232797945357
HCPCS 85390 - Coagulation interpretation/report (75 months of data),176,HCPCS 85390 - Coagulation interpretation/report (75 months of data),quarter,2022-Q3,9852,287178648.0,3.430617167610595,3.363205561103427,3.4990400488303397
HCPCS 85390 - Coagulation interpretation/report (75 months of data),176,HCPCS 85390 - Coagulation interpretation/report (75 months of data),quarter,2022-Q4,9806,292152539.0,3.3564657810487146,3.2903574937976834,3.423568133975679
HCPCS 85390 - Coagulation interpretation/report (75 months of data),176,HCPCS 85390 - Coagulation interpretation/report (75 months of data),quarter,2023-Q1,10934,297686543.0,3.672991022640886,3.604463790086515,3.742493665496154
HCPCS 85390 - Coagulation interpretation/report (75 months of data),176,HCPCS 85390 - Coagulation interpretation/report (75 months of data),quarter,2023-Q2,10786,298365151.0,3.615033446047457,3.5471285422962433,3.6839115630243366
HCPCS 85390 - Coagulation interpretation/report (75 months of data),176,HCPCS 85390 - Coagulation interpretation/report (75 months of data),quarter,2023-Q3,9707,289816874.0,3.349356393927567,3.2830542456812166,3.416660636449705
HCPCS 85390 - Coagulation interpretation/report (75 months of data),176,HCPCS 85390 - Coagulation interpretation/report (75 months of data),quarter,2023-Q4,9585,276383178.0,3.4680113563206807,3.39892702237326,3.538146514433706
HCPCS 85390 - Coagulation interpretation/report (75 months of data),176,HCPCS 85390 - Coagulation interpretation/report (75 months of data),quarter,2024-Q1,9579,267644460.0,3.5790017846810653,3.5076842579211704,3.6514044466794915
HCPCS 85390 - Coagulation interpretation/report (75 months of data),176,HCPCS 85390 - Coagulation interpretation/report (75 months of data),quarter,2024-Q2,9007,258952546.0,3.4782434616418096,3.406777916836722,3.5508306855037106
HCPCS 85576 – Platelet function assay (PFA-100/200) (78 months of data),180,HCPCS 85576 – Platelet function assay (PFA-100/200) (78 months of data),quarter,2018-Q1,4270,230550049.0,1.8520924278788595,1.7969527550846223,1.9084939830363583
HCPCS 85576 – Platelet function assay (PFA-100/200) (78 months of data),180,HCPCS 85576 – Platelet function assay (PFA-100/200) (78 months of data),quarter,2018-Q2,4216,228935769.0,1.841564565648979,1.7863909628760812,1.898008990250112
HCPCS 85576 – Platelet function assay (PFA-100/200) (78 months of data),180,HCPCS 85576 – Platelet function assay (PFA-100/200) (78 months of data),quarter,2018-Q3,3996,227904788.0,1.7533637775087025,1.6994170585927302,1.808587246168686
HCPCS 85576 – Platelet function assay (PFA-100/200) (78 months of data),180,HCPCS 85576 – Platelet function assay (PFA-100/200) (78 months of data),quarter,2018-Q4,3580,226095567.0,1.5834012349300064,1.5319536469870423,1.6361361748217351
HCPCS 85576 – Platelet function assay (PFA-100/200) (78 months of data),180,HCPCS 85576 – Platelet function assay (PFA-100/200) (78 months of data),quarter,2019-Q1,5602,225406912.0,2.485283148726158,2.420623629782094,2.5512325014139186
HCPCS 85576 – Platelet function assay (PFA-100/200) (78 months of data),180,HCPCS 85576 – Platelet function assay (PFA-100/200) (78 months of data),quarter,2019-Q2,5472,224099443.0,2.4417731372942324,2.3775003813320383,2.5073433210404716
HCPCS 85576 – Platelet function assay (PFA-100/200) (78 months of data),180,HCPCS 85576 – Platelet function assay (PFA-100/200) (78 months of data),quarter,2019-Q3,4932,225151016.0,2.1905297553709464,2.1298171028455233,2.2525340885249703
HCPCS 85576 – Platelet function assay (PFA-100/200) (78 months of data),180,HCPCS 85576 – Platelet function assay (PFA-100/200) (78 months of data),quarter,2019-Q4,3642,223888589.0,1.6267019307536035,1.5742955735378361,1.680408267730502
HCPCS 85576 – Platelet function assay (PFA-100/200) (78 months of data),180,HCPCS 85576 – Platelet function assay (PFA-100/200) (78 months of data),quarter,2020-Q1,4286,223452397.0,1.918081908067426,1.8610835152447802,1.9763822526925332
HCPCS 85576 – Platelet function assay (PFA-100/200) (78 months of data),180,HCPCS 85576 – Platelet function assay (PFA-100/200) (78 months of data),quarter,2020-Q2,3838,231340007.0,1.6590299489357239,1.6069537932352944,1.712364031561586
HCPCS 85576 – Platelet function assay (PFA-100/200) (78 months of data),180,HCPCS 85576 – Platelet function assay (PFA-100/200) (78 months of data),quarter,2020-Q3,6872,240451013.0,2.857962590492393,2.7907859343593127,2.92634785346523
HCPCS 85576 – Platelet function assay (PFA-100/200) (78 months of data),180,HCPCS 85576 – Platelet function assay (PFA-100/200) (78 months of data),quarter,2020-Q4,6678,252197294.0,2.647926904402075,2.5847949382455897,2.7122112529804605
HCPCS 85576 – Platelet function assay (PFA-100/200) (78 months of data),180,HCPCS 85576 – Platelet function assay (PFA-100/200) (78 months of data),quarter,2021-Q1,6476,256211709.0,2.527597206730314,2.4664071559434033,2.5899216561905263
HCPCS 85576 – Platelet function assay (PFA-100/200) (78 months of data),180,HCPCS 85576 – Platelet function assay (PFA-100/200) (78 months of data),quarter,2021-Q2,7948,261559386.0,3.0386980645382,2.9722562636610568,3.1062506192214054
HCPCS 85576 – Platelet function assay (PFA-100/200) (78 months of data),180,HCPCS 85576 – Platelet function assay (PFA-100/200) (78 months of data),quarter,2021-Q3,6274,266799594.0,2.3515777913814966,2.293745371433804,2.410499664269409
HCPCS 85576 – Platelet function assay (PFA-100/200) (78 months of data),180,HCPCS 85576 – Platelet function assay (PFA-100/200) (78 months of data),quarter,2021-Q4,6554,272358419.0,2.406387885516401,2.348477759469881,2.4653651310641815
HCPCS 85576 – Platelet function assay (PFA-100/200) (78 months of data),180,HCPCS 85576 – Platelet function assay (PFA-100/200) (78 months of data),quarter,2022-Q1,7192,277314434.0,2.5934459653838284,2.5338504852137467,2.654089296637873
HCPCS 85576 – Platelet function assay (PFA-100/200) (78 months of data),180,HCPCS 85576 – Platelet function assay (PFA-100/200) (78 months of data),quarter,2022-Q2,7796,282016994.5,2.764372414443272,2.7033456488005676,2.8264293971272694
HCPCS 85576 – Platelet function assay (PFA-100/200) (78 months of data),180,HCPCS 85576 – Platelet function assay (PFA-100/200) (78 months of data),quarter,2022-Q3,5902,287178648.0,2.055166719776465,2.0030654141963518,2.1082803006739663
HCPCS 85576 – Platelet function assay (PFA-100/200) (78 months of data),180,HCPCS 85576 – Platelet function assay (PFA-100/200) (78 months of data),quarter,2022-Q4,6598,292152539.0,2.2584092620191125,2.204240696355862,2.3135726331782305
HCPCS 85576 – Platelet function assay (PFA-100/200) (78 months of data),180,HCPCS 85576 – Platelet function assay (PFA-100/200) (78 months of data),quarter,2023-Q1,8952,297686543.0,3.0071900159759655,2.9452144069543653,3.0701413654605534
HCPCS 85576 – Platelet function assay (PFA-100/200) (78 months of data),180,HCPCS 85576 – Platelet function assay (PFA-100/200) (78 months of data),quarter,2023-Q2,9654,298365151.0,3.235632568898772,3.171406932770559,3.300831598026253
HCPCS 85576 – Platelet function assay (PFA-100/200) (78 months of data),180,HCPCS 85576 – Platelet function assay (PFA-100/200) (78 months of data),quarter,2023-Q3,8216,289816874.0,2.8348935956020287,2.7739218818980396,2.896867701126001
HCPCS 85576 – Platelet function assay (PFA-100/200) (78 months of data),180,HCPCS 85576 – Platelet function assay (PFA-100/200) (78 months of data),quarter,2023-Q4,8152,276383178.0,2.949528281348585,2.8858438643926294,3.0142638269886866
HCPCS 85576 – Platelet function assay (PFA-100/200) (78 months of data),180,HCPCS 85576 – Platelet function assay (PFA-100/200) (78 months of data),quarter,2024-Q1,6602,267644460.0,2.466705270118425,2.4075584857842522,2.5269379524650897
HCPCS 85576 – Platelet function assay (PFA-100/200) (78 months of data),180,HCPCS 85576 – Platelet function assay (PFA-100/200) (78 months of data),quarter,2024-Q2,6268,258952546.0,2.420520708068265,2.360964464190612,2.481199420894441
HCPCS 85597 – Platelet aggregation studies (78 months of data),182,HCPCS 85597 – Platelet aggregation studies (78 months of data),quarter,2018-Q1,1153,230550049.0,0.500108330057219,0.4716545980670076,0.5298299187202912
HCPCS 85597 – Platelet aggregation studies (78 months of data),182,HCPCS 85597 – Platelet aggregation studies (78 months of data),quarter,2018-Q2,1043,228935769.0,0.4555863002779614,0.4283534975918856,0.4840965419696696
HCPCS 85597 – Platelet aggregation studies (78 months of data),182,HCPCS 85597 – Platelet aggregation studies (78 months of data),quarter,2018-Q3,1191,227904788.0,0.5225866514046208,0.4933253177947185,0.5531303556150665
HCPCS 85597 – Platelet aggregation studies (78 months of data),182,HCPCS 85597 – Platelet aggregation studies (78 months of data),quarter,2018-Q4,1115,226095567.0,0.4931542952365802,0.4646291347169543,0.5229725052651812
HCPCS 85597 – Platelet aggregation studies (78 months of data),182,HCPCS 85597 – Platelet aggregation studies (78 months of data),quarter,2019-Q1,1315,225406912.0,0.5833893860362188,0.5522802283092331,0.6157945214709657
HCPCS 85597 – Platelet aggregation studies (78 months of data),182,HCPCS 85597 – Platelet aggregation studies (78 months of data),quarter,2019-Q2,1376,224099443.0,0.6140131280915322,0.5819951571732943,0.6473343696910189
HCPCS 85597 – Platelet aggregation studies (78 months of data),182,HCPCS 85597 – Platelet aggregation studies (78 months of data),quarter,2019-Q3,1258,225151016.0,0.5587360973756388,0.5282833652310226,0.5904865468997379
HCPCS 85597 – Platelet aggregation studies (78 months of data),182,HCPCS 85597 – Platelet aggregation studies (78 months of data),quarter,2019-Q4,1128,223888589.0,0.5038220147968328,0.47484574003424057,0.5341040101889706
HCPCS 85597 – Platelet aggregation studies (78 months of data),182,HCPCS 85597 – Platelet aggregation studies (78 months of data),quarter,2020-Q1,1263,223452397.0,0.565221056903677,0.5344750644035271,0.5972746073483994
HCPCS 85597 – Platelet aggregation studies (78 months of data),182,HCPCS 85597 – Platelet aggregation studies (78 months of data),quarter,2020-Q2,951,231340007.0,0.4110832416461369,0.3853681575991421,0.4380631027606829
HCPCS 85597 – Platelet aggregation studies (78 months of data),182,HCPCS 85597 – Platelet aggregation studies (78 months of data),quarter,2020-Q3,1646,240451013.0,0.6845469185026889,0.6518724030885399,0.7184351429005359
HCPCS 85597 – Platelet aggregation studies (78 months of data),182,HCPCS 85597 – Platelet aggregation studies (78 months of data),quarter,2020-Q4,1535,252197294.0,0.608650463949863,0.5785795303240554,0.6398789149150333
HCPCS 85597 – Platelet aggregation studies (78 months of data),182,HCPCS 85597 – Platelet aggregation studies (78 months of data),quarter,2021-Q1,2176,256211709.0,0.849297640803762,0.8139843296646737,0.8857487804708796
HCPCS 85597 – Platelet aggregation studies (78 months of data),182,HCPCS 85597 – Platelet aggregation studies (78 months of data),quarter,2021-Q2,2363,261559386.0,0.9034277209994673,0.8673653344633635,0.9406043503492888
HCPCS 85597 – Platelet aggregation studies (78 months of data),182,HCPCS 85597 – Platelet aggregation studies (78 months of data),quarter,2021-Q3,2075,266799594.0,0.777737315447339,0.7446301759780685,0.811937317135949
HCPCS 85597 – Platelet aggregation studies (78 months of data),182,HCPCS 85597 – Platelet aggregation studies (78 months of data),quarter,2021-Q4,1992,272358419.0,0.7313891772884759,0.6996200831097277,0.7642289902487609
HCPCS 85597 – Platelet aggregation studies (78 months of data),182,HCPCS 85597 – Platelet aggregation studies (78 months of data),quarter,2022-Q1,1955,277314434.0,0.7049759263522504,0.674068934588986,0.7369345756733151
HCPCS 85597 – Platelet aggregation studies (78 months of data),182,HCPCS 85597 – Platelet aggregation studies (78 months of data),quarter,2022-Q2,1851,282016994.5,0.656343424722229,0.6267803457099222,0.6869408414971723
HCPCS 85597 – Platelet aggregation studies (78 months of data),182,HCPCS 85597 – Platelet aggregation studies (78 months of data),quarter,2022-Q3,1843,287178648.0,0.6417608038881777,0.6127926065780251,0.671744765198298
HCPCS 85597 – Platelet aggregation studies (78 months of data),182,HCPCS 85597 – Platelet aggregation studies (78 months of data),quarter,2022-Q4,1734,292152539.0,0.5935255623433072,0.5659152406955694,0.622134594811518
HCPCS 85597 – Platelet aggregation studies (78 months of data),182,HCPCS 85597 – Platelet aggregation studies (78 months of data),quarter,2023-Q1,2510,297686543.0,0.8431687824061297,0.8105023940871747,0.8768139892114194
HCPCS 85597 – Platelet aggregation studies (78 months of data),182,HCPCS 85597 – Platelet aggregation studies (78 months of data),quarter,2023-Q2,2662,298365151.0,0.8921953489132516,0.8586213724635287,0.9267457287559593
HCPCS 85597 – Platelet aggregation studies (78 months of data),182,HCPCS 85597 – Platelet aggregation studies (78 months of data),quarter,2023-Q3,2101,289816874.0,0.724940536071064,0.6942703605953188,0.7566167327760212
HCPCS 85597 – Platelet aggregation studies (78 months of data),182,HCPCS 85597 – Platelet aggregation studies (78 months of data),quarter,2023-Q4,2205,276383178.0,0.7978054293883254,0.7648497033484073,0.8318158911707733
HCPCS 85597 – Platelet aggregation studies (78 months of data),182,HCPCS 85597 – Platelet aggregation studies (78 months of data),quarter,2024-Q1,2489,267644460.0,0.9299650738147167,0.8937858107047614,0.9672330546902133
HCPCS 85597 – Platelet aggregation studies (78 months of data),182,HCPCS 85597 – Platelet aggregation studies (78 months of data),quarter,2024-Q2,2280,258952546.0,0.8804702001269374,0.8446967447625312,0.9173692548324389
HCPCS 85300 – Antithrombin III (78 months of data),185,HCPCS 85300 – Antithrombin III (78 months of data),quarter,2018-Q1,1960,230550049.0,0.8501407865673453,0.8129166337726763,0.8886299011840461
HCPCS 85300 – Antithrombin III (78 months of data),185,HCPCS 85300 – Antithrombin III (78 months of data),quarter,2018-Q2,1909,228935769.0,0.8338583386679083,0.7968680950359228,0.8721225911259936
HCPCS 85300 – Antithrombin III (78 months of data),185,HCPCS 85300 – Antithrombin III (78 months of data),quarter,2018-Q3,1937,227904788.0,0.8499163255841733,0.8124841764294535,0.8886281759244641
HCPCS 85300 – Antithrombin III (78 months of data),185,HCPCS 85300 – Antithrombin III (78 months of data),quarter,2018-Q4,1953,226095567.0,0.8637940256475705,0.8259050880342423,0.902972864480224
HCPCS 85300 – Antithrombin III (78 months of data),185,HCPCS 85300 – Antithrombin III (78 months of data),quarter,2019-Q1,2297,225406912.0,1.0190459465590833,0.9777940893254062,1.0615908841584916
HCPCS 85300 – Antithrombin III (78 months of data),185,HCPCS 85300 – Antithrombin III (78 months of data),quarter,2019-Q2,2180,224099443.0,0.9727824267729215,0.9323714225031927,1.0144942958350165
HCPCS 85300 – Antithrombin III (78 months of data),185,HCPCS 85300 – Antithrombin III (78 months of data),quarter,2019-Q3,2334,225151016.0,1.0366375606317495,0.995004128159498,1.0795654712850355
HCPCS 85300 – Antithrombin III (78 months of data),185,HCPCS 85300 – Antithrombin III (78 months of data),quarter,2019-Q4,2304,223888589.0,1.0290832642658712,0.9874877697978067,1.0719805944534837
HCPCS 85300 – Antithrombin III (78 months of data),185,HCPCS 85300 – Antithrombin III (78 months of data),quarter,2020-Q1,2713,223452397.0,1.2141288419474865,1.1688676718456301,1.2606936763272565
HCPCS 85300 – Antithrombin III (78 months of data),185,HCPCS 85300 – Antithrombin III (78 months of data),quarter,2020-Q2,1861,231340007.0,0.8044436516335024,0.7683061969131053,0.8418419982505395
HCPCS 85300 – Antithrombin III (78 months of data),185,HCPCS 85300 – Antithrombin III (78 months of data),quarter,2020-Q3,3018,240451013.0,1.255141312297154,1.2107568199091363,1.3007369030557732
HCPCS 85300 – Antithrombin III (78 months of data),185,HCPCS 85300 – Antithrombin III (78 months of data),quarter,2020-Q4,3006,252197294.0,1.191923970445139,1.1496916853791956,1.2353109600833634
HCPCS 85300 – Antithrombin III (78 months of data),185,HCPCS 85300 – Antithrombin III (78 months of data),quarter,2021-Q1,3655,256211709.0,1.426554631037569,1.3806774255374317,1.4735678024108159
HCPCS 85300 – Antithrombin III (78 months of data),185,HCPCS 85300 – Antithrombin III (78 months of data),quarter,2021-Q2,3662,261559386.0,1.4000644580194879,1.3550818671781169,1.4461597835995899
HCPCS 85300 – Antithrombin III (78 months of data),185,HCPCS 85300 – Antithrombin III (78 months of data),quarter,2021-Q3,3546,266799594.0,1.3290874797957901,1.2856981703436738,1.3735677667874895
HCPCS 85300 – Antithrombin III (78 months of data),185,HCPCS 85300 – Antithrombin III (78 months of data),quarter,2021-Q4,3628,272358419.0,1.3320682405635496,1.2890718501194796,1.3761332733899052
HCPCS 85300 – Antithrombin III (78 months of data),185,HCPCS 85300 – Antithrombin III (78 months of data),quarter,2022-Q1,3837,277314434.0,1.3836279434340586,1.340190910385919,1.428114359396403
HCPCS 85300 – Antithrombin III (78 months of data),185,HCPCS 85300 – Antithrombin III (78 months of data),quarter,2022-Q2,3842,282016994.5,1.362329247856728,1.3195884756381002,1.4061019011660092
HCPCS 85300 – Antithrombin III (78 months of data),185,HCPCS 85300 – Antithrombin III (78 months of data),quarter,2022-Q3,3766,287178648.0,1.3113788320362871,1.2698267765597933,1.3539442769331191
HCPCS 85300 – Antithrombin III (78 months of data),185,HCPCS 85300 – Antithrombin III (78 months of data),quarter,2022-Q4,3437,292152539.0,1.1764402293967398,1.1374350401433613,1.2164418095493226
HCPCS 85300 – Antithrombin III (78 months of data),185,HCPCS 85300 – Antithrombin III (78 months of data),quarter,2023-Q1,4123,297686543.0,1.385013900342818,1.3430568033924013,1.427948379144935
HCPCS 85300 – Antithrombin III (78 months of data),185,HCPCS 85300 – Antithrombin III (78 months of data),quarter,2023-Q2,3737,298365151.0,1.252492118290316,1.2126534763375805,1.2933061756291242
HCPCS 85300 – Antithrombin III (78 months of data),185,HCPCS 85300 – Antithrombin III (78 months of data),quarter,2023-Q3,3307,289816874.0,1.1410653749581192,1.1025028900512444,1.1806323925042315
HCPCS 85300 – Antithrombin III (78 months of data),185,HCPCS 85300 – Antithrombin III (78 months of data),quarter,2023-Q4,3183,276383178.0,1.1516619871850522,1.1119970442409404,1.192380406765019
HCPCS 85300 – Antithrombin III (78 months of data),185,HCPCS 85300 – Antithrombin III (78 months of data),quarter,2024-Q1,3442,267644460.0,1.2860344652753133,1.243426371800632,1.3297301841856832
HCPCS 85300 – Antithrombin III (78 months of data),185,HCPCS 85300 – Antithrombin III (78 months of data),quarter,2024-Q2,3262,258952546.0,1.259690260006171,1.2168287057804041,1.303676121250344
HCPCS 85303 – Protein C / S (78 months of data),187,HCPCS 85303 – Protein C / S (78 months of data),quarter,2018-Q1,2123,230550049.0,0.9208412703482011,0.8820833105896778,0.9608638183916498
HCPCS 85303 – Protein C / S (78 months of data),187,HCPCS 85303 – Protein C / S (78 months of data),quarter,2018-Q2,2190,228935769.0,0.9566001894618748,0.9169512988218383,0.9975224429703837
HCPCS 85303 – Protein C / S (78 months of data),187,HCPCS 85303 – Protein C / S (78 months of data),quarter,2018-Q3,2214,227904788.0,0.971458309160227,0.9314101267259409,1.0127855651890827
HCPCS 85303 – Protein C / S (78 months of data),187,HCPCS 85303 – Protein C / S (78 months of data),quarter,2018-Q4,2159,226095567.0,0.9549059402832077,0.9150471383532716,0.9960541668541272
HCPCS 85303 – Protein C / S (78 months of data),187,HCPCS 85303 – Protein C / S (78 months of data),quarter,2019-Q1,2422,225406912.0,1.0745012113914234,1.0321304191149354,1.1181648482527753
HCPCS 85303 – Protein C / S (78 months of data),187,HCPCS 85303 – Protein C / S (78 months of data),quarter,2019-Q2,2436,224099443.0,1.0870174273480904,1.044275205532552,1.1310600112030662
HCPCS 85303 – Protein C / S (78 months of data),187,HCPCS 85303 – Protein C / S (78 months of data),quarter,2019-Q3,2614,225151016.0,1.1609985362002542,1.1169138312225246,1.2063772260482828
HCPCS 85303 – Protein C / S (78 months of data),187,HCPCS 85303 – Protein C / S (78 months of data),quarter,2019-Q4,2551,223888589.0,1.1394059926832627,1.0956153715905783,1.1844979994352098
HCPCS 85303 – Protein C / S (78 months of data),187,HCPCS 85303 – Protein C / S (78 months of data),quarter,2020-Q1,2764,223452397.0,1.2369524950766135,1.1912638946909442,1.2839446821267002
HCPCS 85303 – Protein C / S (78 months of data),187,HCPCS 85303 – Protein C / S (78 months of data),quarter,2020-Q2,2090,231340007.0,0.9034321504105428,0.865111131893774,0.9430135108590312
HCPCS 85303 – Protein C / S (78 months of data),187,HCPCS 85303 – Protein C / S (78 months of data),quarter,2020-Q3,3292,240451013.0,1.3690938370053778,1.3227207021253784,1.4166777564205415
HCPCS 85303 – Protein C / S (78 months of data),187,HCPCS 85303 – Protein C / S (78 months of data),quarter,2020-Q4,3129,252197294.0,1.2406953105531735,1.1975999981215764,1.284945187588477
HCPCS 85303 – Protein C / S (78 months of data),187,HCPCS 85303 – Protein C / S (78 months of data),quarter,2021-Q1,3914,256211709.0,1.5276429072177962,1.480155099966856,1.576266468422558
HCPCS 85303 – Protein C / S (78 months of data),187,HCPCS 85303 – Protein C / S (78 months of data),quarter,2021-Q2,3880,261559386.0,1.4834107310528708,1.437097896053861,1.5308361251644333
HCPCS 85303 – Protein C / S (78 months of data),187,HCPCS 85303 – Protein C / S (78 months of data),quarter,2021-Q3,3653,266799594.0,1.3691924883513877,1.3251480631219663,1.4143278005455449
HCPCS 85303 – Protein C / S (78 months of data),187,HCPCS 85303 – Protein C / S (78 months of data),quarter,2021-Q4,3443,272358419.0,1.2641430408655736,1.2222662723700533,1.3070886093713046
HCPCS 85303 – Protein C / S (78 months of data),187,HCPCS 85303 – Protein C / S (78 months of data),quarter,2022-Q1,3785,277314434.0,1.3648766655975793,1.3217373072223983,1.409065445760826
HCPCS 85303 – Protein C / S (78 months of data),187,HCPCS 85303 – Protein C / S (78 months of data),quarter,2022-Q2,3966,282016994.5,1.4062982293075958,1.3628678004438737,1.4507604513298686
HCPCS 85303 – Protein C / S (78 months of data),187,HCPCS 85303 – Protein C / S (78 months of data),quarter,2022-Q3,3872,287178648.0,1.3482896541806966,1.3061522464570312,1.3914403750367101
HCPCS 85303 – Protein C / S (78 months of data),187,HCPCS 85303 – Protein C / S (78 months of data),quarter,2022-Q4,3534,292152539.0,1.2096420630457023,1.1700857249273384,1.2501947133777904
HCPCS 85303 – Protein C / S (78 months of data),187,HCPCS 85303 – Protein C / S (78 months of data),quarter,2023-Q1,4272,297686543.0,1.435066549178879,1.3923523127726365,1.4787580776326201
HCPCS 85303 – Protein C / S (78 months of data),187,HCPCS 85303 – Protein C / S (78 months of data),quarter,2023-Q2,3941,298365151.0,1.3208647145255914,1.2799445408962773,1.3627601632834283
HCPCS 85303 – Protein C / S (78 months of data),187,HCPCS 85303 – Protein C / S (78 months of data),quarter,2023-Q3,3499,289816874.0,1.2073141055272028,1.1676385596745762,1.2479940212201175
HCPCS 85303 – Protein C / S (78 months of data),187,HCPCS 85303 – Protein C / S (78 months of data),quarter,2023-Q4,3148,276383178.0,1.138998408940793,1.0995540463861158,1.1794962827947513
HCPCS 85303 – Protein C / S (78 months of data),187,HCPCS 85303 – Protein C / S (78 months of data),quarter,2024-Q1,3514,267644460.0,1.312935825385663,1.2698806941923146,1.3570785180582603
HCPCS 85303 – Protein C / S (78 months of data),187,HCPCS 85303 – Protein C / S (78 months of data),quarter,2024-Q2,3286,258952546.0,1.2689583673759284,1.2259380747428779,1.3131029429069476
HCPCS 85305 – Protein C / S (78 months of data),189,HCPCS 85305 – Protein C / S (78 months of data),quarter,2018-Q1,1007,230550049.0,0.4367815163639371,0.4102174144407417,0.46461434390116957
HCPCS 85305 – Protein C / S (78 months of data),189,HCPCS 85305 – Protein C / S (78 months of data),quarter,2018-Q2,1049,228935769.0,0.4582071227148432,0.43089490077338566,0.4867967460453942
HCPCS 85305 – Protein C / S (78 months of data),189,HCPCS 85305 – Protein C / S (78 months of data),quarter,2018-Q3,1007,227904788.0,0.4418511821699858,0.4149787541978553,0.470007061688048
HCPCS 85305 – Protein C / S (78 months of data),189,HCPCS 85305 – Protein C / S (78 months of data),quarter,2018-Q4,937,226095567.0,0.4144265243378257,0.38831248115566763,0.4418347855610976
HCPCS 85305 – Protein C / S (78 months of data),189,HCPCS 85305 – Protein C / S (78 months of data),quarter,2019-Q1,1066,225406912.0,0.47292249849019713,0.44495539079445945,0.5021868994301975
HCPCS 85305 – Protein C / S (78 months of data),189,HCPCS 85305 – Protein C / S (78 months of data),quarter,2019-Q2,1046,224099443.0,0.4667570726626036,0.4388959587974223,0.49592317489398485
HCPCS 85305 – Protein C / S (78 months of data),189,HCPCS 85305 – Protein C / S (78 months of data),quarter,2019-Q3,1111,225151016.0,0.4934465852021738,0.4648539465966179,0.523337721141902
HCPCS 85305 – Protein C / S (78 months of data),189,HCPCS 85305 – Protein C / S (78 months of data),quarter,2019-Q4,1408,223888589.0,0.6288842170513657,0.5964606436527456,0.6626121547184362
HCPCS 85305 – Protein C / S (78 months of data),189,HCPCS 85305 – Protein C / S (78 months of data),quarter,2020-Q1,1430,223452397.0,0.6399573328363087,0.6072143169014161,0.6740071696765353
HCPCS 85305 – Protein C / S (78 months of data),189,HCPCS 85305 – Protein C / S (78 months of data),quarter,2020-Q2,957,231340007.0,0.41367682676693274,0.38787944575097577,0.4407389421315315
HCPCS 85305 – Protein C / S (78 months of data),189,HCPCS 85305 – Protein C / S (78 months of data),quarter,2020-Q3,1645,240451013.0,0.6841310333760166,0.6514665656290467,0.71800921313778
HCPCS 85305 – Protein C / S (78 months of data),189,HCPCS 85305 – Protein C / S (78 months of data),quarter,2020-Q4,1658,252197294.0,0.6574218040578976,0.6261543990187847,0.6898463541852721
HCPCS 85305 – Protein C / S (78 months of data),189,HCPCS 85305 – Protein C / S (78 months of data),quarter,2021-Q1,1953,256211709.0,0.7622602447103618,0.7288249233265406,0.7968338472004431
HCPCS 85305 – Protein C / S (78 months of data),189,HCPCS 85305 – Protein C / S (78 months of data),quarter,2021-Q2,1907,261559386.0,0.7290887278654187,0.6967293361079975,0.7625632291313972
HCPCS 85305 – Protein C / S (78 months of data),189,HCPCS 85305 – Protein C / S (78 months of data),quarter,2021-Q3,1705,266799594.0,0.6390564447410666,0.6090793146950564,0.6701272634546575
HCPCS 85305 – Protein C / S (78 months of data),189,HCPCS 85305 – Protein C / S (78 months of data),quarter,2021-Q4,1608,272358419.0,0.5903984925099744,0.5618908688810995,0.6199777397961458
HCPCS 85305 – Protein C / S (78 months of data),189,HCPCS 85305 – Protein C / S (78 months of data),quarter,2022-Q1,1717,277314434.0,0.619152770100672,0.5902097492930926,0.649147980794025
HCPCS 85305 – Protein C / S (78 months of data),189,HCPCS 85305 – Protein C / S (78 months of data),quarter,2022-Q2,1783,282016994.5,0.6322314026362691,0.6032227116636395,0.6622745829111005
HCPCS 85305 – Protein C / S (78 months of data),189,HCPCS 85305 – Protein C / S (78 months of data),quarter,2022-Q3,1767,287178648.0,0.6152964408412426,0.5869387435981979,0.6446700700749997
HCPCS 85305 – Protein C / S (78 months of data),189,HCPCS 85305 – Protein C / S (78 months of data),quarter,2022-Q4,1599,292152539.0,0.5473168247906276,0.5208160638956788,0.5748166272968424
HCPCS 85305 – Protein C / S (78 months of data),189,HCPCS 85305 – Protein C / S (78 months of data),quarter,2023-Q1,2034,297686543.0,0.6832690451848876,0.6538947827337755,0.7136228501794009
HCPCS 85305 – Protein C / S (78 months of data),189,HCPCS 85305 – Protein C / S (78 months of data),quarter,2023-Q2,1714,298365151.0,0.5744638722905009,0.5475866752742143,0.6023190303589102
HCPCS 85305 – Protein C / S (78 months of data),189,HCPCS 85305 – Protein C / S (78 months of data),quarter,2023-Q3,1579,289816874.0,0.5448267998363684,0.5182821298733878,0.5723786157896348
HCPCS 85305 – Protein C / S (78 months of data),189,HCPCS 85305 – Protein C / S (78 months of data),quarter,2023-Q4,1342,276383178.0,0.48555777153702173,0.4599237263911108,0.512248665475299
HCPCS 85305 – Protein C / S (78 months of data),189,HCPCS 85305 – Protein C / S (78 months of data),quarter,2024-Q1,1557,267644460.0,0.5817419123863053,0.5532016477048659,0.6113728222375787
HCPCS 85305 – Protein C / S (78 months of data),189,HCPCS 85305 – Protein C / S (78 months of data),quarter,2024-Q2,1459,258952546.0,0.5634236938531587,0.5348806806569689,0.5930942749451429
HCPCS 85306 – Protein C / S (78 months of data),191,HCPCS 85306 – Protein C / S (78 months of data),quarter,2018-Q1,2477,230550049.0,1.0743871062894461,1.0324891383732198,1.1175489819974864
HCPCS 85306 – Protein C / S (78 months of data),191,HCPCS 85306 – Protein C / S (78 months of data),quarter,2018-Q2,2522,228935769.0,1.101619030969337,1.0590403210578074,1.1454704841497771
HCPCS 85306 – Protein C / S (78 months of data),191,HCPCS 85306 – Protein C / S (78 months of data),quarter,2018-Q3,2574,227904788.0,1.1294190098366867,1.0862047004807864,1.1739117335812916
HCPCS 85306 – Protein C / S (78 months of data),191,HCPCS 85306 – Protein C / S (78 months of data),quarter,2018-Q4,2528,226095567.0,1.1181112631014123,1.0749459253170028,1.1625653221067689
HCPCS 85306 – Protein C / S (78 months of data),191,HCPCS 85306 – Protein C / S (78 months of data),quarter,2019-Q1,2913,225406912.0,1.2923294916528558,1.2458210322085044,1.3401300211792961
HCPCS 85306 – Protein C / S (78 months of data),191,HCPCS 85306 – Protein C / S (78 months of data),quarter,2019-Q2,2861,224099443.0,1.2766653775217103,1.2303088008812886,1.3243216355093228
HCPCS 85306 – Protein C / S (78 months of data),191,HCPCS 85306 – Protein C / S (78 months of data),quarter,2019-Q3,3011,225151016.0,1.3373246337027411,1.2899795149284372,1.3859631594389783
HCPCS 85306 – Protein C / S (78 months of data),191,HCPCS 85306 – Protein C / S (78 months of data),quarter,2019-Q4,3077,223888589.0,1.3743442726328494,1.3262085594670106,1.4237806002498614
HCPCS 85306 – Protein C / S (78 months of data),191,HCPCS 85306 – Protein C / S (78 months of data),quarter,2020-Q1,3244,223452397.0,1.4517633480566332,1.4022307401205305,1.5025989041762708
HCPCS 85306 – Protein C / S (78 months of data),191,HCPCS 85306 – Protein C / S (78 months of data),quarter,2020-Q2,2377,231340007.0,1.0274919720219426,0.986597018878637,1.069646693242334
HCPCS 85306 – Protein C / S (78 months of data),191,HCPCS 85306 – Protein C / S (78 months of data),quarter,2020-Q3,3814,240451013.0,1.586185873128345,1.5362410912372702,1.6373409380052186
HCPCS 85306 – Protein C / S (78 months of data),191,HCPCS 85306 – Protein C / S (78 months of data),quarter,2020-Q4,3786,252197294.0,1.5012056394229194,1.4537635777731404,1.5498016373230323
HCPCS 85306 – Protein C / S (78 months of data),191,HCPCS 85306 – Protein C / S (78 months of data),quarter,2021-Q1,4578,256211709.0,1.7868035843748267,1.7354151111397071,1.8393273528512488
HCPCS 85306 – Protein C / S (78 months of data),191,HCPCS 85306 – Protein C / S (78 months of data),quarter,2021-Q2,4387,261559386.0,1.6772481642084907,1.6279792888184736,1.7276292420663462
HCPCS 85306 – Protein C / S (78 months of data),191,HCPCS 85306 – Protein C / S (78 months of data),quarter,2021-Q3,4228,266799594.0,1.5847100576922166,1.5372987788084944,1.6332117971505424
HCPCS 85306 – Protein C / S (78 months of data),191,HCPCS 85306 – Protein C / S (78 months of data),quarter,2021-Q4,4024,272358419.0,1.4774648842413791,1.432164107026877,1.523834003687426
HCPCS 85306 – Protein C / S (78 months of data),191,HCPCS 85306 – Protein C / S (78 months of data),quarter,2022-Q1,4554,277314434.0,1.6421792166793598,1.5948267543943857,1.6905805956226785
HCPCS 85306 – Protein C / S (78 months of data),191,HCPCS 85306 – Protein C / S (78 months of data),quarter,2022-Q2,4735,282016994.5,1.6789768320149943,1.6314910045810593,1.7274939867318175
HCPCS 85306 – Protein C / S (78 months of data),191,HCPCS 85306 – Protein C / S (78 months of data),quarter,2022-Q3,4451,287178648.0,1.5499063147619527,1.5047041798272236,1.5961213953551994
HCPCS 85306 – Protein C / S (78 months of data),191,HCPCS 85306 – Protein C / S (78 months of data),quarter,2022-Q4,4142,292152539.0,1.417752525505178,1.374901526286244,1.4615994083700403
HCPCS 85306 – Protein C / S (78 months of data),191,HCPCS 85306 – Protein C / S (78 months of data),quarter,2023-Q1,5055,297686543.0,1.6980948984314688,1.6516027105747801,1.745563973554445
HCPCS 85306 – Protein C / S (78 months of data),191,HCPCS 85306 – Protein C / S (78 months of data),quarter,2023-Q2,4599,298365151.0,1.5413998533629014,1.4971697879641923,1.586604806868967
HCPCS 85306 – Protein C / S (78 months of data),191,HCPCS 85306 – Protein C / S (78 months of data),quarter,2023-Q3,4159,289816874.0,1.435044116858427,1.3917585486190114,1.4793335839746913
HCPCS 85306 – Protein C / S (78 months of data),191,HCPCS 85306 – Protein C / S (78 months of data),quarter,2023-Q4,3733,276383178.0,1.350661073880553,1.3076770966994051,1.3946980486271987
HCPCS 85306 – Protein C / S (78 months of data),191,HCPCS 85306 – Protein C / S (78 months of data),quarter,2024-Q1,4105,267644460.0,1.5337511562914472,1.487187289740798,1.5814021245597945
HCPCS 85306 – Protein C / S (78 months of data),191,HCPCS 85306 – Protein C / S (78 months of data),quarter,2024-Q2,3939,258952546.0,1.5211281220614066,1.4739919520508449,1.5693880057018732
HCPCS 81240 – Prothrombin gene mutation (78 months of data),193,HCPCS 81240 – Prothrombin gene mutation (78 months of data),quarter,2018-Q1,4743,230550049.0,2.057253954433122,1.999118208834051,2.116651250942005
HCPCS 81240 – Prothrombin gene mutation (78 months of data),193,HCPCS 81240 – Prothrombin gene mutation (78 months of data),quarter,2018-Q2,4105,228935769.0,1.7930793505666647,1.7386424184398177,1.8487871926673851
HCPCS 81240 – Prothrombin gene mutation (78 months of data),193,HCPCS 81240 – Prothrombin gene mutation (78 months of data),quarter,2018-Q3,4138,227904788.0,1.8156704983310838,1.7607662729752738,1.8718513562261851
HCPCS 81240 – Prothrombin gene mutation (78 months of data),193,HCPCS 81240 – Prothrombin gene mutation (78 months of data),quarter,2018-Q4,3873,226095567.0,1.7129924533195293,1.659464032726637,1.7678079477671351
HCPCS 81240 – Prothrombin gene mutation (78 months of data),193,HCPCS 81240 – Prothrombin gene mutation (78 months of data),quarter,2019-Q1,4433,225406912.0,1.9666655120141128,1.9091933583915797,2.025428217592392
HCPCS 81240 – Prothrombin gene mutation (78 months of data),193,HCPCS 81240 – Prothrombin gene mutation (78 months of data),quarter,2019-Q2,3985,224099443.0,1.7782284269220607,1.723441809162985,1.8343134839112152
HCPCS 81240 – Prothrombin gene mutation (78 months of data),193,HCPCS 81240 – Prothrombin gene mutation (78 months of data),quarter,2019-Q3,3643,225151016.0,1.618025121414509,1.5659053958828704,1.671437536705163
HCPCS 81240 – Prothrombin gene mutation (78 months of data),193,HCPCS 81240 – Prothrombin gene mutation (78 months of data),quarter,2019-Q4,3279,223888589.0,1.4645677185450483,1.4148633511089905,1.5155724547709781
HCPCS 81240 – Prothrombin gene mutation (78 months of data),193,HCPCS 81240 – Prothrombin gene mutation (78 months of data),quarter,2020-Q1,3472,223452397.0,1.5537985032221426,1.502540051955239,1.6063596468271684
HCPCS 81240 – Prothrombin gene mutation (78 months of data),193,HCPCS 81240 – Prothrombin gene mutation (78 months of data),quarter,2020-Q2,1959,231340007.0,0.8468055419398339,0.8097180687066637,0.885153659948829
HCPCS 81240 – Prothrombin gene mutation (78 months of data),193,HCPCS 81240 – Prothrombin gene mutation (78 months of data),quarter,2020-Q3,2641,240451013.0,1.0983526195416777,1.0568583585423006,1.1410584879976648
HCPCS 81240 – Prothrombin gene mutation (78 months of data),193,HCPCS 81240 – Prothrombin gene mutation (78 months of data),quarter,2020-Q4,2756,252197294.0,1.0927952303881578,1.0523732903733356,1.134372187766139
HCPCS 81240 – Prothrombin gene mutation (78 months of data),193,HCPCS 81240 – Prothrombin gene mutation (78 months of data),quarter,2021-Q1,3321,256211709.0,1.2961936880097857,1.2524802604550163,1.3410433904546335
HCPCS 81240 – Prothrombin gene mutation (78 months of data),193,HCPCS 81240 – Prothrombin gene mutation (78 months of data),quarter,2021-Q2,3704,261559386.0,1.4161219968607819,1.370880102631381,1.4624765907923052
HCPCS 81240 – Prothrombin gene mutation (78 months of data),193,HCPCS 81240 – Prothrombin gene mutation (78 months of data),quarter,2021-Q3,3427,266799594.0,1.2844847132713404,1.2418357104713802,1.3282247992766203
HCPCS 81240 – Prothrombin gene mutation (78 months of data),193,HCPCS 81240 – Prothrombin gene mutation (78 months of data),quarter,2021-Q4,3210,272358419.0,1.178594005570285,1.1381710795894129,1.220085949127968
HCPCS 81240 – Prothrombin gene mutation (78 months of data),193,HCPCS 81240 – Prothrombin gene mutation (78 months of data),quarter,2022-Q1,3588,277314434.0,1.2938381707170712,1.2518455225980474,1.3368803954714226
HCPCS 81240 – Prothrombin gene mutation (78 months of data),193,HCPCS 81240 – Prothrombin gene mutation (78 months of data),quarter,2022-Q2,3741,282016994.5,1.3265158032878759,1.2843450354717172,1.3697185270193608
HCPCS 81240 – Prothrombin gene mutation (78 months of data),193,HCPCS 81240 – Prothrombin gene mutation (78 months of data),quarter,2022-Q3,3672,287178648.0,1.2786465935308673,1.2376205547100065,1.3206860921646288
HCPCS 81240 – Prothrombin gene mutation (78 months of data),193,HCPCS 81240 – Prothrombin gene mutation (78 months of data),quarter,2022-Q4,3341,292152539.0,1.143580682692612,1.1051286726613998,1.183029164841625
HCPCS 81240 – Prothrombin gene mutation (78 months of data),193,HCPCS 81240 – Prothrombin gene mutation (78 months of data),quarter,2023-Q1,3938,297686543.0,1.3228679940698562,1.2818702736583834,1.3648432148407477
HCPCS 81240 – Prothrombin gene mutation (78 months of data),193,HCPCS 81240 – Prothrombin gene mutation (78 months of data),quarter,2023-Q2,3784,298365151.0,1.2682446282072668,1.228154243383531,1.3093103951012413
HCPCS 81240 – Prothrombin gene mutation (78 months of data),193,HCPCS 81240 – Prothrombin gene mutation (78 months of data),quarter,2023-Q3,3237,289816874.0,1.116912191938141,1.0787635194447713,1.1560654599913986
HCPCS 81240 – Prothrombin gene mutation (78 months of data),193,HCPCS 81240 – Prothrombin gene mutation (78 months of data),quarter,2023-Q4,2719,276383178.0,0.9837791213183026,0.9471451993072834,1.021467032375614
HCPCS 81240 – Prothrombin gene mutation (78 months of data),193,HCPCS 81240 – Prothrombin gene mutation (78 months of data),quarter,2024-Q1,2953,267644460.0,1.103329394525857,1.0638900900155215,1.1438568188997857
HCPCS 81240 – Prothrombin gene mutation (78 months of data),193,HCPCS 81240 – Prothrombin gene mutation (78 months of data),quarter,2024-Q2,2682,258952546.0,1.0357109985703712,0.9968806312226673,1.0756663507636968
HCPCS 81241 – Factor V Leiden (78 months of data),195,HCPCS 81241 – Factor V Leiden (78 months of data),quarter,2018-Q1,5750,230550049.0,2.494035470797059,2.4299833400109168,2.5593485882808666
HCPCS 81241 – Factor V Leiden (78 months of data),195,HCPCS 81241 – Factor V Leiden (78 months of data),quarter,2018-Q2,5034,228935769.0,2.1988700245438713,2.138542523515146,2.2604677903937533
HCPCS 81241 – Factor V Leiden (78 months of data),195,HCPCS 81241 – Factor V Leiden (78 months of data),quarter,2018-Q3,5131,227904788.0,2.251378764363652,2.1901932846895944,2.3138401978717362
HCPCS 81241 – Factor V Leiden (78 months of data),195,HCPCS 81241 – Factor V Leiden (78 months of data),quarter,2018-Q4,4775,226095567.0,2.1119387979862516,2.05245661504586,2.1727073655808313
HCPCS 81241 – Factor V Leiden (78 months of data),195,HCPCS 81241 – Factor V Leiden (78 months of data),quarter,2019-Q1,5506,225406912.0,2.4426935053349204,2.378594040519764,2.508082854121387
HCPCS 81241 – Factor V Leiden (78 months of data),195,HCPCS 81241 – Factor V Leiden (78 months of data),quarter,2019-Q2,5340,224099443.0,2.382870715122661,2.3193830651542346,2.4476558652126217
HCPCS 81241 – Factor V Leiden (78 months of data),195,HCPCS 81241 – Factor V Leiden (78 months of data),quarter,2019-Q3,4885,225151016.0,2.1696548773290902,2.109234220575635,2.231367244333902
HCPCS 81241 – Factor V Leiden (78 months of data),195,HCPCS 81241 – Factor V Leiden (78 months of data),quarter,2019-Q4,4371,223888589.0,1.952310307337727,1.894857438892212,2.011062526007942
HCPCS 81241 – Factor V Leiden (78 months of data),195,HCPCS 81241 – Factor V Leiden (78 months of data),quarter,2020-Q1,4596,223452397.0,2.0568139172836886,1.9977750600395172,2.117154497448852
HCPCS 81241 – Factor V Leiden (78 months of data),195,HCPCS 81241 – Factor V Leiden (78 months of data),quarter,2020-Q2,2876,231340007.0,1.2431918012347947,1.1981674659665846,1.289475119379822
HCPCS 81241 – Factor V Leiden (78 months of data),195,HCPCS 81241 – Factor V Leiden (78 months of data),quarter,2020-Q3,3815,240451013.0,1.5866017582550171,1.5366503772969842,1.6377634213378742
HCPCS 81241 – Factor V Leiden (78 months of data),195,HCPCS 81241 – Factor V Leiden (78 months of data),quarter,2020-Q4,4012,252197294.0,1.5908180204344302,1.5419693777484198,1.6408204197478442
HCPCS 81241 – Factor V Leiden (78 months of data),195,HCPCS 81241 – Factor V Leiden (78 months of data),quarter,2021-Q1,4975,256211709.0,1.9417535675545572,1.8881674548548997,1.9964747462037964
HCPCS 81241 – Factor V Leiden (78 months of data),195,HCPCS 81241 – Factor V Leiden (78 months of data),quarter,2021-Q2,5457,261559386.0,2.0863330823081228,2.031341352439577,2.1424364322209324
HCPCS 81241 – Factor V Leiden (78 months of data),195,HCPCS 81241 – Factor V Leiden (78 months of data),quarter,2021-Q3,5096,266799594.0,1.9100478841058506,1.857961981730106,1.9632237456344694
HCPCS 81241 – Factor V Leiden (78 months of data),195,HCPCS 81241 – Factor V Leiden (78 months of data),quarter,2021-Q4,4919,272358419.0,1.8060759854829385,1.755953200098402,1.8572665735158107
HCPCS 81241 – Factor V Leiden (78 months of data),195,HCPCS 81241 – Factor V Leiden (78 months of data),quarter,2022-Q1,5215,277314434.0,1.88053680610076,1.829840132436529,1.93228205471537
HCPCS 81241 – Factor V Leiden (78 months of data),195,HCPCS 81241 – Factor V Leiden (78 months of data),quarter,2022-Q2,5230,282016994.5,1.8544981692583777,1.8045747218101085,1.9054527000625503
HCPCS 81241 – Factor V Leiden (78 months of data),195,HCPCS 81241 – Factor V Leiden (78 months of data),quarter,2022-Q3,5088,287178648.0,1.7717194629316593,1.723367989376151,1.8210835526269644
HCPCS 81241 – Factor V Leiden (78 months of data),195,HCPCS 81241 – Factor V Leiden (78 months of data),quarter,2022-Q4,4598,292152539.0,1.5738353723497847,1.528669703007724,1.619996661291203
HCPCS 81241 – Factor V Leiden (78 months of data),195,HCPCS 81241 – Factor V Leiden (78 months of data),quarter,2023-Q1,5429,297686543.0,1.823730406248159,1.7755373986128187,1.8729001394576763
HCPCS 81241 – Factor V Leiden (78 months of data),195,HCPCS 81241 – Factor V Leiden (78 months of data),quarter,2023-Q2,5307,298365151.0,1.7786929814735635,1.7311565224150047,1.8272039953698327
HCPCS 81241 – Factor V Leiden (78 months of data),195,HCPCS 81241 – Factor V Leiden (78 months of data),quarter,2023-Q3,4694,289816874.0,1.6196434442254042,1.5736375245027834,1.6666529563098413
HCPCS 81241 – Factor V Leiden (78 months of data),195,HCPCS 81241 – Factor V Leiden (78 months of data),quarter,2023-Q4,3938,276383178.0,1.424833460739785,1.380675673176564,1.470044093504665
HCPCS 81241 – Factor V Leiden (78 months of data),195,HCPCS 81241 – Factor V Leiden (78 months of data),quarter,2024-Q1,4202,267644460.0,1.5699932664401124,1.5228782865454777,1.6181952819999834
HCPCS 81241 – Factor V Leiden (78 months of data),195,HCPCS 81241 – Factor V Leiden (78 months of data),quarter,2024-Q2,4146,258952546.0,1.601065548125563,1.5526971584214255,1.6505574996897592
HCPCS 71250 – CT Chest (78 months of data),198,HCPCS 71250 – CT Chest (78 months of data),quarter,2018-Q1,78339,230550049.0,33.9791729994384,33.74164166341514,34.21796124494629
HCPCS 71250 – CT Chest (78 months of data),198,HCPCS 71250 – CT Chest (78 months of data),quarter,2018-Q2,78863,228935769.0,34.44765330663554,34.207647020834784,34.68892535960126
HCPCS 71250 – CT Chest (78 months of data),198,HCPCS 71250 – CT Chest (78 months of data),quarter,2018-Q3,73290,227904788.0,32.15816597938258,31.9257636087877,32.39183990022988
HCPCS 71250 – CT Chest (78 months of data),198,HCPCS 71250 – CT Chest (78 months of data),quarter,2018-Q4,75411,226095567.0,33.35359511935941,33.11596145842075,33.59251048286694
HCPCS 71250 – CT Chest (78 months of data),198,HCPCS 71250 – CT Chest (78 months of data),quarter,2019-Q1,89773,225406912.0,39.82708391834941,39.56697677425981,40.088476548791526
HCPCS 71250 – CT Chest (78 months of data),198,HCPCS 71250 – CT Chest (78 months of data),quarter,2019-Q2,90670,224099443.0,40.45971680527559,40.19678619176508,40.723940397853255
HCPCS 71250 – CT Chest (78 months of data),198,HCPCS 71250 – CT Chest (78 months of data),quarter,2019-Q3,88760,225151016.0,39.422429255215974,39.16350223142245,39.682643234643386
HCPCS 71250 – CT Chest (78 months of data),198,HCPCS 71250 – CT Chest (78 months of data),quarter,2019-Q4,92305,223888589.0,41.2280949253738,40.9625506178817,41.494933416716385
HCPCS 71250 – CT Chest (78 months of data),198,HCPCS 71250 – CT Chest (78 months of data),quarter,2020-Q1,99315,223452397.0,44.445708049397204,44.169711507455325,44.72300124968193
HCPCS 71250 – CT Chest (78 months of data),198,HCPCS 71250 – CT Chest (78 months of data),quarter,2020-Q2,73198,231340007.0,31.64087394533536,31.412066571399915,31.87093398897393
HCPCS 71250 – CT Chest (78 months of data),198,HCPCS 71250 – CT Chest (78 months of data),quarter,2020-Q3,100644,240451013.0,41.85634268881204,41.598144618687485,42.115745741827084
HCPCS 71250 – CT Chest (78 months of data),198,HCPCS 71250 – CT Chest (78 months of data),quarter,2020-Q4,104177,252197294.0,41.30773901166442,41.05727663126637,41.559350231026976
HCPCS 71250 – CT Chest (78 months of data),198,HCPCS 71250 – CT Chest (78 months of data),quarter,2021-Q1,110895,256211709.0,43.2825652007965,43.028190411378525,43.53807079234236
HCPCS 71250 – CT Chest (78 months of data),198,HCPCS 71250 – CT Chest (78 months of data),quarter,2021-Q2,118428,261559386.0,45.277671664208604,45.02016150324286,45.536289471299725
HCPCS 71250 – CT Chest (78 months of data),198,HCPCS 71250 – CT Chest (78 months of data),quarter,2021-Q3,116302,266799594.0,43.59152060778624,43.34134765954497,43.84277945659052
HCPCS 71250 – CT Chest (78 months of data),198,HCPCS 71250 – CT Chest (78 months of data),quarter,2021-Q4,109453,272358419.0,40.18711828401383,39.9493872170272,40.42591312085687
HCPCS 71250 – CT Chest (78 months of data),198,HCPCS 71250 – CT Chest (78 months of data),quarter,2022-Q1,112865,277314434.0,40.69928794258145,40.46218891967407,40.937431707964485
HCPCS 71250 – CT Chest (78 months of data),198,HCPCS 71250 – CT Chest (78 months of data),quarter,2022-Q2,146064,282016994.5,51.79262344064162,51.5273494593333,52.058924618597594
HCPCS 71250 – CT Chest (78 months of data),198,HCPCS 71250 – CT Chest (78 months of data),quarter,2022-Q3,126752,287178648.0,44.13698611743586,43.894334516878814,44.38064651770947
HCPCS 71250 – CT Chest (78 months of data),198,HCPCS 71250 – CT Chest (78 months of data),quarter,2022-Q4,124173,292152539.0,42.50279680095472,42.266718694227635,42.739866542330084
HCPCS 71250 – CT Chest (78 months of data),198,HCPCS 71250 – CT Chest (78 months of data),quarter,2023-Q1,149707,297686543.0,50.290146975169115,50.03571778884756,50.54554927828535
HCPCS 71250 – CT Chest (78 months of data),198,HCPCS 71250 – CT Chest (78 months of data),quarter,2023-Q2,147786,298365151.0,49.53192405503148,49.27970952223147,49.78510949684412
HCPCS 71250 – CT Chest (78 months of data),198,HCPCS 71250 – CT Chest (78 months of data),quarter,2023-Q3,131778,289816874.0,45.46940217152435,45.22423232095289,45.71557162035464
HCPCS 71250 – CT Chest (78 months of data),198,HCPCS 71250 – CT Chest (78 months of data),quarter,2023-Q4,128359,276383178.0,46.44240685299595,46.188681910202625,46.69717999276592
HCPCS 71250 – CT Chest (78 months of data),198,HCPCS 71250 – CT Chest (78 months of data),quarter,2024-Q1,138912,267644460.0,51.901690772900736,51.629109525992426,52.17535440135574
HCPCS 71250 – CT Chest (78 months of data),198,HCPCS 71250 – CT Chest (78 months of data),quarter,2024-Q2,133385,258952546.0,51.50943756312788,51.2333759084462,51.7866179510185
HCPCS 71260 – CT Chest (78 months of data),200,HCPCS 71260 – CT Chest (78 months of data),quarter,2018-Q1,123172,230550049.0,53.42527600156789,53.127328225260484,53.72448038011143
HCPCS 71260 – CT Chest (78 months of data),200,HCPCS 71260 – CT Chest (78 months of data),quarter,2018-Q2,123673,228935769.0,54.020828872748154,53.72016975295083,54.32275345290877
HCPCS 71260 – CT Chest (78 months of data),200,HCPCS 71260 – CT Chest (78 months of data),quarter,2018-Q3,121158,227904788.0,53.16167381266251,52.862745529754754,53.46187329315701
HCPCS 71260 – CT Chest (78 months of data),200,HCPCS 71260 – CT Chest (78 months of data),quarter,2018-Q4,112284,226095567.0,49.66218554829073,49.372125531117135,49.95352698342949
HCPCS 71260 – CT Chest (78 months of data),200,HCPCS 71260 – CT Chest (78 months of data),quarter,2019-Q1,125913,225406912.0,55.8603100866756,55.552187178999276,56.16971825508757
HCPCS 71260 – CT Chest (78 months of data),200,HCPCS 71260 – CT Chest (78 months of data),quarter,2019-Q2,132072,224099443.0,58.93455076548316,58.61713059564495,59.253263665630485
HCPCS 71260 – CT Chest (78 months of data),200,HCPCS 71260 – CT Chest (78 months of data),quarter,2019-Q3,134581,225151016.0,59.77365876066044,59.454730279236806,60.09387392345847
HCPCS 71260 – CT Chest (78 months of data),200,HCPCS 71260 – CT Chest (78 months of data),quarter,2019-Q4,131372,223888589.0,58.67739869493751,58.360523804945174,58.99556753590979
HCPCS 71260 – CT Chest (78 months of data),200,HCPCS 71260 – CT Chest (78 months of data),quarter,2020-Q1,130579,223452397.0,58.43705494016248,58.120522466908284,58.7548838939295
HCPCS 71260 – CT Chest (78 months of data),200,HCPCS 71260 – CT Chest (78 months of data),quarter,2020-Q2,119714,231340007.0,51.74807485849172,51.45534804768243,52.042053997905164
HCPCS 71260 – CT Chest (78 months of data),200,HCPCS 71260 – CT Chest (78 months of data),quarter,2020-Q3,154589,240451013.0,64.29126584715199,63.97117267291946,64.61256375636324
HCPCS 71260 – CT Chest (78 months of data),200,HCPCS 71260 – CT Chest (78 months of data),quarter,2020-Q4,153272,252197294.0,60.77464098405434,60.47076076778752,61.07966982808483
HCPCS 71260 – CT Chest (78 months of data),200,HCPCS 71260 – CT Chest (78 months of data),quarter,2021-Q1,166894,256211709.0,65.13909947808044,64.82695531675925,65.45237422937109
HCPCS 71260 – CT Chest (78 months of data),200,HCPCS 71260 – CT Chest (78 months of data),quarter,2021-Q2,186655,261559386.0,71.3623788671839,71.03900021749504,71.68686494164601
HCPCS 71260 – CT Chest (78 months of data),200,HCPCS 71260 – CT Chest (78 months of data),quarter,2021-Q3,181845,266799594.0,68.15789982049223,67.84498872656819,68.47189659943476
HCPCS 71260 – CT Chest (78 months of data),200,HCPCS 71260 – CT Chest (78 months of data),quarter,2021-Q4,164902,272358419.0,60.54595286808447,60.25407384480229,60.83889545985424
HCPCS 71260 – CT Chest (78 months of data),200,HCPCS 71260 – CT Chest (78 months of data),quarter,2022-Q1,163420,277314434.0,58.92949661610474,58.64412648650147,59.21591131060366
HCPCS 71260 – CT Chest (78 months of data),200,HCPCS 71260 – CT Chest (78 months of data),quarter,2022-Q2,147716,282016994.5,52.37840374190642,52.11163194372559,52.64620273164009
HCPCS 71260 – CT Chest (78 months of data),200,HCPCS 71260 – CT Chest (78 months of data),quarter,2022-Q3,159549,287178648.0,55.557403418098126,55.28512262465782,55.83069290715691
HCPCS 71260 – CT Chest (78 months of data),200,HCPCS 71260 – CT Chest (78 months of data),quarter,2022-Q4,161076,292152539.0,55.13421192618833,54.86528742876935,55.40412794221626
HCPCS 71260 – CT Chest (78 months of data),200,HCPCS 71260 – CT Chest (78 months of data),quarter,2023-Q1,189858,297686543.0,63.77782417930797,63.49126045708341,64.06536092308917
HCPCS 71260 – CT Chest (78 months of data),200,HCPCS 71260 – CT Chest (78 months of data),quarter,2023-Q2,195488,298365151.0,65.51971614138007,65.22959129931755,65.81081178101151
HCPCS 71260 – CT Chest (78 months of data),200,HCPCS 71260 – CT Chest (78 months of data),quarter,2023-Q3,186950,289816874.0,64.50625093692784,64.21417129362601,64.79933002916034
HCPCS 71260 – CT Chest (78 months of data),200,HCPCS 71260 – CT Chest (78 months of data),quarter,2023-Q4,168045,276383178.0,60.80145731590075,60.51109731798317,61.09286538616475
HCPCS 71260 – CT Chest (78 months of data),200,HCPCS 71260 – CT Chest (78 months of data),quarter,2024-Q1,168945,267644460.0,63.122920608930215,62.82227741611626,63.424646091766945
HCPCS 71260 – CT Chest (78 months of data),200,HCPCS 71260 – CT Chest (78 months of data),quarter,2024-Q2,163268,258952546.0,63.04938975189686,62.743926835960835,63.35597130149774
HCPCS 75561 – cardiovascular magnetic resonance imaging (78 months of data),202,HCPCS 75561 – cardiovascular magnetic resonance imaging (78 months of data),quarter,2018-Q1,269,230550049.0,0.11667748550337544,0.1031496535781291,0.13148639039413096
HCPCS 75561 – cardiovascular magnetic resonance imaging (78 months of data),202,HCPCS 75561 – cardiovascular magnetic resonance imaging (78 months of data),quarter,2018-Q2,430,228935769.0,0.1878256079765325,0.17049000546869605,0.20644595089508977
HCPCS 75561 – cardiovascular magnetic resonance imaging (78 months of data),202,HCPCS 75561 – cardiovascular magnetic resonance imaging (78 months of data),quarter,2018-Q3,347,227904788.0,0.15225656426314307,0.1366562333303274,0.16914975839276394
HCPCS 75561 – cardiovascular magnetic resonance imaging (78 months of data),202,HCPCS 75561 – cardiovascular magnetic resonance imaging (78 months of data),quarter,2018-Q4,293,226095567.0,0.12959121838952287,0.11517597783543185,0.1453116860908279
HCPCS 75561 – cardiovascular magnetic resonance imaging (78 months of data),202,HCPCS 75561 – cardiovascular magnetic resonance imaging (78 months of data),quarter,2019-Q1,439,225406912.0,0.19475889009117875,0.17696413641243944,0.21385828452301117
HCPCS 75561 – cardiovascular magnetic resonance imaging (78 months of data),202,HCPCS 75561 – cardiovascular magnetic resonance imaging (78 months of data),quarter,2019-Q2,534,224099443.0,0.23828707151226608,0.21850244129349286,0.25938203340224875
HCPCS 75561 – cardiovascular magnetic resonance imaging (78 months of data),202,HCPCS 75561 – cardiovascular magnetic resonance imaging (78 months of data),quarter,2019-Q3,419,225151016.0,0.1860973170114409,0.16870273636960495,0.20479850408108605
HCPCS 75561 – cardiovascular magnetic resonance imaging (78 months of data),202,HCPCS 75561 – cardiovascular magnetic resonance imaging (78 months of data),quarter,2019-Q4,312,223888589.0,0.13935502536933672,0.12431933150041208,0.15570803570382383
HCPCS 75561 – cardiovascular magnetic resonance imaging (78 months of data),202,HCPCS 75561 – cardiovascular magnetic resonance imaging (78 months of data),quarter,2020-Q1,345,223452397.0,0.1543953005793892,0.1385312921119974,0.17157800016256128
HCPCS 75561 – cardiovascular magnetic resonance imaging (78 months of data),202,HCPCS 75561 – cardiovascular magnetic resonance imaging (78 months of data),quarter,2020-Q2,244,231340007.0,0.10547246157902986,0.09265248140199855,0.11957040627799247
HCPCS 75561 – cardiovascular magnetic resonance imaging (78 months of data),202,HCPCS 75561 – cardiovascular magnetic resonance imaging (78 months of data),quarter,2020-Q3,563,240451013.0,0.23414332631653334,0.2151993404098436,0.2543080820598984
HCPCS 75561 – cardiovascular magnetic resonance imaging (78 months of data),202,HCPCS 75561 – cardiovascular magnetic resonance imaging (78 months of data),quarter,2020-Q4,768,252197294.0,0.3045234894550455,0.2833643221056529,0.3268442407006892
HCPCS 75561 – cardiovascular magnetic resonance imaging (78 months of data),202,HCPCS 75561 – cardiovascular magnetic resonance imaging (78 months of data),quarter,2021-Q1,801,256211709.0,0.31263208193189956,0.29135372286538475,0.3350535405205873
HCPCS 75561 – cardiovascular magnetic resonance imaging (78 months of data),202,HCPCS 75561 – cardiovascular magnetic resonance imaging (78 months of data),quarter,2021-Q2,950,261559386.0,0.36320623569593485,0.3404743089869726,0.3870568192281121
HCPCS 75561 – cardiovascular magnetic resonance imaging (78 months of data),202,HCPCS 75561 – cardiovascular magnetic resonance imaging (78 months of data),quarter,2021-Q3,1013,266799594.0,0.3796857352039299,0.3566614941706574,0.403806288541712
HCPCS 75561 – cardiovascular magnetic resonance imaging (78 months of data),202,HCPCS 75561 – cardiovascular magnetic resonance imaging (78 months of data),quarter,2021-Q4,892,272358419.0,0.32750961151672714,0.30636681926871606,0.3497270756920293
HCPCS 75561 – cardiovascular magnetic resonance imaging (78 months of data),202,HCPCS 75561 – cardiovascular magnetic resonance imaging (78 months of data),quarter,2022-Q1,962,277314434.0,0.346898639974867,0.32532101723159224,0.36953129430752485
HCPCS 75561 – cardiovascular magnetic resonance imaging (78 months of data),202,HCPCS 75561 – cardiovascular magnetic resonance imaging (78 months of data),quarter,2022-Q2,1075,282016994.5,0.38118270209421723,0.3587339190257045,0.4046683247562806
HCPCS 75561 – cardiovascular magnetic resonance imaging (78 months of data),202,HCPCS 75561 – cardiovascular magnetic resonance imaging (78 months of data),quarter,2022-Q3,1066,287178648.0,0.3711975132635906,0.34924609233738135,0.39416718142434937
HCPCS 75561 – cardiovascular magnetic resonance imaging (78 months of data),202,HCPCS 75561 – cardiovascular magnetic resonance imaging (78 months of data),quarter,2022-Q4,964,292152539.0,0.329964614820616,0.3094612753134002,0.35146939090887974
HCPCS 75561 – cardiovascular magnetic resonance imaging (78 months of data),202,HCPCS 75561 – cardiovascular magnetic resonance imaging (78 months of data),quarter,2023-Q1,1502,297686543.0,0.5045575741729111,0.4793605588578678,0.5307353186213207
HCPCS 75561 – cardiovascular magnetic resonance imaging (78 months of data),202,HCPCS 75561 – cardiovascular magnetic resonance imaging (78 months of data),quarter,2023-Q2,1648,298365151.0,0.5523433264496764,0.5259949072496776,0.5796698628928078
HCPCS 75561 – cardiovascular magnetic resonance imaging (78 months of data),202,HCPCS 75561 – cardiovascular magnetic resonance imaging (78 months of data),quarter,2023-Q3,1613,289816874.0,0.5565583458746436,0.5297258787852424,0.5843978694468095
HCPCS 75561 – cardiovascular magnetic resonance imaging (78 months of data),202,HCPCS 75561 – cardiovascular magnetic resonance imaging (78 months of data),quarter,2023-Q4,1139,276383178.0,0.41210901772031866,0.38852046844557125,0.4367552360986274
HCPCS 75561 – cardiovascular magnetic resonance imaging (78 months of data),202,HCPCS 75561 – cardiovascular magnetic resonance imaging (78 months of data),quarter,2024-Q1,1384,267644460.0,0.5171039221211603,0.4902163304024816,0.5450827176225114
HCPCS 75561 – cardiovascular magnetic resonance imaging (78 months of data),202,HCPCS 75561 – cardiovascular magnetic resonance imaging (78 months of data),quarter,2024-Q2,1298,258952546.0,0.501250140247704,0.4743489746811144,0.5292794655287656
HCPCS 75557 - cardiovascular magnetic resonance imaging (75 months of data),203,HCPCS 75557 - cardiovascular magnetic resonance imaging (75 months of data),quarter,2018-Q1,29,230550049.0,0.012578613678802558,0.008424094994466011,0.018064987459007913
HCPCS 75557 - cardiovascular magnetic resonance imaging (75 months of data),203,HCPCS 75557 - cardiovascular magnetic resonance imaging (75 months of data),quarter,2018-Q2,40,228935769.0,0.017472149579212327,0.012482359819355691,0.023792108678300974
HCPCS 75557 - cardiovascular magnetic resonance imaging (75 months of data),203,HCPCS 75557 - cardiovascular magnetic resonance imaging (75 months of data),quarter,2018-Q3,16,227904788.0,0.00702047558562043,0.004012808389809485,0.011400812517181936
HCPCS 75557 - cardiovascular magnetic resonance imaging (75 months of data),203,HCPCS 75557 - cardiovascular magnetic resonance imaging (75 months of data),quarter,2018-Q4,30,226095567.0,0.013268725432374355,0.008952353330050436,0.018941930601765255
HCPCS 75557 - cardiovascular magnetic resonance imaging (75 months of data),203,HCPCS 75557 - cardiovascular magnetic resonance imaging (75 months of data),quarter,2019-Q1,31,225406912.0,0.013752905678420368,0.009344432161486624,0.019521151819536373
HCPCS 75557 - cardiovascular magnetic resonance imaging (75 months of data),203,HCPCS 75557 - cardiovascular magnetic resonance imaging (75 months of data),quarter,2019-Q2,15,224099443.0,0.006693457064951295,0.003746277108231506,0.01103983951958589
HCPCS 75557 - cardiovascular magnetic resonance imaging (75 months of data),203,HCPCS 75557 - cardiovascular magnetic resonance imaging (75 months of data),quarter,2019-Q3,29,225151016.0,0.012880243898166555,0.008626101486278851,0.01849817876841675
HCPCS 75557 - cardiovascular magnetic resonance imaging (75 months of data),203,HCPCS 75557 - cardiovascular magnetic resonance imaging (75 months of data),quarter,2019-Q4,27,223888589.0,0.012059569503115677,0.00794733229202886,0.017546040475141005
HCPCS 75557 - cardiovascular magnetic resonance imaging (75 months of data),203,HCPCS 75557 - cardiovascular magnetic resonance imaging (75 months of data),quarter,2020-Q1,65,149176444.0,0.04357256297113504,0.03362838420336274,0.055536808355528024
HCPCS 75557 - cardiovascular magnetic resonance imaging (75 months of data),203,HCPCS 75557 - cardiovascular magnetic resonance imaging (75 months of data),quarter,2020-Q2,16,78055480.0,0.020498240482282604,0.011716515552324475,0.03328785832533597
HCPCS 75557 - cardiovascular magnetic resonance imaging (75 months of data),203,HCPCS 75557 - cardiovascular magnetic resonance imaging (75 months of data),quarter,2020-Q3,0,240451013.0,0.0,0.0,0.0015341500990532053
HCPCS 75557 - cardiovascular magnetic resonance imaging (75 months of data),203,HCPCS 75557 - cardiovascular magnetic resonance imaging (75 months of data),quarter,2020-Q4,0,252197294.0,0.0,0.0,0.0014626958900335924
HCPCS 75557 - cardiovascular magnetic resonance imaging (75 months of data),203,HCPCS 75557 - cardiovascular magnetic resonance imaging (75 months of data),quarter,2021-Q1,25,256211709.0,0.009757555615852044,0.006314575516854824,0.014404076941514942
HCPCS 75557 - cardiovascular magnetic resonance imaging (75 months of data),203,HCPCS 75557 - cardiovascular magnetic resonance imaging (75 months of data),quarter,2021-Q2,26,261559386.0,0.00994038118746769,0.006493387018272148,0.014564961581277387
HCPCS 75557 - cardiovascular magnetic resonance imaging (75 months of data),203,HCPCS 75557 - cardiovascular magnetic resonance imaging (75 months of data),quarter,2021-Q3,0,266799594.0,0.0,0.0,0.0013826405800729726
HCPCS 75557 - cardiovascular magnetic resonance imaging (75 months of data),203,HCPCS 75557 - cardiovascular magnetic resonance imaging (75 months of data),quarter,2021-Q4,24,272358419.0,0.008811917798656336,0.005645962005193774,0.013111435190756197
HCPCS 75557 - cardiovascular magnetic resonance imaging (75 months of data),203,HCPCS 75557 - cardiovascular magnetic resonance imaging (75 months of data),quarter,2022-Q1,0,277314434.0,0.0,0.0,0.0013302154528725093
HCPCS 75557 - cardiovascular magnetic resonance imaging (75 months of data),203,HCPCS 75557 - cardiovascular magnetic resonance imaging (75 months of data),quarter,2022-Q2,14,282016994.5,0.004964239841227015,0.0027139961156846504,0.008329150930595984
HCPCS 75557 - cardiovascular magnetic resonance imaging (75 months of data),203,HCPCS 75557 - cardiovascular magnetic resonance imaging (75 months of data),quarter,2022-Q3,27,287178648.0,0.009401813187726966,0.006195854133196134,0.013679144573854982
HCPCS 75557 - cardiovascular magnetic resonance imaging (75 months of data),203,HCPCS 75557 - cardiovascular magnetic resonance imaging (75 months of data),quarter,2022-Q4,0,292152539.0,0.0,0.0,0.001262655278212022
HCPCS 75557 - cardiovascular magnetic resonance imaging (75 months of data),203,HCPCS 75557 - cardiovascular magnetic resonance imaging (75 months of data),quarter,2023-Q1,34,297686543.0,0.011421409801517296,0.007909658309469592,0.01596027540123071
HCPCS 75557 - cardiovascular magnetic resonance imaging (75 months of data),203,HCPCS 75557 - cardiovascular magnetic resonance imaging (75 months of data),quarter,2023-Q2,0,298365151.0,0.0,0.0,0.001236364046454586
HCPCS 75557 - cardiovascular magnetic resonance imaging (75 months of data),203,HCPCS 75557 - cardiovascular magnetic resonance imaging (75 months of data),quarter,2023-Q3,79,289816874.0,0.027258592265404117,0.02158088419640979,0.033972339086327914
HCPCS 75557 - cardiovascular magnetic resonance imaging (75 months of data),203,HCPCS 75557 - cardiovascular magnetic resonance imaging (75 months of data),quarter,2023-Q4,60,276383178.0,0.021708991275872804,0.016566247367633666,0.027943775003065968
HCPCS 75557 - cardiovascular magnetic resonance imaging (75 months of data),203,HCPCS 75557 - cardiovascular magnetic resonance imaging (75 months of data),quarter,2024-Q1,43,267644460.0,0.0160660900659031,0.0116271090430817,0.02164091788426468
HCPCS 75557 - cardiovascular magnetic resonance imaging (75 months of data),203,HCPCS 75557 - cardiovascular magnetic resonance imaging (75 months of data),quarter,2024-Q2,18,258952546.0,0.006951080527317928,0.004119650856956445,0.010985704024523469
Custom Aggregate 75557 and 75561,206,Custom Aggregate 75557 and 75561,quarter,2018-Q1,298,230550049.0,0.129256099182178,0.11499570520656119,0.1447962963899351
Custom Aggregate 75557 and 75561,206,Custom Aggregate 75557 and 75561,quarter,2018-Q2,470,228935769.0,0.2052977575557448,0.187154646820477,0.2247247234915888
Custom Aggregate 75557 and 75561,206,Custom Aggregate 75557 and 75561,quarter,2018-Q3,363,227904788.0,0.1592770398487635,0.1433114501304205,0.1765349865965206
Custom Aggregate 75557 and 75561,206,Custom Aggregate 75557 and 75561,quarter,2018-Q4,323,226095567.0,0.14285994382189723,0.12770336091579665,0.159320570280192
Custom Aggregate 75557 and 75561,206,Custom Aggregate 75557 and 75561,quarter,2019-Q1,470,225406912.0,0.20851179576959913,0.19008464563752733,0.22824290049215196
Custom Aggregate 75557 and 75561,206,Custom Aggregate 75557 and 75561,quarter,2019-Q2,549,224099443.0,0.24498052857721742,0.22491396422836787,0.26635716762805267
Custom Aggregate 75557 and 75561,206,Custom Aggregate 75557 and 75561,quarter,2019-Q3,448,225151016.0,0.19897756090960747,0.1809765332595045,0.21828450538033017
Custom Aggregate 75557 and 75561,206,Custom Aggregate 75557 and 75561,quarter,2019-Q4,339,223888589.0,0.1514145948724524,0.13572354147392562,0.1684219744563168
Custom Aggregate 75557 and 75561,206,Custom Aggregate 75557 and 75561,quarter,2020-Q1,351,149176444.0,0.2352918400441292,0.21131769211916943,0.2612409655974157
Custom Aggregate 75557 and 75561,206,Custom Aggregate 75557 and 75561,quarter,2020-Q2,188,78055480.0,0.24085432566682058,0.20765440942625443,0.27785281289487185
Custom Aggregate 75557 and 75561,206,Custom Aggregate 75557 and 75561,quarter,2020-Q3,563,240451013.0,0.23414332631653334,0.2151993404098436,0.2543080820598984
Custom Aggregate 75557 and 75561,206,Custom Aggregate 75557 and 75561,quarter,2020-Q4,768,252197294.0,0.3045234894550455,0.2833643221056529,0.3268442407006892
Custom Aggregate 75557 and 75561,206,Custom Aggregate 75557 and 75561,quarter,2021-Q1,826,256211709.0,0.3223896375477516,0.3007759745260506,0.34514619613291775
Custom Aggregate 75557 and 75561,206,Custom Aggregate 75557 and 75561,quarter,2021-Q2,976,261559386.0,0.37314661688340256,0.3501007431158523,0.3973109860112201
Custom Aggregate 75557 and 75561,206,Custom Aggregate 75557 and 75561,quarter,2021-Q3,1013,266799594.0,0.3796857352039299,0.3566614941706574,0.403806288541712
Custom Aggregate 75557 and 75561,206,Custom Aggregate 75557 and 75561,quarter,2021-Q4,916,272358419.0,0.3363215293153835,0.31489149046774156,0.35882608276996014
Custom Aggregate 75557 and 75561,206,Custom Aggregate 75557 and 75561,quarter,2022-Q1,962,277314434.0,0.346898639974867,0.32532101723159224,0.36953129430752485
Custom Aggregate 75557 and 75561,206,Custom Aggregate 75557 and 75561,quarter,2022-Q2,1089,282016994.5,0.3861469419354442,0.3635502501259712,0.4097804056008957
Custom Aggregate 75557 and 75561,206,Custom Aggregate 75557 and 75561,quarter,2022-Q3,1093,287178648.0,0.3805993264513175,0.35836745173851925,0.40384931965626925
Custom Aggregate 75557 and 75561,206,Custom Aggregate 75557 and 75561,quarter,2022-Q4,964,292152539.0,0.329964614820616,0.3094612753134002,0.35146939090887974
Custom Aggregate 75557 and 75561,206,Custom Aggregate 75557 and 75561,quarter,2023-Q1,1536,297686543.0,0.5159789839744284,0.49049476478895665,0.5424438384599809
Custom Aggregate 75557 and 75561,206,Custom Aggregate 75557 and 75561,quarter,2023-Q2,1648,298365151.0,0.5523433264496764,0.5259949072496776,0.5796698628928078
Custom Aggregate 75557 and 75561,206,Custom Aggregate 75557 and 75561,quarter,2023-Q3,1692,289816874.0,0.5838169381400478,0.5563272606691769,0.6123134746125448
Custom Aggregate 75557 and 75561,206,Custom Aggregate 75557 and 75561,quarter,2023-Q4,1199,276383178.0,0.43381800899619155,0.4096071335326801,0.4590862895916832
Custom Aggregate 75557 and 75561,206,Custom Aggregate 75557 and 75561,quarter,2024-Q1,1427,267644460.0,0.5331700121870634,0.5058624177512785,0.5615686621426734
Custom Aggregate 75557 and 75561,206,Custom Aggregate 75557 and 75561,quarter,2024-Q2,1316,258952546.0,0.5082012207750218,0.48111161928667145,0.536418910474638
HCPCS 75565 – Cardiac MRI (78 months of data),210,HCPCS 75565 – Cardiac MRI (78 months of data),quarter,2018-Q1,284,230550049.0,0.12318366499241126,0.10927224289365997,0.13837547916659884
HCPCS 75565 – Cardiac MRI (78 months of data),210,HCPCS 75565 – Cardiac MRI (78 months of data),quarter,2018-Q2,427,228935769.0,0.18651519675809156,0.1692416434711444,0.20507356179116812
HCPCS 75565 – Cardiac MRI (78 months of data),210,HCPCS 75565 – Cardiac MRI (78 months of data),quarter,2018-Q3,373,227904788.0,0.16366483708977628,0.14747504002081394,0.1811466914132187
HCPCS 75565 – Cardiac MRI (78 months of data),210,HCPCS 75565 – Cardiac MRI (78 months of data),quarter,2018-Q4,339,226095567.0,0.14993659738583023,0.13439870846596558,0.16677796348664728
HCPCS 75565 – Cardiac MRI (78 months of data),210,HCPCS 75565 – Cardiac MRI (78 months of data),quarter,2019-Q1,454,225406912.0,0.20141352187105957,0.18331007380337236,0.2208212699475127
HCPCS 75565 – Cardiac MRI (78 months of data),210,HCPCS 75565 – Cardiac MRI (78 months of data),quarter,2019-Q2,627,224099443.0,0.27978650531496413,0.25831232164739965,0.3025695790226501
HCPCS 75565 – Cardiac MRI (78 months of data),210,HCPCS 75565 – Cardiac MRI (78 months of data),quarter,2019-Q3,366,225151016.0,0.16255756092168822,0.1463282899399064,0.180094903134802
HCPCS 75565 – Cardiac MRI (78 months of data),210,HCPCS 75565 – Cardiac MRI (78 months of data),quarter,2019-Q4,305,223888589.0,0.1362284703129734,0.1213672707502737,0.15240726417672867
HCPCS 75565 – Cardiac MRI (78 months of data),210,HCPCS 75565 – Cardiac MRI (78 months of data),quarter,2020-Q1,281,223452397.0,0.12575385351538654,0.11147885696235377,0.14135004802395534
HCPCS 75565 – Cardiac MRI (78 months of data),210,HCPCS 75565 – Cardiac MRI (78 months of data),quarter,2020-Q2,205,231340007.0,0.08861415829385706,0.07689824489522094,0.10161045234759553
HCPCS 75565 – Cardiac MRI (78 months of data),210,HCPCS 75565 – Cardiac MRI (78 months of data),quarter,2020-Q3,353,240451013.0,0.14680744971533974,0.13189036854534975,0.1629497515114789
HCPCS 75565 – Cardiac MRI (78 months of data),210,HCPCS 75565 – Cardiac MRI (78 months of data),quarter,2020-Q4,544,252197294.0,0.21570413836399052,0.19795635671020673,0.23461611150559916
HCPCS 75565 – Cardiac MRI (78 months of data),210,HCPCS 75565 – Cardiac MRI (78 months of data),quarter,2021-Q1,635,256211709.0,0.24784191264264196,0.228937363171708,0.267891207182097
HCPCS 75565 – Cardiac MRI (78 months of data),210,HCPCS 75565 – Cardiac MRI (78 months of data),quarter,2021-Q2,564,261559386.0,0.21562980729737607,0.19819885369566256,0.23418299830492018
HCPCS 75565 – Cardiac MRI (78 months of data),210,HCPCS 75565 – Cardiac MRI (78 months of data),quarter,2021-Q3,648,266799594.0,0.2428789303180124,0.22453604757889103,0.2623209839320681
HCPCS 75565 – Cardiac MRI (78 months of data),210,HCPCS 75565 – Cardiac MRI (78 months of data),quarter,2021-Q4,542,272358419.0,0.19900247695298895,0.18259934831602678,0.21648364675969597
HCPCS 75565 – Cardiac MRI (78 months of data),210,HCPCS 75565 – Cardiac MRI (78 months of data),quarter,2022-Q1,448,277314434.0,0.16154947059120622,0.1469344734343515,0.17722473891654267
HCPCS 75565 – Cardiac MRI (78 months of data),210,HCPCS 75565 – Cardiac MRI (78 months of data),quarter,2022-Q2,822,282016994.5,0.29147179639204335,0.27188426617488015,0.3120976733485703
HCPCS 75565 – Cardiac MRI (78 months of data),210,HCPCS 75565 – Cardiac MRI (78 months of data),quarter,2022-Q3,752,287178648.0,0.26185790804335846,0.2434742248117737,0.28126181104922404
HCPCS 75565 – Cardiac MRI (78 months of data),210,HCPCS 75565 – Cardiac MRI (78 months of data),quarter,2022-Q4,501,292152539.0,0.17148575936216662,0.15679643477834107,0.18718065531645417
HCPCS 75565 – Cardiac MRI (78 months of data),210,HCPCS 75565 – Cardiac MRI (78 months of data),quarter,2023-Q1,824,297686543.0,0.2768012257779486,0.2582217862786304,0.29636434198537626
HCPCS 75565 – Cardiac MRI (78 months of data),210,HCPCS 75565 – Cardiac MRI (78 months of data),quarter,2023-Q2,923,298365151.0,0.30935248198607485,0.2897145446979289,0.32997123394434663
HCPCS 75565 – Cardiac MRI (78 months of data),210,HCPCS 75565 – Cardiac MRI (78 months of data),quarter,2023-Q3,1005,289816874.0,0.3467706990725461,0.3256602131648206,0.36889046988265256
HCPCS 75565 – Cardiac MRI (78 months of data),210,HCPCS 75565 – Cardiac MRI (78 months of data),quarter,2023-Q4,786,276383178.0,0.28438778571393375,0.26485123225444734,0.3049841287872105
HCPCS 75565 – Cardiac MRI (78 months of data),210,HCPCS 75565 – Cardiac MRI (78 months of data),quarter,2024-Q1,827,267644460.0,0.3089920112674852,0.28828886406164556,0.33078922626946955
HCPCS 75565 – Cardiac MRI (78 months of data),210,HCPCS 75565 – Cardiac MRI (78 months of data),quarter,2024-Q2,1010,258952546.0,0.39003285181061703,0.36634660679845843,0.41484864820025896
HCPCS 75574 – Cardiac CTA (78 months of data),212,HCPCS 75574 – Cardiac CTA (78 months of data),quarter,2018-Q1,845,230550049.0,0.3665147778823504,0.3422159417725112,0.39208355545168594
HCPCS 75574 – Cardiac CTA (78 months of data),212,HCPCS 75574 – Cardiac CTA (78 months of data),quarter,2018-Q2,972,228935769.0,0.4245732347748595,0.3982981653492562,0.452126214367621
HCPCS 75574 – Cardiac CTA (78 months of data),212,HCPCS 75574 – Cardiac CTA (78 months of data),quarter,2018-Q3,1109,227904788.0,0.4866067140283161,0.4583853747566849,0.5161108724249405
HCPCS 75574 – Cardiac CTA (78 months of data),212,HCPCS 75574 – Cardiac CTA (78 months of data),quarter,2018-Q4,1011,226095567.0,0.4471560470710158,0.4200139999004822,0.47559178919358996
HCPCS 75574 – Cardiac CTA (78 months of data),212,HCPCS 75574 – Cardiac CTA (78 months of data),quarter,2019-Q1,1373,225406912.0,0.6091206289184247,0.5773235602206195,0.6422134213948679
HCPCS 75574 – Cardiac CTA (78 months of data),212,HCPCS 75574 – Cardiac CTA (78 months of data),quarter,2019-Q2,1849,224099443.0,0.8250801408729963,0.7878969442361032,0.8635650009433364
HCPCS 75574 – Cardiac CTA (78 months of data),212,HCPCS 75574 – Cardiac CTA (78 months of data),quarter,2019-Q3,1676,225151016.0,0.7443892680457636,0.7091739652083655,0.7809006609403722
HCPCS 75574 – Cardiac CTA (78 months of data),212,HCPCS 75574 – Cardiac CTA (78 months of data),quarter,2019-Q4,2130,223888589.0,0.9513660385791256,0.9113884493858017,0.9926458264083323
HCPCS 75574 – Cardiac CTA (78 months of data),212,HCPCS 75574 – Cardiac CTA (78 months of data),quarter,2020-Q1,1715,223452397.0,0.7675012767931956,0.7316028666344534,0.8047055078584204
HCPCS 75574 – Cardiac CTA (78 months of data),212,HCPCS 75574 – Cardiac CTA (78 months of data),quarter,2020-Q2,927,231340007.0,0.4007089011629536,0.3753256307048691,0.4273571236775994
HCPCS 75574 – Cardiac CTA (78 months of data),212,HCPCS 75574 – Cardiac CTA (78 months of data),quarter,2020-Q3,2152,240451013.0,0.8949847925988983,0.8575670990056381,0.9336149435562526
HCPCS 75574 – Cardiac CTA (78 months of data),212,HCPCS 75574 – Cardiac CTA (78 months of data),quarter,2020-Q4,2501,252197294.0,0.9916839155300373,0.9531953055270566,1.0313279090144354
HCPCS 75574 – Cardiac CTA (78 months of data),212,HCPCS 75574 – Cardiac CTA (78 months of data),quarter,2021-Q1,2819,256211709.0,1.1002619712434765,1.060016948007599,1.1416438331970669
HCPCS 75574 – Cardiac CTA (78 months of data),212,HCPCS 75574 – Cardiac CTA (78 months of data),quarter,2021-Q2,3956,261559386.0,1.5124672299085455,1.4656994656496038,1.5603474954873042
HCPCS 75574 – Cardiac CTA (78 months of data),212,HCPCS 75574 – Cardiac CTA (78 months of data),quarter,2021-Q3,3837,266799594.0,1.438158110540453,1.3930091803873432,1.4843977808425226
HCPCS 75574 – Cardiac CTA (78 months of data),212,HCPCS 75574 – Cardiac CTA (78 months of data),quarter,2021-Q4,3930,272358419.0,1.442951539529975,1.3981871075065733,1.4887843809135628
HCPCS 75574 – Cardiac CTA (78 months of data),212,HCPCS 75574 – Cardiac CTA (78 months of data),quarter,2022-Q1,4463,277314434.0,1.609364480465521,1.562490962311985,1.6572869681691496
HCPCS 75574 – Cardiac CTA (78 months of data),212,HCPCS 75574 – Cardiac CTA (78 months of data),quarter,2022-Q2,5072,282016994.5,1.7984731767645301,1.7493147518252876,1.8486627590321094
HCPCS 75574 – Cardiac CTA (78 months of data),212,HCPCS 75574 – Cardiac CTA (78 months of data),quarter,2022-Q3,4945,287178648.0,1.7219246745670311,1.6742622024324094,1.7705998312445548
HCPCS 75574 – Cardiac CTA (78 months of data),212,HCPCS 75574 – Cardiac CTA (78 months of data),quarter,2022-Q4,5562,292152539.0,1.9037999871704008,1.854092272782005,1.9545028738887227
HCPCS 75574 – Cardiac CTA (78 months of data),212,HCPCS 75574 – Cardiac CTA (78 months of data),quarter,2023-Q1,7638,297686543.0,2.565786119529091,2.508563775132732,2.6239844909060333
HCPCS 75574 – Cardiac CTA (78 months of data),212,HCPCS 75574 – Cardiac CTA (78 months of data),quarter,2023-Q2,8330,298365151.0,2.7918810129404155,2.7322444912255452,2.8524911827586115
HCPCS 75574 – Cardiac CTA (78 months of data),212,HCPCS 75574 – Cardiac CTA (78 months of data),quarter,2023-Q3,8172,289816874.0,2.8197115948466136,2.7589042441673084,2.8815213473439143
HCPCS 75574 – Cardiac CTA (78 months of data),212,HCPCS 75574 – Cardiac CTA (78 months of data),quarter,2023-Q4,7485,276383178.0,2.708196661665132,2.6471875557217204,2.77025706698581
HCPCS 75574 – Cardiac CTA (78 months of data),212,HCPCS 75574 – Cardiac CTA (78 months of data),quarter,2024-Q1,8586,267644460.0,3.2079871931591635,3.140486233983106,3.2765734973662446
HCPCS 75574 – Cardiac CTA (78 months of data),212,HCPCS 75574 – Cardiac CTA (78 months of data),quarter,2024-Q2,8905,258952546.0,3.4388540053203416,3.367796354234835,3.5110333581667796
Custom Aggregate 71250 and 71260,214,Custom Aggregate 71250 and 71260,quarter,2018-Q1,201511,230550049.0,87.40444900100628,87.02323900241792,87.78691533776966
Custom Aggregate 71250 and 71260,214,Custom Aggregate 71250 and 71260,quarter,2018-Q2,202536,228935769.0,88.46848217938368,88.08360800386276,88.85462154940136
Custom Aggregate 71250 and 71260,214,Custom Aggregate 71250 and 71260,quarter,2018-Q3,194448,227904788.0,85.31983979204509,84.94103105919547,85.69991946245312
Custom Aggregate 71250 and 71260,214,Custom Aggregate 71250 and 71260,quarter,2018-Q4,187695,226095567.0,83.01578066765015,82.64063710952338,83.39220535091656
Custom Aggregate 71250 and 71260,214,Custom Aggregate 71250 and 71260,quarter,2019-Q1,215686,225406912.0,95.68739400502501,95.28399063245793,96.09208234944214
Custom Aggregate 71250 and 71260,214,Custom Aggregate 71250 and 71260,quarter,2019-Q2,222742,224099443.0,99.39426757075876,98.98192014791815,99.80790744736788
Custom Aggregate 71250 and 71260,214,Custom Aggregate 71250 and 71260,quarter,2019-Q3,223341,225151016.0,99.19608801587643,98.78511442113218,99.60834802671731
Custom Aggregate 71250 and 71260,214,Custom Aggregate 71250 and 71260,quarter,2019-Q4,223677,223888589.0,99.90549362031129,99.49189160938911,100.320389300271
Custom Aggregate 71250 and 71260,214,Custom Aggregate 71250 and 71260,quarter,2020-Q1,163451,149176444.0,109.56890754146144,109.03836284911051,110.10139404776147
Custom Aggregate 71250 and 71260,214,Custom Aggregate 71250 and 71260,quarter,2020-Q2,86485,78055480.0,110.79939550688819,110.06216990561632,111.54033338643576
Custom Aggregate 71250 and 71260,214,Custom Aggregate 71250 and 71260,quarter,2020-Q3,255233,240451013.0,106.14760853596404,105.7361992178346,106.56022235935922
Custom Aggregate 71250 and 71260,214,Custom Aggregate 71250 and 71260,quarter,2020-Q4,257449,252197294.0,102.08237999571874,101.68843163346551,102.47747675917226
Custom Aggregate 71250 and 71260,214,Custom Aggregate 71250 and 71260,quarter,2021-Q1,277789,256211709.0,108.42166467887695,108.01884737134841,108.8256123659451
Custom Aggregate 71250 and 71260,214,Custom Aggregate 71250 and 71260,quarter,2021-Q2,305083,261559386.0,116.64005053139252,116.22652100266252,117.05468729611354
Custom Aggregate 71250 and 71260,214,Custom Aggregate 71250 and 71260,quarter,2021-Q3,298147,266799594.0,111.74942042827846,111.34865201238948,112.15127434063494
Custom Aggregate 71250 and 71260,214,Custom Aggregate 71250 and 71260,quarter,2021-Q4,274355,272358419.0,100.7330711520983,100.35648640966458,101.11071926402187
Custom Aggregate 71250 and 71260,214,Custom Aggregate 71250 and 71260,quarter,2022-Q1,276285,277314434.0,99.62878455868618,99.25763011211734,100.00098336841569
Custom Aggregate 71250 and 71260,214,Custom Aggregate 71250 and 71260,quarter,2022-Q2,293780,282016994.5,104.17102718254803,103.79467328923252,104.54840800456216
Custom Aggregate 71250 and 71260,214,Custom Aggregate 71250 and 71260,quarter,2022-Q3,286301,287178648.0,99.69438953553399,99.32953913036016,100.0602484198976
Custom Aggregate 71250 and 71260,214,Custom Aggregate 71250 and 71260,quarter,2022-Q4,285249,292152539.0,97.63700872714305,97.27902999666296,97.99597876862967
Custom Aggregate 71250 and 71260,214,Custom Aggregate 71250 and 71260,quarter,2023-Q1,339565,297686543.0,114.06797115447708,113.68462604502618,114.45228909500754
Custom Aggregate 71250 and 71260,214,Custom Aggregate 71250 and 71260,quarter,2023-Q2,343274,298365151.0,115.05164019641155,114.66708207922802,115.4371689289952
Custom Aggregate 71250 and 71260,214,Custom Aggregate 71250 and 71260,quarter,2023-Q3,318728,289816874.0,109.97565310845219,109.59418124808688,110.35812423474897
Custom Aggregate 71250 and 71260,214,Custom Aggregate 71250 and 71260,quarter,2023-Q4,296404,276383178.0,107.24386416889672,106.85812590275816,107.63065029382886
Custom Aggregate 71250 and 71260,214,Custom Aggregate 71250 and 71260,quarter,2024-Q1,307857,267644460.0,115.02461138183095,114.61864898488149,115.43165583803626
Custom Aggregate 71250 and 71260,214,Custom Aggregate 71250 and 71260,quarter,2024-Q2,296653,258952546.0,114.55882731502473,114.1469511605299,114.97182186156643
"Custom Aggregate 71250,71260 and 71270",217,"Custom Aggregate 71250,71260 and 71270",quarter,2018-Q1,202418,230550049.0,87.79785598744331,87.4157881156439,88.18118019529524
"Custom Aggregate 71250,71260 and 71270",217,"Custom Aggregate 71250,71260 and 71270",quarter,2018-Q2,203552,228935769.0,88.91227477869568,88.52643543365599,89.29937931585683
"Custom Aggregate 71250,71260 and 71270",217,"Custom Aggregate 71250,71260 and 71270",quarter,2018-Q3,195471,227904788.0,85.7687114498007,85.38890646623312,86.14978736837328
"Custom Aggregate 71250,71260 and 71270",217,"Custom Aggregate 71250,71260 and 71270",quarter,2018-Q4,188716,226095567.0,83.46735962319863,83.09119598036605,83.84480438846253
"Custom Aggregate 71250,71260 and 71270",217,"Custom Aggregate 71250,71260 and 71270",quarter,2019-Q1,216861,225406912.0,96.208673494449,95.80417165326224,96.61446030494778
"Custom Aggregate 71250,71260 and 71270",217,"Custom Aggregate 71250,71260 and 71270",quarter,2019-Q2,223922,224099443.0,99.92081952653491,99.50738019984458,100.33555130455063
"Custom Aggregate 71250,71260 and 71270",217,"Custom Aggregate 71250,71260 and 71270",quarter,2019-Q3,224342,225151016.0,99.64067850353382,99.22878401742736,100.05385940368113
"Custom Aggregate 71250,71260 and 71270",217,"Custom Aggregate 71250,71260 and 71270",quarter,2019-Q4,224449,223888589.0,100.25030797795596,99.83599209775261,100.66591752560471
"Custom Aggregate 71250,71260 and 71270",217,"Custom Aggregate 71250,71260 and 71270",quarter,2020-Q1,164247,149176444.0,110.10250385107719,109.57066731622832,110.63628219593573
"Custom Aggregate 71250,71260 and 71270",217,"Custom Aggregate 71250,71260 and 71270",quarter,2020-Q2,86811,78055480.0,111.21704715671468,110.4784311109512,111.95937547273799
"Custom Aggregate 71250,71260 and 71270",217,"Custom Aggregate 71250,71260 and 71270",quarter,2020-Q3,256176,240451013.0,106.53978821041606,106.12761885600442,106.95316206860812
"Custom Aggregate 71250,71260 and 71270",217,"Custom Aggregate 71250,71260 and 71270",quarter,2020-Q4,258426,252197294.0,102.46977511186144,102.07507924248462,102.86561938099034
"Custom Aggregate 71250,71260 and 71270",217,"Custom Aggregate 71250,71260 and 71270",quarter,2021-Q1,278740,256211709.0,108.79284209450397,108.38933522860897,109.19747933870018
"Custom Aggregate 71250,71260 and 71270",217,"Custom Aggregate 71250,71260 and 71270",quarter,2021-Q2,306059,261559386.0,117.0131971482759,116.59900610134308,117.42849543011789
"Custom Aggregate 71250,71260 and 71270",217,"Custom Aggregate 71250,71260 and 71270",quarter,2021-Q3,299108,266799594.0,112.10961587895069,111.70820152379322,112.51211572949472
"Custom Aggregate 71250,71260 and 71270",217,"Custom Aggregate 71250,71260 and 71270",quarter,2021-Q4,275410,272358419.0,101.12042837199756,100.7431195995949,101.49880051257377
"Custom Aggregate 71250,71260 and 71270",217,"Custom Aggregate 71250,71260 and 71270",quarter,2022-Q1,277295,277314434.0,99.99299207051013,99.62115921413861,100.36586928881741
"Custom Aggregate 71250,71260 and 71270",217,"Custom Aggregate 71250,71260 and 71270",quarter,2022-Q2,294727,282016994.5,104.50682254895105,104.12986201395556,104.88481001161482
"Custom Aggregate 71250,71260 and 71270",217,"Custom Aggregate 71250,71260 and 71270",quarter,2022-Q3,287154,287178648.0,99.99141718920552,99.62602318264149,100.35781967401188
"Custom Aggregate 71250,71260 and 71270",217,"Custom Aggregate 71250,71260 and 71270",quarter,2022-Q4,286151,292152539.0,97.9457515513839,97.58720676396793,98.30528764881632
"Custom Aggregate 71250,71260 and 71270",217,"Custom Aggregate 71250,71260 and 71270",quarter,2023-Q1,340839,297686543.0,114.49593809821627,114.11187393694246,114.88097508951336
"Custom Aggregate 71250,71260 and 71270",217,"Custom Aggregate 71250,71260 and 71270",quarter,2023-Q2,344461,298365151.0,115.44947486176092,115.0642518918957,115.83566844606001
"Custom Aggregate 71250,71260 and 71270",217,"Custom Aggregate 71250,71260 and 71270",quarter,2023-Q3,319805,289816874.0,110.34726708148816,109.96515070508462,110.73038272281424
"Custom Aggregate 71250,71260 and 71270",217,"Custom Aggregate 71250,71260 and 71270",quarter,2023-Q4,297194,276383178.0,107.52969922069569,107.14344678946502,107.91699950985425
"Custom Aggregate 71250,71260 and 71270",217,"Custom Aggregate 71250,71260 and 71270",quarter,2024-Q1,308653,267644460.0,115.32202086305092,114.91553351596392,115.72959026854271
"Custom Aggregate 71250,71260 and 71270",217,"Custom Aggregate 71250,71260 and 71270",quarter,2024-Q2,297442,258952546.0,114.8635163448055,114.45109233965434,115.27705874108182
"Custom Aggregate 71250,71260, 71270 and 71271",220,"Custom Aggregate 71250,71260, 71270 and 71271",quarter,2018-Q1,202418,230550049.0,87.79785598744331,87.4157881156439,88.18118019529524
"Custom Aggregate 71250,71260, 71270 and 71271",220,"Custom Aggregate 71250,71260, 71270 and 71271",quarter,2018-Q2,203552,228935769.0,88.91227477869568,88.52643543365599,89.29937931585683
"Custom Aggregate 71250,71260, 71270 and 71271",220,"Custom Aggregate 71250,71260, 71270 and 71271",quarter,2018-Q3,195471,227904788.0,85.7687114498007,85.38890646623312,86.14978736837328
"Custom Aggregate 71250,71260, 71270 and 71271",220,"Custom Aggregate 71250,71260, 71270 and 71271",quarter,2018-Q4,188716,226095567.0,83.46735962319863,83.09119598036605,83.84480438846253
"Custom Aggregate 71250,71260, 71270 and 71271",220,"Custom Aggregate 71250,71260, 71270 and 71271",quarter,2019-Q1,216861,225406912.0,96.208673494449,95.80417165326224,96.61446030494778
"Custom Aggregate 71250,71260, 71270 and 71271",220,"Custom Aggregate 71250,71260, 71270 and 71271",quarter,2019-Q2,223922,224099443.0,99.92081952653491,99.50738019984458,100.33555130455063
"Custom Aggregate 71250,71260, 71270 and 71271",220,"Custom Aggregate 71250,71260, 71270 and 71271",quarter,2019-Q3,224342,225151016.0,99.64067850353382,99.22878401742736,100.05385940368113
"Custom Aggregate 71250,71260, 71270 and 71271",220,"Custom Aggregate 71250,71260, 71270 and 71271",quarter,2019-Q4,224449,223888589.0,100.25030797795596,99.83599209775261,100.66591752560471
"Custom Aggregate 71250,71260, 71270 and 71271",220,"Custom Aggregate 71250,71260, 71270 and 71271",quarter,2020-Q1,164247,149176444.0,110.10250385107719,109.57066731622832,110.63628219593573
"Custom Aggregate 71250,71260, 71270 and 71271",220,"Custom Aggregate 71250,71260, 71270 and 71271",quarter,2020-Q2,86811,78055480.0,111.21704715671468,110.4784311109512,111.95937547273799
"Custom Aggregate 71250,71260, 71270 and 71271",220,"Custom Aggregate 71250,71260, 71270 and 71271",quarter,2020-Q3,256176,240451013.0,106.53978821041606,106.12761885600442,106.95316206860812
"Custom Aggregate 71250,71260, 71270 and 71271",220,"Custom Aggregate 71250,71260, 71270 and 71271",quarter,2020-Q4,258426,252197294.0,102.46977511186144,102.07507924248462,102.86561938099034
"Custom Aggregate 71250,71260, 71270 and 71271",220,"Custom Aggregate 71250,71260, 71270 and 71271",quarter,2021-Q1,291649,256211709.0,113.83125351230534,113.41850032268411,114.24513706402153
"Custom Aggregate 71250,71260, 71270 and 71271",220,"Custom Aggregate 71250,71260, 71270 and 71271",quarter,2021-Q2,322091,261559386.0,123.14258911740984,122.71767906979755,123.56860638286982
"Custom Aggregate 71250,71260, 71270 and 71271",220,"Custom Aggregate 71250,71260, 71270 and 71271",quarter,2021-Q3,315704,266799594.0,118.33001514987313,117.91760517077434,118.7435106064764
"Custom Aggregate 71250,71260, 71270 and 71271",220,"Custom Aggregate 71250,71260, 71270 and 71271",quarter,2021-Q4,291419,272358419.0,106.99834470694294,106.61021477218779,107.38753799078334
"Custom Aggregate 71250,71260, 71270 and 71271",220,"Custom Aggregate 71250,71260, 71270 and 71271",quarter,2022-Q1,294211,277314434.0,106.09292699131558,105.70991017489033,106.476988150109
"Custom Aggregate 71250,71260, 71270 and 71271",220,"Custom Aggregate 71250,71260, 71270 and 71271",quarter,2022-Q2,318030,282016994.5,112.76979976467341,112.37820721299362,113.1624192201373
"Custom Aggregate 71250,71260, 71270 and 71271",220,"Custom Aggregate 71250,71260, 71270 and 71271",quarter,2022-Q3,311376,287178648.0,108.42588826450634,108.0453817314576,108.80740325054023
"Custom Aggregate 71250,71260, 71270 and 71271",220,"Custom Aggregate 71250,71260, 71270 and 71271",quarter,2022-Q4,312692,292152539.0,107.03038935424073,106.65557068855381,107.40619930275567
"Custom Aggregate 71250,71260, 71270 and 71271",220,"Custom Aggregate 71250,71260, 71270 and 71271",quarter,2023-Q1,375348,297686543.0,126.08833312293865,125.68527920919149,126.49235984017552
"Custom Aggregate 71250,71260, 71270 and 71271",220,"Custom Aggregate 71250,71260, 71270 and 71271",quarter,2023-Q2,383488,298365151.0,128.52975580918297,128.12327808952534,128.93720411404783
"Custom Aggregate 71250,71260, 71270 and 71271",220,"Custom Aggregate 71250,71260, 71270 and 71271",quarter,2023-Q3,355650,289816874.0,122.71542201507565,122.31244186047742,123.1194014036792
"Custom Aggregate 71250,71260, 71270 and 71271",220,"Custom Aggregate 71250,71260, 71270 and 71271",quarter,2023-Q4,333951,276383178.0,120.82898909281666,120.4195263241661,121.23949968257585
"Custom Aggregate 71250,71260, 71270 and 71271",220,"Custom Aggregate 71250,71260, 71270 and 71271",quarter,2024-Q1,345225,267644460.0,128.98641727910228,128.55650138675153,129.41741519398903
"Custom Aggregate 71250,71260, 71270 and 71271",220,"Custom Aggregate 71250,71260, 71270 and 71271",quarter,2024-Q2,336866,258952546.0,130.0879273841934,129.64899802361091,130.5279750940546
HCPCS 93000 - ECG (78 months of data),224,HCPCS 93000 - ECG (78 months of data),quarter,2018-Q1,544800,230550049.0,236.30443904178048,235.67736774992744,236.93276630097822
HCPCS 93000 - ECG (78 months of data),224,HCPCS 93000 - ECG (78 months of data),quarter,2018-Q2,559138,228935769.0,244.23356928554054,243.59381513279476,244.8745882542712
HCPCS 93000 - ECG (78 months of data),224,HCPCS 93000 - ECG (78 months of data),quarter,2018-Q3,521795,227904788.0,228.95306613742576,228.33226302185432,229.57513981088917
HCPCS 93000 - ECG (78 months of data),224,HCPCS 93000 - ECG (78 months of data),quarter,2018-Q4,494108,226095567.0,218.53944619798762,217.9305149832947,219.14965815417634
HCPCS 93000 - ECG (78 months of data),224,HCPCS 93000 - ECG (78 months of data),quarter,2019-Q1,586878,225406912.0,260.36379931419316,259.6980960781566,261.0307871536339
HCPCS 93000 - ECG (78 months of data),224,HCPCS 93000 - ECG (78 months of data),quarter,2019-Q2,603552,224099443.0,269.32329323103227,268.6442547800946,270.00362377223064
HCPCS 93000 - ECG (78 months of data),224,HCPCS 93000 - ECG (78 months of data),quarter,2019-Q3,598289,225151016.0,265.727870399661,265.05495849959584,266.4020683577076
HCPCS 93000 - ECG (78 months of data),224,HCPCS 93000 - ECG (78 months of data),quarter,2019-Q4,560236,223888589.0,250.2298140795376,249.5749953633341,250.88592612423543
HCPCS 93000 - ECG (78 months of data),224,HCPCS 93000 - ECG (78 months of data),quarter,2020-Q1,561680,223452397.0,251.3644997954531,250.70755729311315,252.022738150186
HCPCS 93000 - ECG (78 months of data),224,HCPCS 93000 - ECG (78 months of data),quarter,2020-Q2,295933,231340007.0,127.92123759207804,127.46076058757716,128.3829664798582
HCPCS 93000 - ECG (78 months of data),224,HCPCS 93000 - ECG (78 months of data),quarter,2020-Q3,577998,240451013.0,240.38077144636526,239.7614609500687,241.00128617740984
HCPCS 93000 - ECG (78 months of data),224,HCPCS 93000 - ECG (78 months of data),quarter,2020-Q4,548335,252197294.0,217.4230307165786,216.84792581572512,217.9992837776672
HCPCS 93000 - ECG (78 months of data),224,HCPCS 93000 - ECG (78 months of data),quarter,2021-Q1,650399,256211709.0,253.85217659978218,253.23561186920057,254.46987145857975
HCPCS 93000 - ECG (78 months of data),224,HCPCS 93000 - ECG (78 months of data),quarter,2021-Q2,696334,261559386.0,266.2240536074664,265.5991184623202,266.85009575936573
HCPCS 93000 - ECG (78 months of data),224,HCPCS 93000 - ECG (78 months of data),quarter,2021-Q3,691671,266799594.0,259.2473960061573,258.636791183736,259.8590860941046
HCPCS 93000 - ECG (78 months of data),224,HCPCS 93000 - ECG (78 months of data),quarter,2021-Q4,654155,272358419.0,240.18167031583482,239.59998513986866,240.76441861932764
HCPCS 93000 - ECG (78 months of data),224,HCPCS 93000 - ECG (78 months of data),quarter,2022-Q1,742890,277314434.0,267.8872459988866,267.2784185062466,268.4971175924927
HCPCS 93000 - ECG (78 months of data),224,HCPCS 93000 - ECG (78 months of data),quarter,2022-Q2,751296,282016994.5,266.4009668396065,265.79891193330667,267.00404843449775
HCPCS 93000 - ECG (78 months of data),224,HCPCS 93000 - ECG (78 months of data),quarter,2022-Q3,742318,287178648.0,258.4864874773002,257.89879892711787,259.0751842650875
HCPCS 93000 - ECG (78 months of data),224,HCPCS 93000 - ECG (78 months of data),quarter,2022-Q4,690309,292152539.0,236.28375860187202,235.72669156040823,236.84181673011133
HCPCS 93000 - ECG (78 months of data),224,HCPCS 93000 - ECG (78 months of data),quarter,2023-Q1,866948,297686543.0,291.22848190017106,290.6157649323332,291.84217148779646
HCPCS 93000 - ECG (78 months of data),224,HCPCS 93000 - ECG (78 months of data),quarter,2023-Q2,853284,298365151.0,285.98648238245494,285.37999818252723,286.5939369928354
HCPCS 93000 - ECG (78 months of data),224,HCPCS 93000 - ECG (78 months of data),quarter,2023-Q3,776901,289816874.0,268.0661720200598,267.470415174409,268.66292791641695
HCPCS 93000 - ECG (78 months of data),224,HCPCS 93000 - ECG (78 months of data),quarter,2023-Q4,707904,276383178.0,256.13136266925767,255.5350499118569,256.72872305569797
HCPCS 93000 - ECG (78 months of data),224,HCPCS 93000 - ECG (78 months of data),quarter,2024-Q1,750291,267644460.0,280.3312274799187,279.6972668482462,280.96626993374616
HCPCS 93000 - ECG (78 months of data),224,HCPCS 93000 - ECG (78 months of data),quarter,2024-Q2,711772,258952546.0,274.865804949452,274.2276157241872,275.50511232061257
HCPCS 93303 – complete transthoracic echocardiogram (TTE) for congenital cardiac anomalies (78 months of data),226,HCPCS 93303 – complete transthoracic echocardiogram (TTE) for congenital cardiac anomalies (78 months of data),quarter,2018-Q1,74071,230550049.0,32.127948062158076,31.896989196492314,32.360163880405224
HCPCS 93303 – complete transthoracic echocardiogram (TTE) for congenital cardiac anomalies (78 months of data),226,HCPCS 93303 – complete transthoracic echocardiogram (TTE) for congenital cardiac anomalies (78 months of data),quarter,2018-Q2,74111,228935769.0,32.37196193662511,32.13931162105491,32.60587806742119
HCPCS 93303 – complete transthoracic echocardiogram (TTE) for congenital cardiac anomalies (78 months of data),226,HCPCS 93303 – complete transthoracic echocardiogram (TTE) for congenital cardiac anomalies (78 months of data),quarter,2018-Q3,74811,227904788.0,32.825549939740625,32.590744113556944,33.06162729996409
HCPCS 93303 – complete transthoracic echocardiogram (TTE) for congenital cardiac anomalies (78 months of data),226,HCPCS 93303 – complete transthoracic echocardiogram (TTE) for congenital cardiac anomalies (78 months of data),quarter,2018-Q4,72595,226095567.0,32.10810409210721,31.874957411888673,32.342532505185076
HCPCS 93303 – complete transthoracic echocardiogram (TTE) for congenital cardiac anomalies (78 months of data),226,HCPCS 93303 – complete transthoracic echocardiogram (TTE) for congenital cardiac anomalies (78 months of data),quarter,2019-Q1,84637,225406912.0,37.54853799691821,37.29599313216499,37.80236839136086
HCPCS 93303 – complete transthoracic echocardiogram (TTE) for congenital cardiac anomalies (78 months of data),226,HCPCS 93303 – complete transthoracic echocardiogram (TTE) for congenital cardiac anomalies (78 months of data),quarter,2019-Q2,87317,224099443.0,38.96350603602348,38.705490738286876,39.22281434042235
HCPCS 93303 – complete transthoracic echocardiogram (TTE) for congenital cardiac anomalies (78 months of data),226,HCPCS 93303 – complete transthoracic echocardiogram (TTE) for congenital cardiac anomalies (78 months of data),quarter,2019-Q3,89005,225151016.0,39.53124510883842,39.27196039844648,39.79181677285399
HCPCS 93303 – complete transthoracic echocardiogram (TTE) for congenital cardiac anomalies (78 months of data),226,HCPCS 93303 – complete transthoracic echocardiogram (TTE) for congenital cardiac anomalies (78 months of data),quarter,2019-Q4,86570,223888589.0,38.66655303276756,38.4094036340848,38.92499666221269
HCPCS 93303 – complete transthoracic echocardiogram (TTE) for congenital cardiac anomalies (78 months of data),226,HCPCS 93303 – complete transthoracic echocardiogram (TTE) for congenital cardiac anomalies (78 months of data),quarter,2020-Q1,83922,223452397.0,37.55699250789419,37.30331879814785,37.811962998127115
HCPCS 93303 – complete transthoracic echocardiogram (TTE) for congenital cardiac anomalies (78 months of data),226,HCPCS 93303 – complete transthoracic echocardiogram (TTE) for congenital cardiac anomalies (78 months of data),quarter,2020-Q2,64551,231340007.0,27.903085522081792,27.688242422359032,28.119181392974184
HCPCS 93303 – complete transthoracic echocardiogram (TTE) for congenital cardiac anomalies (78 months of data),226,HCPCS 93303 – complete transthoracic echocardiogram (TTE) for congenital cardiac anomalies (78 months of data),quarter,2020-Q3,96125,240451013.0,39.9769578013797,39.72463191327879,40.23048870219533
HCPCS 93303 – complete transthoracic echocardiogram (TTE) for congenital cardiac anomalies (78 months of data),226,HCPCS 93303 – complete transthoracic echocardiogram (TTE) for congenital cardiac anomalies (78 months of data),quarter,2020-Q4,99832,252197294.0,39.58488150947409,39.339705806231066,39.83120607757873
HCPCS 93303 – complete transthoracic echocardiogram (TTE) for congenital cardiac anomalies (78 months of data),226,HCPCS 93303 – complete transthoracic echocardiogram (TTE) for congenital cardiac anomalies (78 months of data),quarter,2021-Q1,113754,256211709.0,44.39843926102534,44.140801561104375,44.657207748560644
HCPCS 93303 – complete transthoracic echocardiogram (TTE) for congenital cardiac anomalies (78 months of data),226,HCPCS 93303 – complete transthoracic echocardiogram (TTE) for congenital cardiac anomalies (78 months of data),quarter,2021-Q2,111025,261559386.0,42.44733928225386,42.198019057635854,42.69776718867965
HCPCS 93303 – complete transthoracic echocardiogram (TTE) for congenital cardiac anomalies (78 months of data),226,HCPCS 93303 – complete transthoracic echocardiogram (TTE) for congenital cardiac anomalies (78 months of data),quarter,2021-Q3,115955,266799594.0,43.461460439853596,43.21166151042405,43.712345271455206
HCPCS 93303 – complete transthoracic echocardiogram (TTE) for congenital cardiac anomalies (78 months of data),226,HCPCS 93303 – complete transthoracic echocardiogram (TTE) for congenital cardiac anomalies (78 months of data),quarter,2021-Q4,109777,272358419.0,40.30607917429569,40.06799598967725,40.54522612716574
HCPCS 93303 – complete transthoracic echocardiogram (TTE) for congenital cardiac anomalies (78 months of data),226,HCPCS 93303 – complete transthoracic echocardiogram (TTE) for congenital cardiac anomalies (78 months of data),quarter,2022-Q1,116195,277314434.0,41.900090927109844,41.65951460525012,42.14171197627541
HCPCS 93303 – complete transthoracic echocardiogram (TTE) for congenital cardiac anomalies (78 months of data),226,HCPCS 93303 – complete transthoracic echocardiogram (TTE) for congenital cardiac anomalies (78 months of data),quarter,2022-Q2,113084,282016994.5,40.09829272895113,39.86492086019434,40.33269191837157
HCPCS 93303 – complete transthoracic echocardiogram (TTE) for congenital cardiac anomalies (78 months of data),226,HCPCS 93303 – complete transthoracic echocardiogram (TTE) for congenital cardiac anomalies (78 months of data),quarter,2022-Q3,115415,287178648.0,40.189269224500286,39.95773855122546,40.42180874342766
HCPCS 93303 – complete transthoracic echocardiogram (TTE) for congenital cardiac anomalies (78 months of data),226,HCPCS 93303 – complete transthoracic echocardiogram (TTE) for congenital cardiac anomalies (78 months of data),quarter,2022-Q4,108161,292152539.0,37.02209824026208,36.801787939214066,37.24340024393118
HCPCS 93303 – complete transthoracic echocardiogram (TTE) for congenital cardiac anomalies (78 months of data),226,HCPCS 93303 – complete transthoracic echocardiogram (TTE) for congenital cardiac anomalies (78 months of data),quarter,2023-Q1,126395,297686543.0,42.459090937140544,42.225334915619435,42.69382015054309
HCPCS 93303 – complete transthoracic echocardiogram (TTE) for congenital cardiac anomalies (78 months of data),226,HCPCS 93303 – complete transthoracic echocardiogram (TTE) for congenital cardiac anomalies (78 months of data),quarter,2023-Q2,120369,298365151.0,40.342848216881734,40.11525901059244,40.57140842442914
HCPCS 93303 – complete transthoracic echocardiogram (TTE) for congenital cardiac anomalies (78 months of data),226,HCPCS 93303 – complete transthoracic echocardiogram (TTE) for congenital cardiac anomalies (78 months of data),quarter,2023-Q3,118025,289816874.0,40.72399179904204,40.49198550019345,40.95699774888344
HCPCS 93303 – complete transthoracic echocardiogram (TTE) for congenital cardiac anomalies (78 months of data),226,HCPCS 93303 – complete transthoracic echocardiogram (TTE) for congenital cardiac anomalies (78 months of data),quarter,2023-Q4,113133,276383178.0,40.933388500221966,40.69520790078009,41.17261736108476
HCPCS 93303 – complete transthoracic echocardiogram (TTE) for congenital cardiac anomalies (78 months of data),226,HCPCS 93303 – complete transthoracic echocardiogram (TTE) for congenital cardiac anomalies (78 months of data),quarter,2024-Q1,118547,267644460.0,44.29271579168872,44.040933713041966,44.54558033285913
HCPCS 93303 – complete transthoracic echocardiogram (TTE) for congenital cardiac anomalies (78 months of data),226,HCPCS 93303 – complete transthoracic echocardiogram (TTE) for congenital cardiac anomalies (78 months of data),quarter,2024-Q2,112548,258952546.0,43.46278951047656,43.209235537245235,43.71746230869323
HCPCS 93304 - TTE (75 months of data),228,HCPCS 93304 - TTE (75 months of data),quarter,2018-Q1,15715,230550049.0,6.816307378013179,6.710147543003481,6.923725991548331
HCPCS 93304 - TTE (75 months of data),228,HCPCS 93304 - TTE (75 months of data),quarter,2018-Q2,14653,228935769.0,6.400485194604955,6.2972666181943735,6.504971546783536
HCPCS 93304 - TTE (75 months of data),228,HCPCS 93304 - TTE (75 months of data),quarter,2018-Q3,14866,227904788.0,6.522899378489583,6.418459968401664,6.628612273947133
HCPCS 93304 - TTE (75 months of data),228,HCPCS 93304 - TTE (75 months of data),quarter,2018-Q4,14580,226095567.0,6.448600560133937,6.344347072685586,6.554137758022386
HCPCS 93304 - TTE (75 months of data),228,HCPCS 93304 - TTE (75 months of data),quarter,2019-Q1,17439,225406912.0,7.736674907289444,7.6222693062796605,7.852367833025931
HCPCS 93304 - TTE (75 months of data),228,HCPCS 93304 - TTE (75 months of data),quarter,2019-Q2,16783,224099443.0,7.489085994738505,7.3762060505760685,7.603260838257558
HCPCS 93304 - TTE (75 months of data),228,HCPCS 93304 - TTE (75 months of data),quarter,2019-Q3,17705,225151016.0,7.863610973001339,7.748201929310296,7.980308779731267
HCPCS 93304 - TTE (75 months of data),228,HCPCS 93304 - TTE (75 months of data),quarter,2019-Q4,17250,223888589.0,7.7047249603239045,7.5901716670336485,7.820574326532871
HCPCS 93304 - TTE (75 months of data),228,HCPCS 93304 - TTE (75 months of data),quarter,2020-Q1,12862,149176444.0,8.622004691303676,8.473635196061865,8.772320161460314
HCPCS 93304 - TTE (75 months of data),228,HCPCS 93304 - TTE (75 months of data),quarter,2020-Q2,6760,78055480.0,8.6605066037644,8.455271206978752,8.869465255576127
HCPCS 93304 - TTE (75 months of data),228,HCPCS 93304 - TTE (75 months of data),quarter,2020-Q3,19780,240451013.0,8.226207805579094,8.111962629617198,8.34165957528758
HCPCS 93304 - TTE (75 months of data),228,HCPCS 93304 - TTE (75 months of data),quarter,2020-Q4,19528,252197294.0,7.743144143330896,7.634918508128624,7.85252019199141
HCPCS 93304 - TTE (75 months of data),228,HCPCS 93304 - TTE (75 months of data),quarter,2021-Q1,21341,256211709.0,8.32943977591594,8.218057602185262,8.441954219413498
HCPCS 93304 - TTE (75 months of data),228,HCPCS 93304 - TTE (75 months of data),quarter,2021-Q2,20386,261559386.0,7.794023495681397,7.687395923749218,7.901760246982412
HCPCS 93304 - TTE (75 months of data),228,HCPCS 93304 - TTE (75 months of data),quarter,2021-Q3,21339,266799594.0,7.998138108111213,7.891181141032023,8.106182411190613
HCPCS 93304 - TTE (75 months of data),228,HCPCS 93304 - TTE (75 months of data),quarter,2021-Q4,20087,272358419.0,7.375208034233742,7.273564539240186,7.477916748195472
HCPCS 93304 - TTE (75 months of data),228,HCPCS 93304 - TTE (75 months of data),quarter,2022-Q1,22344,277314434.0,8.057279845736412,7.951975069791048,8.163630674595684
HCPCS 93304 - TTE (75 months of data),228,HCPCS 93304 - TTE (75 months of data),quarter,2022-Q2,19495,282016994.5,6.912703978908619,6.816003918763035,7.010432813060383
HCPCS 93304 - TTE (75 months of data),228,HCPCS 93304 - TTE (75 months of data),quarter,2022-Q3,21063,287178648.0,7.33445893233678,7.235738796946699,7.43418925834501
HCPCS 93304 - TTE (75 months of data),228,HCPCS 93304 - TTE (75 months of data),quarter,2022-Q4,19513,292152539.0,6.679045154558796,6.585656641765758,6.773426749359921
HCPCS 93304 - TTE (75 months of data),228,HCPCS 93304 - TTE (75 months of data),quarter,2023-Q1,23288,297686543.0,7.822993866403964,7.722838116254668,7.924124038066381
HCPCS 93304 - TTE (75 months of data),228,HCPCS 93304 - TTE (75 months of data),quarter,2023-Q2,22067,298365151.0,7.395970985901099,7.298706387374684,7.4942078483295305
HCPCS 93304 - TTE (75 months of data),228,HCPCS 93304 - TTE (75 months of data),quarter,2023-Q3,22189,289816874.0,7.656213971861417,7.555803188317744,7.7576256904068375
HCPCS 93304 - TTE (75 months of data),228,HCPCS 93304 - TTE (75 months of data),quarter,2023-Q4,18869,276383178.0,6.827115939740732,6.730047430830629,6.925234234963915
HCPCS 93304 - TTE (75 months of data),228,HCPCS 93304 - TTE (75 months of data),quarter,2024-Q1,20622,267644460.0,7.704997891605902,7.60019109741669,7.81088863254944
HCPCS 93304 - TTE (75 months of data),228,HCPCS 93304 - TTE (75 months of data),quarter,2024-Q2,19517,258952546.0,7.536902147314667,7.431529569984793,7.643395128219749
HCPCS 93307 - TTE (75 months of data),231,HCPCS 93307 - TTE (75 months of data),quarter,2018-Q1,2535,230550049.0,1.0995443336470512,1.0571538585482816,1.1431986188335428
HCPCS 93307 - TTE (75 months of data),231,HCPCS 93307 - TTE (75 months of data),quarter,2018-Q2,2380,228935769.0,1.0395928999631334,0.9982421437731132,1.0822166485618872
HCPCS 93307 - TTE (75 months of data),231,HCPCS 93307 - TTE (75 months of data),quarter,2018-Q3,2567,227904788.0,1.1263475517679777,1.0831926126201263,1.1707809167870424
HCPCS 93307 - TTE (75 months of data),231,HCPCS 93307 - TTE (75 months of data),quarter,2018-Q4,2834,226095567.0,1.2534522625116307,1.2077242699880084,1.3004685002223897
HCPCS 93307 - TTE (75 months of data),231,HCPCS 93307 - TTE (75 months of data),quarter,2019-Q1,2796,225406912.0,1.2404233637697855,1.1948670593394095,1.287271904197274
HCPCS 93307 - TTE (75 months of data),231,HCPCS 93307 - TTE (75 months of data),quarter,2019-Q2,3274,224099443.0,1.4609585620433692,1.41133916034112,1.5118771148252013
HCPCS 93307 - TTE (75 months of data),231,HCPCS 93307 - TTE (75 months of data),quarter,2019-Q3,2665,225151016.0,1.1836499996073746,1.139133206033206,1.2294606966581474
HCPCS 93307 - TTE (75 months of data),231,HCPCS 93307 - TTE (75 months of data),quarter,2019-Q4,3274,223888589.0,1.4623344649333603,1.41266833262562,1.5133009718363748
HCPCS 93307 - TTE (75 months of data),231,HCPCS 93307 - TTE (75 months of data),quarter,2020-Q1,2229,149176444.0,1.4942037363486154,1.4328109222986671,1.5575506123932823
HCPCS 93307 - TTE (75 months of data),231,HCPCS 93307 - TTE (75 months of data),quarter,2020-Q2,874,78055480.0,1.119716386344687,1.0467035917792324,1.1964794522594198
HCPCS 93307 - TTE (75 months of data),231,HCPCS 93307 - TTE (75 months of data),quarter,2020-Q3,2208,240451013.0,0.9182743596925499,0.8803678140960893,0.9573932512187908
HCPCS 93307 - TTE (75 months of data),231,HCPCS 93307 - TTE (75 months of data),quarter,2020-Q4,1615,252197294.0,0.6403716607680969,0.6095173225523065,0.6723832693761084
HCPCS 93307 - TTE (75 months of data),231,HCPCS 93307 - TTE (75 months of data),quarter,2021-Q1,1567,256211709.0,0.6116035860016061,0.5816930057090606,0.6426534477880426
HCPCS 93307 - TTE (75 months of data),231,HCPCS 93307 - TTE (75 months of data),quarter,2021-Q2,1990,261559386.0,0.7608214831946424,0.7277575289674697,0.7950003672851367
HCPCS 93307 - TTE (75 months of data),231,HCPCS 93307 - TTE (75 months of data),quarter,2021-Q3,1768,266799594.0,0.6626696740775401,0.6321371829100818,0.694295695097571
HCPCS 93307 - TTE (75 months of data),231,HCPCS 93307 - TTE (75 months of data),quarter,2021-Q4,1541,272358419.0,0.5657985553220589,0.5378985474859258,0.5947703783922221
HCPCS 93307 - TTE (75 months of data),231,HCPCS 93307 - TTE (75 months of data),quarter,2022-Q1,1616,277314434.0,0.5827320189182796,0.5546634514180718,0.6118530369092927
HCPCS 93307 - TTE (75 months of data),231,HCPCS 93307 - TTE (75 months of data),quarter,2022-Q2,1431,282016994.5,0.5074162294854184,0.4814635502701957,0.5344043475953268
HCPCS 93307 - TTE (75 months of data),231,HCPCS 93307 - TTE (75 months of data),quarter,2022-Q3,990,287178648.0,0.3447331502166554,0.32359081280165586,0.3668941250245392
HCPCS 93307 - TTE (75 months of data),231,HCPCS 93307 - TTE (75 months of data),quarter,2022-Q4,916,292152539.0,0.31353484146855215,0.2935567453697456,0.33451465092072835
HCPCS 93307 - TTE (75 months of data),231,HCPCS 93307 - TTE (75 months of data),quarter,2023-Q1,1354,297686543.0,0.4548408491545417,0.4309336522713095,0.4797292238852259
HCPCS 93307 - TTE (75 months of data),231,HCPCS 93307 - TTE (75 months of data),quarter,2023-Q2,1445,298365151.0,0.484305889999868,0.4596539536785894,0.5099364891456709
HCPCS 93307 - TTE (75 months of data),231,HCPCS 93307 - TTE (75 months of data),quarter,2023-Q3,1320,289816874.0,0.45546002266244856,0.4312180959794458,0.4807098866926062
HCPCS 93307 - TTE (75 months of data),231,HCPCS 93307 - TTE (75 months of data),quarter,2023-Q4,1045,276383178.0,0.37809826472145136,0.3555186377555627,0.4017360190466738
HCPCS 93307 - TTE (75 months of data),231,HCPCS 93307 - TTE (75 months of data),quarter,2024-Q1,1078,267644460.0,0.4027731416521755,0.37908537487596267,0.42755341100142913
HCPCS 93307 - TTE (75 months of data),231,HCPCS 93307 - TTE (75 months of data),quarter,2024-Q2,1276,258952546.0,0.49275437515875975,0.4660853037571778,0.5205516957081855
HCPCS 93308 - TTE (75 months of data),234,HCPCS 93308 - TTE (75 months of data),quarter,2018-Q1,12882,230550049.0,5.58750694518395,5.491430153217232,5.68484286916905
HCPCS 93308 - TTE (75 months of data),234,HCPCS 93308 - TTE (75 months of data),quarter,2018-Q2,12728,228935769.0,5.559637996105361,5.463466303563396,5.657077721792839
HCPCS 93308 - TTE (75 months of data),234,HCPCS 93308 - TTE (75 months of data),quarter,2018-Q3,13184,227904788.0,5.784871882551235,5.686542418436725,5.884475049729626
HCPCS 93308 - TTE (75 months of data),234,HCPCS 93308 - TTE (75 months of data),quarter,2018-Q4,12138,226095567.0,5.368526309938664,5.2734401448879975,5.464896529139604
HCPCS 93308 - TTE (75 months of data),234,HCPCS 93308 - TTE (75 months of data),quarter,2019-Q1,14537,225406912.0,6.449225478941834,6.344808420091796,6.554930175486253
HCPCS 93308 - TTE (75 months of data),234,HCPCS 93308 - TTE (75 months of data),quarter,2019-Q2,15431,224099443.0,6.885782397950895,6.777562011753576,6.995297827953825
HCPCS 93308 - TTE (75 months of data),234,HCPCS 93308 - TTE (75 months of data),quarter,2019-Q3,15533,225151016.0,6.898925119662795,6.79085337186385,7.008285851238273
HCPCS 93308 - TTE (75 months of data),234,HCPCS 93308 - TTE (75 months of data),quarter,2019-Q4,14953,223888589.0,6.678768251114397,6.572143494675032,6.786689326755548
HCPCS 93308 - TTE (75 months of data),234,HCPCS 93308 - TTE (75 months of data),quarter,2020-Q1,11226,149176444.0,7.5253167986763385,7.386746032904828,7.665833946039034
HCPCS 93308 - TTE (75 months of data),234,HCPCS 93308 - TTE (75 months of data),quarter,2020-Q2,6334,78055480.0,8.114740950923625,7.916116542216613,8.317089118030708
HCPCS 93308 - TTE (75 months of data),234,HCPCS 93308 - TTE (75 months of data),quarter,2020-Q3,19869,240451013.0,8.263221581852932,8.148718784124243,8.378930966843651
HCPCS 93308 - TTE (75 months of data),234,HCPCS 93308 - TTE (75 months of data),quarter,2020-Q4,21517,252197294.0,8.531812399224236,8.418190082801878,8.64658499772745
HCPCS 93308 - TTE (75 months of data),234,HCPCS 93308 - TTE (75 months of data),quarter,2021-Q1,24869,256211709.0,9.70642602442498,9.586159749788115,9.827824376369188
HCPCS 93308 - TTE (75 months of data),234,HCPCS 93308 - TTE (75 months of data),quarter,2021-Q2,24941,261559386.0,9.535501815255063,9.417523490436444,9.654589068222089
HCPCS 93308 - TTE (75 months of data),234,HCPCS 93308 - TTE (75 months of data),quarter,2021-Q3,25207,266799594.0,9.447915426737868,9.331637283634606,9.565280705261058
HCPCS 93308 - TTE (75 months of data),234,HCPCS 93308 - TTE (75 months of data),quarter,2021-Q4,25409,272358419.0,9.329250806085785,9.214889015511279,9.44467753467705
HCPCS 93308 - TTE (75 months of data),234,HCPCS 93308 - TTE (75 months of data),quarter,2022-Q1,25781,277314434.0,9.296667190428321,9.183527508620738,9.410852762226726
HCPCS 93308 - TTE (75 months of data),234,HCPCS 93308 - TTE (75 months of data),quarter,2022-Q2,22468,282016994.5,7.966895768049184,7.863059059959545,8.071761079979028
HCPCS 93308 - TTE (75 months of data),234,HCPCS 93308 - TTE (75 months of data),quarter,2022-Q3,22890,287178648.0,7.970648291372972,7.867721656717066,8.074585021041974
HCPCS 93308 - TTE (75 months of data),234,HCPCS 93308 - TTE (75 months of data),quarter,2022-Q4,22446,292152539.0,7.682972763758867,7.582787670194885,7.784150777268904
HCPCS 93308 - TTE (75 months of data),234,HCPCS 93308 - TTE (75 months of data),quarter,2023-Q1,27108,297686543.0,9.106222849986201,8.998139288387026,9.21528067561475
HCPCS 93308 - TTE (75 months of data),234,HCPCS 93308 - TTE (75 months of data),quarter,2023-Q2,26410,298365151.0,8.851569934184438,8.745133726040057,8.958978216616604
HCPCS 93308 - TTE (75 months of data),234,HCPCS 93308 - TTE (75 months of data),quarter,2023-Q3,24365,289816874.0,8.40703291831103,8.301798103140115,8.51326856493974
HCPCS 93308 - TTE (75 months of data),234,HCPCS 93308 - TTE (75 months of data),quarter,2023-Q4,22819,276383178.0,8.256291198735692,8.149510796439346,8.364121153784657
HCPCS 93308 - TTE (75 months of data),234,HCPCS 93308 - TTE (75 months of data),quarter,2024-Q1,23504,267644460.0,8.781799556022943,8.669884634491513,8.894798263183747
HCPCS 93308 - TTE (75 months of data),234,HCPCS 93308 - TTE (75 months of data),quarter,2024-Q2,22638,258952546.0,8.742142276523513,8.628628617509507,8.856776145835514
"Custom Aggregate 93303, 93304, 93306, 93307 and 93308",237,"Custom Aggregate 93303, 93304, 93306, 93307 and 93308",quarter,2018-Q1,725817,230550049.0,314.81971187956674,314.09585955518304,315.5448200943689
"Custom Aggregate 93303, 93304, 93306, 93307 and 93308",237,"Custom Aggregate 93303, 93304, 93306, 93307 and 93308",quarter,2018-Q2,737747,228935769.0,322.25064839037884,321.5157222416839,322.98683928099354
"Custom Aggregate 93303, 93304, 93306, 93307 and 93308",237,"Custom Aggregate 93303, 93304, 93306, 93307 and 93308",quarter,2018-Q3,710270,227904788.0,311.65207463741393,310.927710023232,312.37770972446197
"Custom Aggregate 93303, 93304, 93306, 93307 and 93308",237,"Custom Aggregate 93303, 93304, 93306, 93307 and 93308",quarter,2018-Q4,683462,226095567.0,302.28898738204805,301.57274628378025,303.00650912951585
"Custom Aggregate 93303, 93304, 93306, 93307 and 93308",237,"Custom Aggregate 93303, 93304, 93306, 93307 and 93308",quarter,2019-Q1,796949,225406912.0,353.56014282294944,352.78432291173334,354.3372472570899
"Custom Aggregate 93303, 93304, 93306, 93307 and 93308",237,"Custom Aggregate 93303, 93304, 93306, 93307 and 93308",quarter,2019-Q2,822026,224099443.0,366.8130491515769,366.0205140562949,367.6068762565802
"Custom Aggregate 93303, 93304, 93306, 93307 and 93308",237,"Custom Aggregate 93303, 93304, 93306, 93307 and 93308",quarter,2019-Q3,808518,225151016.0,359.10031158820084,358.3179896467757,359.88391950897875
"Custom Aggregate 93303, 93304, 93306, 93307 and 93308",237,"Custom Aggregate 93303, 93304, 93306, 93307 and 93308",quarter,2019-Q4,787967,223888589.0,351.9460297282056,351.1693649614317,352.723987731811
"Custom Aggregate 93303, 93304, 93306, 93307 and 93308",237,"Custom Aggregate 93303, 93304, 93306, 93307 and 93308",quarter,2020-Q1,574202,149176444.0,384.9146585100259,383.9197043507236,385.91155372572086
"Custom Aggregate 93303, 93304, 93306, 93307 and 93308",237,"Custom Aggregate 93303, 93304, 93306, 93307 and 93308",quarter,2020-Q2,261472,78055480.0,334.9822459614623,333.69948270206686,336.26871968659793
"Custom Aggregate 93303, 93304, 93306, 93307 and 93308",237,"Custom Aggregate 93303, 93304, 93306, 93307 and 93308",quarter,2020-Q3,842680,240451013.0,350.4580785442563,349.71021202302285,351.20714920816687
"Custom Aggregate 93303, 93304, 93306, 93307 and 93308",237,"Custom Aggregate 93303, 93304, 93306, 93307 and 93308",quarter,2020-Q4,839333,252197294.0,332.8080911129839,332.0964752329615,333.52085505266433
"Custom Aggregate 93303, 93304, 93306, 93307 and 93308",237,"Custom Aggregate 93303, 93304, 93306, 93307 and 93308",quarter,2021-Q1,950268,256211709.0,370.8917143985796,370.14637036054296,371.6381884829545
"Custom Aggregate 93303, 93304, 93306, 93307 and 93308",237,"Custom Aggregate 93303, 93304, 93306, 93307 and 93308",quarter,2021-Q2,1024055,261559386.0,391.5191175743164,390.761182608262,392.27815946839786
"Custom Aggregate 93303, 93304, 93306, 93307 and 93308",237,"Custom Aggregate 93303, 93304, 93306, 93307 and 93308",quarter,2021-Q3,975904,266799594.0,365.7816660695518,365.0563055119029,366.50811182291034
"Custom Aggregate 93303, 93304, 93306, 93307 and 93308",237,"Custom Aggregate 93303, 93304, 93306, 93307 and 93308",quarter,2021-Q4,921949,272358419.0,338.5057834397254,337.8151588096258,339.1974711272347
"Custom Aggregate 93303, 93304, 93306, 93307 and 93308",237,"Custom Aggregate 93303, 93304, 93306, 93307 and 93308",quarter,2022-Q1,971226,277314434.0,350.2255493848546,349.52936750448674,350.9227753147842
"Custom Aggregate 93303, 93304, 93306, 93307 and 93308",237,"Custom Aggregate 93303, 93304, 93306, 93307 and 93308",quarter,2022-Q2,1001133,282016994.5,354.99030892622324,354.2952704344629,355.6863740529836
"Custom Aggregate 93303, 93304, 93306, 93307 and 93308",237,"Custom Aggregate 93303, 93304, 93306, 93307 and 93308",quarter,2022-Q3,973403,287178648.0,338.95382082862926,338.2807985005179,339.6278513441671
"Custom Aggregate 93303, 93304, 93306, 93307 and 93308",237,"Custom Aggregate 93303, 93304, 93306, 93307 and 93308",quarter,2022-Q4,932565,292152539.0,319.2048247097384,318.5572937194403,319.853346730455
"Custom Aggregate 93303, 93304, 93306, 93307 and 93308",237,"Custom Aggregate 93303, 93304, 93306, 93307 and 93308",quarter,2023-Q1,1101225,297686543.0,369.927706137526,369.23710570798397,370.619279147012
"Custom Aggregate 93303, 93304, 93306, 93307 and 93308",237,"Custom Aggregate 93303, 93304, 93306, 93307 and 93308",quarter,2023-Q2,1098957,298365151.0,368.32619235749826,367.63787287386685,369.01548220933984
"Custom Aggregate 93303, 93304, 93306, 93307 and 93308",237,"Custom Aggregate 93303, 93304, 93306, 93307 and 93308",quarter,2023-Q3,1015060,289816874.0,350.24185651798865,349.5608333562932,350.9238786823962
"Custom Aggregate 93303, 93304, 93306, 93307 and 93308",237,"Custom Aggregate 93303, 93304, 93306, 93307 and 93308",quarter,2023-Q4,949155,276383178.0,343.4199602408508,342.7294191281753,344.1115489251063
"Custom Aggregate 93303, 93304, 93306, 93307 and 93308",237,"Custom Aggregate 93303, 93304, 93306, 93307 and 93308",quarter,2024-Q1,1009155,267644460.0,377.0505841966615,376.31529232660824,377.78695783066087
"Custom Aggregate 93303, 93304, 93306, 93307 and 93308",237,"Custom Aggregate 93303, 93304, 93306, 93307 and 93308",quarter,2024-Q2,968401,258952546.0,373.96851854084497,373.22405718471595,374.7140979788876
HCPCS 93306 - Echocardiogram (78 months of data),240,HCPCS 93306 - Echocardiogram (78 months of data),quarter,2018-Q1,620614,230550049.0,269.1884051605645,268.5190954803864,269.8589707717805
HCPCS 93306 - Echocardiogram (78 months of data),240,HCPCS 93306 - Echocardiogram (78 months of data),quarter,2018-Q2,633875,228935769.0,276.8789703630803,276.19777371102646,277.5614317963257
HCPCS 93306 - Echocardiogram (78 months of data),240,HCPCS 93306 - Echocardiogram (78 months of data),quarter,2018-Q3,604842,227904788.0,265.39240588486456,264.7239917778026,266.0620905074594
HCPCS 93306 - Echocardiogram (78 months of data),240,HCPCS 93306 - Echocardiogram (78 months of data),quarter,2018-Q4,581315,226095567.0,257.1103041573566,256.44978352065084,257.77210548744677
HCPCS 93306 - Echocardiogram (78 months of data),240,HCPCS 93306 - Echocardiogram (78 months of data),quarter,2019-Q1,677540,225406912.0,300.5852810760302,299.8699728316839,301.3018738844617
HCPCS 93306 - Echocardiogram (78 months of data),240,HCPCS 93306 - Echocardiogram (78 months of data),quarter,2019-Q2,699221,224099443.0,312.01371616082065,311.2828069536231,312.74591741836934
HCPCS 93306 - Echocardiogram (78 months of data),240,HCPCS 93306 - Echocardiogram (78 months of data),quarter,2019-Q3,683610,225151016.0,303.6228803870909,302.9035566065044,304.3434901893855
HCPCS 93306 - Echocardiogram (78 months of data),240,HCPCS 93306 - Echocardiogram (78 months of data),quarter,2019-Q4,665920,223888589.0,297.43364901906637,296.7196956575106,298.14889566072594
HCPCS 93306 - Echocardiogram (78 months of data),240,HCPCS 93306 - Echocardiogram (78 months of data),quarter,2020-Q1,658063,223452397.0,294.4980715512307,293.78695963019226,295.2104792801282
HCPCS 93306 - Echocardiogram (78 months of data),240,HCPCS 93306 - Echocardiogram (78 months of data),quarter,2020-Q2,445826,231340007.0,192.71461334398595,192.14933086796228,193.28114755908643
HCPCS 93306 - Echocardiogram (78 months of data),240,HCPCS 93306 - Echocardiogram (78 months of data),quarter,2020-Q3,704698,240451013.0,293.07341699575204,292.3895480786325,293.7584900970597
HCPCS 93306 - Echocardiogram (78 months of data),240,HCPCS 93306 - Echocardiogram (78 months of data),quarter,2020-Q4,696841,252197294.0,276.30788140018666,275.65951130632425,276.957399595043
HCPCS 93306 - Echocardiogram (78 months of data),240,HCPCS 93306 - Echocardiogram (78 months of data),quarter,2021-Q1,788737,256211709.0,307.8458057512118,307.16679164325734,308.52594994380104
HCPCS 93306 - Echocardiogram (78 months of data),240,HCPCS 93306 - Echocardiogram (78 months of data),quarter,2021-Q2,865713,261559386.0,330.9814314979314,330.284581849932,331.6793881063869
HCPCS 93306 - Echocardiogram (78 months of data),240,HCPCS 93306 - Echocardiogram (78 months of data),quarter,2021-Q3,811635,266799594.0,304.2114824207716,303.55001228169556,304.87403779144057
HCPCS 93306 - Echocardiogram (78 months of data),240,HCPCS 93306 - Echocardiogram (78 months of data),quarter,2021-Q4,765135,272358419.0,280.9294468697882,280.3003228406608,281.5596339929263
HCPCS 93306 - Echocardiogram (78 months of data),240,HCPCS 93306 - Echocardiogram (78 months of data),quarter,2022-Q1,805290,277314434.0,290.3887794026617,289.75488373172897,291.0237191583607
HCPCS 93306 - Echocardiogram (78 months of data),240,HCPCS 93306 - Echocardiogram (78 months of data),quarter,2022-Q2,844655,282016994.5,299.5050002208289,298.8666132329183,300.14441387453377
HCPCS 93306 - Echocardiogram (78 months of data),240,HCPCS 93306 - Echocardiogram (78 months of data),quarter,2022-Q3,813045,287178648.0,283.1147112302026,282.49964714018455,283.73078354021226
HCPCS 93306 - Echocardiogram (78 months of data),240,HCPCS 93306 - Echocardiogram (78 months of data),quarter,2022-Q4,781529,292152539.0,267.50717370969005,266.91442112054096,268.10091736133035
HCPCS 93306 - Echocardiogram (78 months of data),240,HCPCS 93306 - Echocardiogram (78 months of data),quarter,2023-Q1,923080,297686543.0,310.08455763484073,309.4523059133328,310.7177819652209
HCPCS 93306 - Echocardiogram (78 months of data),240,HCPCS 93306 - Echocardiogram (78 months of data),quarter,2023-Q2,928666,298365151.0,311.2514973305311,310.61877685690536,311.8851881998774
HCPCS 93306 - Echocardiogram (78 months of data),240,HCPCS 93306 - Echocardiogram (78 months of data),quarter,2023-Q3,849161,289816874.0,292.9991578061117,292.37629616315843,293.62301848309113
HCPCS 93306 - Echocardiogram (78 months of data),240,HCPCS 93306 - Echocardiogram (78 months of data),quarter,2023-Q4,793289,276383178.0,287.025066337431,286.3937944438587,287.657385836725
HCPCS 93306 - Echocardiogram (78 months of data),240,HCPCS 93306 - Echocardiogram (78 months of data),quarter,2024-Q1,845404,267644460.0,315.8682978156918,315.1953310460572,316.54234638300085
HCPCS 93306 - Echocardiogram (78 months of data),240,HCPCS 93306 - Echocardiogram (78 months of data),quarter,2024-Q2,812422,258952546.0,313.7339302313714,313.05208502781153,314.41689355213157
Aggregate Cardiac Monitoring,242,Aggregate Cardiac Monitoring,quarter,2018-Q1,3014,230550049.0,1.3073083319969279,1.261048709717024,1.354831068331479
Aggregate Cardiac Monitoring,242,Aggregate Cardiac Monitoring,quarter,2018-Q2,4015,228935769.0,1.7537670140134372,1.6999347260606952,1.808870286072833
Aggregate Cardiac Monitoring,242,Aggregate Cardiac Monitoring,quarter,2018-Q3,4024,227904788.0,1.7656496097835384,1.7115127565393096,1.8210631891715567
Aggregate Cardiac Monitoring,242,Aggregate Cardiac Monitoring,quarter,2018-Q4,4735,226095567.0,2.094247164076419,2.035016412620492,2.154764326515654
Aggregate Cardiac Monitoring,242,Aggregate Cardiac Monitoring,quarter,2019-Q1,6028,225406912.0,2.6742746912747735,2.607185962847917,2.742653045213499
Aggregate Cardiac Monitoring,242,Aggregate Cardiac Monitoring,quarter,2019-Q2,8061,224099443.0,3.597063826704826,3.5189634417790603,3.676460602073807
Aggregate Cardiac Monitoring,242,Aggregate Cardiac Monitoring,quarter,2019-Q3,8738,225151016.0,3.8809507304199773,3.7999992423806606,3.963192363087587
Aggregate Cardiac Monitoring,242,Aggregate Cardiac Monitoring,quarter,2019-Q4,9395,223888589.0,4.196283536361919,4.111854895217162,4.282009430597527
Aggregate Cardiac Monitoring,242,Aggregate Cardiac Monitoring,quarter,2020-Q1,7944,149176444.0,5.325237542195335,5.20877090276613,5.443651730121817
Aggregate Cardiac Monitoring,242,Aggregate Cardiac Monitoring,quarter,2020-Q2,4061,78055480.0,5.202709662409353,5.043911352436056,5.365235641203125
Aggregate Cardiac Monitoring,242,Aggregate Cardiac Monitoring,quarter,2020-Q3,14901,240451013.0,6.197104272544696,6.097997364252485,6.297418214516055
Aggregate Cardiac Monitoring,242,Aggregate Cardiac Monitoring,quarter,2020-Q4,17196,252197294.0,6.818471256079377,6.716936258821717,6.921156848970025
Aggregate Cardiac Monitoring,242,Aggregate Cardiac Monitoring,quarter,2021-Q1,21879,256211709.0,8.539422372769076,8.426640340404049,8.653336642571446
Aggregate Cardiac Monitoring,242,Aggregate Cardiac Monitoring,quarter,2021-Q2,24412,261559386.0,9.333253290325432,9.216536704285996,9.4510788300345
Aggregate Cardiac Monitoring,242,Aggregate Cardiac Monitoring,quarter,2021-Q3,25867,266799594.0,9.695292115024733,9.577496912894636,9.814174422921461
Aggregate Cardiac Monitoring,242,Aggregate Cardiac Monitoring,quarter,2021-Q4,27262,272358419.0,10.009604292790376,9.891133365532744,10.129140080136752
Aggregate Cardiac Monitoring,242,Aggregate Cardiac Monitoring,quarter,2022-Q1,33098,277314434.0,11.935188342919071,11.806949318699143,12.064472999105622
Aggregate Cardiac Monitoring,242,Aggregate Cardiac Monitoring,quarter,2022-Q2,38097,282016994.5,13.508760373658971,13.373447034165485,13.64510177994917
Aggregate Cardiac Monitoring,242,Aggregate Cardiac Monitoring,quarter,2022-Q3,37496,287178648.0,13.056681010630012,12.924854666970296,13.189516956891302
Aggregate Cardiac Monitoring,242,Aggregate Cardiac Monitoring,quarter,2022-Q4,41452,292152539.0,14.18847843728649,14.052215356384114,14.325733847713938
Aggregate Cardiac Monitoring,242,Aggregate Cardiac Monitoring,quarter,2023-Q1,53255,297686543.0,17.889622911170694,17.738002395575464,18.04221711870613
Aggregate Cardiac Monitoring,242,Aggregate Cardiac Monitoring,quarter,2023-Q2,55804,298365151.0,18.703256668202513,18.548395462636115,18.859089318277064
Aggregate Cardiac Monitoring,242,Aggregate Cardiac Monitoring,quarter,2023-Q3,52664,289816874.0,18.171474722344843,18.016605498022333,18.327344086365407
Aggregate Cardiac Monitoring,242,Aggregate Cardiac Monitoring,quarter,2023-Q4,53616,276383178.0,19.399154604119936,19.235293583940326,19.564064362357424
Aggregate Cardiac Monitoring,242,Aggregate Cardiac Monitoring,quarter,2024-Q1,57743,267644460.0,21.57451717849867,21.39890097747939,21.751216301880472
Aggregate Cardiac Monitoring,242,Aggregate Cardiac Monitoring,quarter,2024-Q2,61950,258952546.0,23.92330214818587,23.73528220536547,24.11244130802372
HCPCS 93452 - Left heart catheterization (75 months of data),245,HCPCS 93452 - Left heart catheterization (75 months of data),quarter,2018-Q1,15,230550049.0,0.006506179489035806,0.003641459270643361,0.010730953638394523
HCPCS 93452 - Left heart catheterization (75 months of data),245,HCPCS 93452 - Left heart catheterization (75 months of data),quarter,2018-Q2,34,228935769.0,0.014851327142330477,0.010284975776141066,0.020753241095847755
HCPCS 93452 - Left heart catheterization (75 months of data),245,HCPCS 93452 - Left heart catheterization (75 months of data),quarter,2018-Q3,31,227904788.0,0.013602171447139582,0.009242015564474166,0.019307196610212837
HCPCS 93452 - Left heart catheterization (75 months of data),245,HCPCS 93452 - Left heart catheterization (75 months of data),quarter,2018-Q4,0,226095567.0,0.0,0.0,0.0016315576209921603
HCPCS 93452 - Left heart catheterization (75 months of data),245,HCPCS 93452 - Left heart catheterization (75 months of data),quarter,2019-Q1,17,225406912.0,0.007541916017198266,0.004393444008321843,0.012075338140432273
HCPCS 93452 - Left heart catheterization (75 months of data),245,HCPCS 93452 - Left heart catheterization (75 months of data),quarter,2019-Q2,14,224099443.0,0.0062472265939545425,0.0034154169121699217,0.010481784696731968
HCPCS 93452 - Left heart catheterization (75 months of data),245,HCPCS 93452 - Left heart catheterization (75 months of data),quarter,2019-Q3,0,225151016.0,0.0,0.0,0.0016384023131007926
HCPCS 93452 - Left heart catheterization (75 months of data),245,HCPCS 93452 - Left heart catheterization (75 months of data),quarter,2019-Q4,0,223888589.0,0.0,0.0,0.001647640672796386
HCPCS 93452 - Left heart catheterization (75 months of data),245,HCPCS 93452 - Left heart catheterization (75 months of data),quarter,2020-Q1,20,149176444.0,0.013406942452656934,0.008189308752663353,0.02070593524985392
HCPCS 93452 - Left heart catheterization (75 months of data),245,HCPCS 93452 - Left heart catheterization (75 months of data),quarter,2020-Q2,0,78055480.0,0.0,0.0,0.0047259711350361765
HCPCS 93452 - Left heart catheterization (75 months of data),245,HCPCS 93452 - Left heart catheterization (75 months of data),quarter,2020-Q3,0,240451013.0,0.0,0.0,0.0015341500990532053
HCPCS 93452 - Left heart catheterization (75 months of data),245,HCPCS 93452 - Left heart catheterization (75 months of data),quarter,2020-Q4,0,252197294.0,0.0,0.0,0.0014626958900335924
HCPCS 93452 - Left heart catheterization (75 months of data),245,HCPCS 93452 - Left heart catheterization (75 months of data),quarter,2021-Q1,33,256211709.0,0.012879973412924699,0.008865981051915873,0.01808827139479769
HCPCS 93452 - Left heart catheterization (75 months of data),245,HCPCS 93452 - Left heart catheterization (75 months of data),quarter,2021-Q2,68,261559386.0,0.025997920028761654,0.020188402167537763,0.03295855846520054
HCPCS 93452 - Left heart catheterization (75 months of data),245,HCPCS 93452 - Left heart catheterization (75 months of data),quarter,2021-Q3,22,266799594.0,0.00824588960956215,0.005167655117282379,0.01248437596465204
HCPCS 93452 - Left heart catheterization (75 months of data),245,HCPCS 93452 - Left heart catheterization (75 months of data),quarter,2021-Q4,14,272358419.0,0.005140285382549529,0.002810241851308659,0.008624525435299865
HCPCS 93452 - Left heart catheterization (75 months of data),245,HCPCS 93452 - Left heart catheterization (75 months of data),quarter,2022-Q1,17,277314434.0,0.006130225446541308,0.003571082228488434,0.009815084784193604
HCPCS 93452 - Left heart catheterization (75 months of data),245,HCPCS 93452 - Left heart catheterization (75 months of data),quarter,2022-Q2,0,282016994.5,0.0,0.0,0.0013080344539711545
HCPCS 93452 - Left heart catheterization (75 months of data),245,HCPCS 93452 - Left heart catheterization (75 months of data),quarter,2022-Q3,0,287178648.0,0.0,0.0,0.0012845242777638315
HCPCS 93452 - Left heart catheterization (75 months of data),245,HCPCS 93452 - Left heart catheterization (75 months of data),quarter,2022-Q4,0,292152539.0,0.0,0.0,0.001262655278212022
HCPCS 93452 - Left heart catheterization (75 months of data),245,HCPCS 93452 - Left heart catheterization (75 months of data),quarter,2023-Q1,0,297686543.0,0.0,0.0,0.001239182469230373
HCPCS 93452 - Left heart catheterization (75 months of data),245,HCPCS 93452 - Left heart catheterization (75 months of data),quarter,2023-Q2,13,298365151.0,0.004357077211071476,0.0023199601118978545,0.007450734726777415
HCPCS 93452 - Left heart catheterization (75 months of data),245,HCPCS 93452 - Left heart catheterization (75 months of data),quarter,2023-Q3,25,289816874.0,0.008626136792849404,0.005582380909894614,0.012733879566146435
HCPCS 93452 - Left heart catheterization (75 months of data),245,HCPCS 93452 - Left heart catheterization (75 months of data),quarter,2023-Q4,0,276383178.0,0.0,0.0,0.0013346975314517645
HCPCS 93452 - Left heart catheterization (75 months of data),245,HCPCS 93452 - Left heart catheterization (75 months of data),quarter,2024-Q1,0,267644460.0,0.0,0.0,0.001378276036094278
HCPCS 93452 - Left heart catheterization (75 months of data),245,HCPCS 93452 - Left heart catheterization (75 months of data),quarter,2024-Q2,0,258952546.0,0.0,0.0,0.001424538785617476
HCPCS 93456 - Coronary angiography with right heart catheterization (53 months of data),248,HCPCS 93456 - Coronary angiography with right heart catheterization (53 months of data),quarter,2019-Q4,13,148877230.0,0.008732027053431877,0.004649436647231953,0.01493203219737422
HCPCS 93456 - Coronary angiography with right heart catheterization (53 months of data),248,HCPCS 93456 - Coronary angiography with right heart catheterization (53 months of data),quarter,2020-Q1,0,149176444.0,0.0,0.0,0.0024728297278047034
HCPCS 93456 - Coronary angiography with right heart catheterization (53 months of data),248,HCPCS 93456 - Coronary angiography with right heart catheterization (53 months of data),quarter,2020-Q2,0,78055480.0,0.0,0.0,0.0047259711350361765
HCPCS 93456 - Coronary angiography with right heart catheterization (53 months of data),248,HCPCS 93456 - Coronary angiography with right heart catheterization (53 months of data),quarter,2020-Q3,0,240451013.0,0.0,0.0,0.0015341500990532053
HCPCS 93456 - Coronary angiography with right heart catheterization (53 months of data),248,HCPCS 93456 - Coronary angiography with right heart catheterization (53 months of data),quarter,2020-Q4,0,252197294.0,0.0,0.0,0.0014626958900335924
HCPCS 93456 - Coronary angiography with right heart catheterization (53 months of data),248,HCPCS 93456 - Coronary angiography with right heart catheterization (53 months of data),quarter,2021-Q1,0,256211709.0,0.0,0.0,0.0014397778573476264
HCPCS 93456 - Coronary angiography with right heart catheterization (53 months of data),248,HCPCS 93456 - Coronary angiography with right heart catheterization (53 months of data),quarter,2021-Q2,15,261559386.0,0.005734835300462129,0.003209743783686398,0.009458738701690428
HCPCS 93456 - Coronary angiography with right heart catheterization (53 months of data),248,HCPCS 93456 - Coronary angiography with right heart catheterization (53 months of data),quarter,2021-Q3,12,266799594.0,0.004497757968852082,0.0023240571755601008,0.007856678015850707
HCPCS 93456 - Coronary angiography with right heart catheterization (53 months of data),248,HCPCS 93456 - Coronary angiography with right heart catheterization (53 months of data),quarter,2021-Q4,0,272358419.0,0.0,0.0,0.0013544209382835108
HCPCS 93456 - Coronary angiography with right heart catheterization (53 months of data),248,HCPCS 93456 - Coronary angiography with right heart catheterization (53 months of data),quarter,2022-Q1,13,277314434.0,0.004687819459119823,0.0024960664294177357,0.00801631404377562
HCPCS 93456 - Coronary angiography with right heart catheterization (53 months of data),248,HCPCS 93456 - Coronary angiography with right heart catheterization (53 months of data),quarter,2022-Q2,0,282016994.5,0.0,0.0,0.0013080344539711545
HCPCS 93456 - Coronary angiography with right heart catheterization (53 months of data),248,HCPCS 93456 - Coronary angiography with right heart catheterization (53 months of data),quarter,2022-Q3,0,287178648.0,0.0,0.0,0.0012845242777638315
HCPCS 93456 - Coronary angiography with right heart catheterization (53 months of data),248,HCPCS 93456 - Coronary angiography with right heart catheterization (53 months of data),quarter,2022-Q4,0,292152539.0,0.0,0.0,0.001262655278212022
HCPCS 93456 - Coronary angiography with right heart catheterization (53 months of data),248,HCPCS 93456 - Coronary angiography with right heart catheterization (53 months of data),quarter,2023-Q1,0,297686543.0,0.0,0.0,0.001239182469230373
HCPCS 93456 - Coronary angiography with right heart catheterization (53 months of data),248,HCPCS 93456 - Coronary angiography with right heart catheterization (53 months of data),quarter,2023-Q2,0,298365151.0,0.0,0.0,0.001236364046454586
HCPCS 93456 - Coronary angiography with right heart catheterization (53 months of data),248,HCPCS 93456 - Coronary angiography with right heart catheterization (53 months of data),quarter,2023-Q3,0,289816874.0,0.0,0.0,0.001272831151340738
HCPCS 93456 - Coronary angiography with right heart catheterization (53 months of data),248,HCPCS 93456 - Coronary angiography with right heart catheterization (53 months of data),quarter,2023-Q4,0,276383178.0,0.0,0.0,0.0013346975314517645
HCPCS 93456 - Coronary angiography with right heart catheterization (53 months of data),248,HCPCS 93456 - Coronary angiography with right heart catheterization (53 months of data),quarter,2024-Q1,0,267644460.0,0.0,0.0,0.001378276036094278
HCPCS 93456 - Coronary angiography with right heart catheterization (53 months of data),248,HCPCS 93456 - Coronary angiography with right heart catheterization (53 months of data),quarter,2024-Q2,13,258952546.0,0.00502022482528517,0.002673058287290909,0.008584737343404562
HCPCS 93460 - Coronary angiography with both right and left heart catheterization (74 months of data),251,HCPCS 93460 - Coronary angiography with both right and left heart catheterization (74 months of data),quarter,2018-Q1,16,153488538.0,0.0104242311565962,0.005958348794514885,0.016928298318641195
HCPCS 93460 - Coronary angiography with both right and left heart catheterization (74 months of data),251,HCPCS 93460 - Coronary angiography with both right and left heart catheterization (74 months of data),quarter,2018-Q2,91,228935769.0,0.039749140292708034,0.032003528245877155,0.04880313609558658
HCPCS 93460 - Coronary angiography with both right and left heart catheterization (74 months of data),251,HCPCS 93460 - Coronary angiography with both right and left heart catheterization (74 months of data),quarter,2018-Q3,31,227904788.0,0.013602171447139582,0.009242015564474166,0.019307196610212837
HCPCS 93460 - Coronary angiography with both right and left heart catheterization (74 months of data),251,HCPCS 93460 - Coronary angiography with both right and left heart catheterization (74 months of data),quarter,2018-Q4,31,226095567.0,0.013711016280120168,0.009315970347681276,0.019461693162364724
HCPCS 93460 - Coronary angiography with both right and left heart catheterization (74 months of data),251,HCPCS 93460 - Coronary angiography with both right and left heart catheterization (74 months of data),quarter,2019-Q1,62,225406912.0,0.027505811356840736,0.021088547846382182,0.03526120879369762
HCPCS 93460 - Coronary angiography with both right and left heart catheterization (74 months of data),251,HCPCS 93460 - Coronary angiography with both right and left heart catheterization (74 months of data),quarter,2019-Q2,25,224099443.0,0.011155761774918825,0.007219420821063498,0.016468105053491975
HCPCS 93460 - Coronary angiography with both right and left heart catheterization (74 months of data),251,HCPCS 93460 - Coronary angiography with both right and left heart catheterization (74 months of data),quarter,2019-Q3,51,225151016.0,0.02265146340712049,0.01686550232502205,0.02978249113324178
HCPCS 93460 - Coronary angiography with both right and left heart catheterization (74 months of data),251,HCPCS 93460 - Coronary angiography with both right and left heart catheterization (74 months of data),quarter,2019-Q4,32,223888589.0,0.014292823114803765,0.009776280429943916,0.020177201652479246
HCPCS 93460 - Coronary angiography with both right and left heart catheterization (74 months of data),251,HCPCS 93460 - Coronary angiography with both right and left heart catheterization (74 months of data),quarter,2020-Q1,15,149176444.0,0.010055206839492702,0.005627822937502996,0.0165845345338074
HCPCS 93460 - Coronary angiography with both right and left heart catheterization (74 months of data),251,HCPCS 93460 - Coronary angiography with both right and left heart catheterization (74 months of data),quarter,2020-Q2,13,78055480.0,0.016654820391854615,0.00886799042297069,0.028480250096673383
HCPCS 93460 - Coronary angiography with both right and left heart catheterization (74 months of data),251,HCPCS 93460 - Coronary angiography with both right and left heart catheterization (74 months of data),quarter,2020-Q3,27,240451013.0,0.011228898420153465,0.007399914814151676,0.016337457661349964
HCPCS 93460 - Coronary angiography with both right and left heart catheterization (74 months of data),251,HCPCS 93460 - Coronary angiography with both right and left heart catheterization (74 months of data),quarter,2020-Q4,12,252197294.0,0.004758179522735086,0.002458620792625244,0.008311582061692122
HCPCS 93460 - Coronary angiography with both right and left heart catheterization (74 months of data),251,HCPCS 93460 - Coronary angiography with both right and left heart catheterization (74 months of data),quarter,2021-Q1,52,256211709.0,0.020295715680972253,0.015157811230423207,0.026615130903667204
HCPCS 93460 - Coronary angiography with both right and left heart catheterization (74 months of data),251,HCPCS 93460 - Coronary angiography with both right and left heart catheterization (74 months of data),quarter,2021-Q2,39,261559386.0,0.014910571781201535,0.010602874136367822,0.02038324247550912
HCPCS 93460 - Coronary angiography with both right and left heart catheterization (74 months of data),251,HCPCS 93460 - Coronary angiography with both right and left heart catheterization (74 months of data),quarter,2021-Q3,13,266799594.0,0.004872571132923088,0.0025944389147023227,0.008332245032636321
HCPCS 93460 - Coronary angiography with both right and left heart catheterization (74 months of data),251,HCPCS 93460 - Coronary angiography with both right and left heart catheterization (74 months of data),quarter,2021-Q4,64,272358419.0,0.023498447463083563,0.01809666788609,0.03000699281078034
HCPCS 93460 - Coronary angiography with both right and left heart catheterization (74 months of data),251,HCPCS 93460 - Coronary angiography with both right and left heart catheterization (74 months of data),quarter,2022-Q1,65,277314434.0,0.023439097295599117,0.018089800449851184,0.029875053606431314
HCPCS 93460 - Coronary angiography with both right and left heart catheterization (74 months of data),251,HCPCS 93460 - Coronary angiography with both right and left heart catheterization (74 months of data),quarter,2022-Q2,12,282016994.5,0.0042550627210517274,0.0021986529995170973,0.007432738259387748
HCPCS 93460 - Coronary angiography with both right and left heart catheterization (74 months of data),251,HCPCS 93460 - Coronary angiography with both right and left heart catheterization (74 months of data),quarter,2022-Q3,0,287178648.0,0.0,0.0,0.0012845242777638315
HCPCS 93460 - Coronary angiography with both right and left heart catheterization (74 months of data),251,HCPCS 93460 - Coronary angiography with both right and left heart catheterization (74 months of data),quarter,2022-Q4,24,292152539.0,0.008214886676031935,0.005263432899580743,0.01222310020511347
HCPCS 93460 - Coronary angiography with both right and left heart catheterization (74 months of data),251,HCPCS 93460 - Coronary angiography with both right and left heart catheterization (74 months of data),quarter,2023-Q1,48,297686543.0,0.01612434324920089,0.011888817837319317,0.02137853983615486
HCPCS 93460 - Coronary angiography with both right and left heart catheterization (74 months of data),251,HCPCS 93460 - Coronary angiography with both right and left heart catheterization (74 months of data),quarter,2023-Q2,119,298365151.0,0.039884014470577364,0.03304059902667127,0.04772716967545163
HCPCS 93460 - Coronary angiography with both right and left heart catheterization (74 months of data),251,HCPCS 93460 - Coronary angiography with both right and left heart catheterization (74 months of data),quarter,2023-Q3,12,289816874.0,0.004140545660567714,0.0021394803632869964,0.007232700000820843
HCPCS 93460 - Coronary angiography with both right and left heart catheterization (74 months of data),251,HCPCS 93460 - Coronary angiography with both right and left heart catheterization (74 months of data),quarter,2023-Q4,49,276383178.0,0.01772900954196279,0.013116018858727044,0.023438690828324688
HCPCS 93460 - Coronary angiography with both right and left heart catheterization (74 months of data),251,HCPCS 93460 - Coronary angiography with both right and left heart catheterization (74 months of data),quarter,2024-Q1,45,267644460.0,0.01681335006896836,0.012263772912854038,0.02249758522816381
HCPCS 93460 - Coronary angiography with both right and left heart catheterization (74 months of data),251,HCPCS 93460 - Coronary angiography with both right and left heart catheterization (74 months of data),quarter,2024-Q2,14,258952546.0,0.005406395965691722,0.0029557269833912327,0.009071013776337065
"Custom Aggregate 93452, 93452, 93453, 93456, and 93460",254,"Custom Aggregate 93452, 93452, 93453, 93456, and 93460",quarter,2018-Q1,46,230550049.0,0.01995228376637647,0.01460757937595228,0.02661355049661516
"Custom Aggregate 93452, 93452, 93453, 93456, and 93460",254,"Custom Aggregate 93452, 93452, 93453, 93456, and 93460",quarter,2018-Q2,159,228935769.0,0.069451794577369,0.05907601901765688,0.0811253526494811
"Custom Aggregate 93452, 93452, 93453, 93456, and 93460",254,"Custom Aggregate 93452, 93452, 93453, 93456, and 93460",quarter,2018-Q3,93,227904788.0,0.04080651434141875,0.032936123625120745,0.04999073693235994
"Custom Aggregate 93452, 93452, 93453, 93456, and 93460",254,"Custom Aggregate 93452, 93452, 93453, 93456, and 93460",quarter,2018-Q4,31,226095567.0,0.013711016280120168,0.009315970347681276,0.019461693162364724
"Custom Aggregate 93452, 93452, 93453, 93456, and 93460",254,"Custom Aggregate 93452, 93452, 93453, 93456, and 93460",quarter,2019-Q1,96,225406912.0,0.04258964339123726,0.034497747884055324,0.05200924406405447
"Custom Aggregate 93452, 93452, 93453, 93456, and 93460",254,"Custom Aggregate 93452, 93452, 93453, 93456, and 93460",quarter,2019-Q2,53,224099443.0,0.023650214962827907,0.01771563391719696,0.030935063470552335
"Custom Aggregate 93452, 93452, 93453, 93456, and 93460",254,"Custom Aggregate 93452, 93452, 93453, 93456, and 93460",quarter,2019-Q3,51,225151016.0,0.02265146340712049,0.01686550232502205,0.02978249113324178
"Custom Aggregate 93452, 93452, 93453, 93456, and 93460",254,"Custom Aggregate 93452, 93452, 93453, 93456, and 93460",quarter,2019-Q4,45,223888589.0,0.020099282505192793,0.014660554579775597,0.026894421357472043
"Custom Aggregate 93452, 93452, 93453, 93456, and 93460",254,"Custom Aggregate 93452, 93452, 93453, 93456, and 93460",quarter,2020-Q1,55,149176444.0,0.03686909174480657,0.027774845585834235,0.047990190713997294
"Custom Aggregate 93452, 93452, 93453, 93456, and 93460",254,"Custom Aggregate 93452, 93452, 93453, 93456, and 93460",quarter,2020-Q2,13,78055480.0,0.016654820391854615,0.00886799042297069,0.028480250096673383
"Custom Aggregate 93452, 93452, 93453, 93456, and 93460",254,"Custom Aggregate 93452, 93452, 93453, 93456, and 93460",quarter,2020-Q3,27,240451013.0,0.011228898420153465,0.007399914814151676,0.016337457661349964
"Custom Aggregate 93452, 93452, 93453, 93456, and 93460",254,"Custom Aggregate 93452, 93452, 93453, 93456, and 93460",quarter,2020-Q4,12,252197294.0,0.004758179522735086,0.002458620792625244,0.008311582061692122
"Custom Aggregate 93452, 93452, 93453, 93456, and 93460",254,"Custom Aggregate 93452, 93452, 93453, 93456, and 93460",quarter,2021-Q1,118,256211709.0,0.04605566250682165,0.038121489186228784,0.055154202466157626
"Custom Aggregate 93452, 93452, 93453, 93456, and 93460",254,"Custom Aggregate 93452, 93452, 93453, 93456, and 93460",quarter,2021-Q2,190,261559386.0,0.07264124713918697,0.0626790800669709,0.08373685632643642
"Custom Aggregate 93452, 93452, 93453, 93456, and 93460",254,"Custom Aggregate 93452, 93452, 93453, 93456, and 93460",quarter,2021-Q3,69,266799594.0,0.025862108320899465,0.020122263962982202,0.03273015329065504
"Custom Aggregate 93452, 93452, 93453, 93456, and 93460",254,"Custom Aggregate 93452, 93452, 93453, 93456, and 93460",quarter,2021-Q4,92,272358419.0,0.03377901822818262,0.02723065622078765,0.041426967235287146
"Custom Aggregate 93452, 93452, 93453, 93456, and 93460",254,"Custom Aggregate 93452, 93452, 93453, 93456, and 93460",quarter,2022-Q1,112,277314434.0,0.040387367647801556,0.03325483358452175,0.04859649797101271
"Custom Aggregate 93452, 93452, 93453, 93456, and 93460",254,"Custom Aggregate 93452, 93452, 93453, 93456, and 93460",quarter,2022-Q2,12,282016994.5,0.0042550627210517274,0.0021986529995170973,0.007432738259387748
"Custom Aggregate 93452, 93452, 93453, 93456, and 93460",254,"Custom Aggregate 93452, 93452, 93453, 93456, and 93460",quarter,2022-Q3,0,287178648.0,0.0,0.0,0.0012845242777638315
"Custom Aggregate 93452, 93452, 93453, 93456, and 93460",254,"Custom Aggregate 93452, 93452, 93453, 93456, and 93460",quarter,2022-Q4,24,292152539.0,0.008214886676031935,0.005263432899580743,0.01222310020511347
"Custom Aggregate 93452, 93452, 93453, 93456, and 93460",254,"Custom Aggregate 93452, 93452, 93453, 93456, and 93460",quarter,2023-Q1,48,297686543.0,0.01612434324920089,0.011888817837319317,0.02137853983615486
"Custom Aggregate 93452, 93452, 93453, 93456, and 93460",254,"Custom Aggregate 93452, 93452, 93453, 93456, and 93460",quarter,2023-Q2,145,298365151.0,0.04859816889272032,0.04101010151356215,0.05718322251655348
"Custom Aggregate 93452, 93452, 93453, 93456, and 93460",254,"Custom Aggregate 93452, 93452, 93453, 93456, and 93460",quarter,2023-Q3,62,289816874.0,0.021392819246266525,0.01640175184767626,0.027424628793610635
"Custom Aggregate 93452, 93452, 93453, 93456, and 93460",254,"Custom Aggregate 93452, 93452, 93453, 93456, and 93460",quarter,2023-Q4,49,276383178.0,0.01772900954196279,0.013116018858727044,0.023438690828324688
"Custom Aggregate 93452, 93452, 93453, 93456, and 93460",254,"Custom Aggregate 93452, 93452, 93453, 93456, and 93460",quarter,2024-Q1,45,267644460.0,0.01681335006896836,0.012263772912854038,0.02249758522816381
"Custom Aggregate 93452, 93452, 93453, 93456, and 93460",254,"Custom Aggregate 93452, 93452, 93453, 93456, and 93460",quarter,2024-Q2,27,258952546.0,0.010426620790976891,0.006871208801231394,0.015170185832103037
Aggregate Fractures,258,Aggregate Fractures,quarter,2018-Q1,1437,230550049.0,0.6232919950496302,0.5914784048136957,0.6563721475522923
Aggregate Fractures,258,Aggregate Fractures,quarter,2018-Q2,2725,228935769.0,1.1902901900838396,1.146014582881016,1.2358382187378207
Aggregate Fractures,258,Aggregate Fractures,quarter,2018-Q3,1932,227904788.0,0.8477224269636668,0.8103391621437281,0.886385405520487
Aggregate Fractures,258,Aggregate Fractures,quarter,2018-Q4,2241,226095567.0,0.9911737897983645,0.9505571706961677,1.0330796623461402
Aggregate Fractures,258,Aggregate Fractures,quarter,2019-Q1,1731,225406912.0,0.7679445073982469,0.7321897830681774,0.804993681501857
Aggregate Fractures,258,Aggregate Fractures,quarter,2019-Q2,3241,224099443.0,1.4462329565004763,1.3968664042238994,1.4968986984716577
Aggregate Fractures,258,Aggregate Fractures,quarter,2019-Q3,2682,225151016.0,1.1912004874097482,1.1465405846234191,1.2371542670577527
Aggregate Fractures,258,Aggregate Fractures,quarter,2019-Q4,2251,223888589.0,1.0054107759819773,0.964301416202925,1.047822077564862
Aggregate Fractures,258,Aggregate Fractures,quarter,2020-Q1,1560,149176444.0,1.045741511307241,0.9944861588254226,1.0989536255812513
Aggregate Fractures,258,Aggregate Fractures,quarter,2020-Q2,794,78055480.0,1.0172251839332742,0.9476916830763685,1.0905110229069166
Aggregate Fractures,258,Aggregate Fractures,quarter,2020-Q3,1824,240451013.0,0.7585744710503673,0.7241576421410012,0.7942045096978971
Aggregate Fractures,258,Aggregate Fractures,quarter,2020-Q4,1180,252197294.0,0.46788765306895,0.44156902274688936,0.49536518358416165
Aggregate Fractures,258,Aggregate Fractures,quarter,2021-Q1,1193,256211709.0,0.4656305539884596,0.4395799283132477,0.4928218614845378
Aggregate Fractures,258,Aggregate Fractures,quarter,2021-Q2,3324,261559386.0,1.2708395025824077,1.2280003113948845,1.3147917341856745
Aggregate Fractures,258,Aggregate Fractures,quarter,2021-Q3,3536,266799594.0,1.3253393481550801,1.2820117664876933,1.3697579160360887
Aggregate Fractures,258,Aggregate Fractures,quarter,2021-Q4,3045,272358419.0,1.1180120707045227,1.0786508705301558,1.1584424573799013
Aggregate Fractures,258,Aggregate Fractures,quarter,2022-Q1,2743,277314434.0,0.9891299058742827,0.9524567079678372,1.026853523852198
Aggregate Fractures,258,Aggregate Fractures,quarter,2022-Q2,3842,282016994.5,1.362329247856728,1.3195884756381002,1.4061019011660092
Aggregate Fractures,258,Aggregate Fractures,quarter,2022-Q3,3000,287178648.0,1.0446459097474405,1.0075953212874877,1.0827105539099715
Aggregate Fractures,258,Aggregate Fractures,quarter,2022-Q4,2173,292152539.0,0.7437895311257248,0.7128420714616748,0.7757348477087066
Aggregate Fractures,258,Aggregate Fractures,quarter,2023-Q1,2583,297686543.0,0.8676912210976229,0.834548581897291,0.901812585799958
Aggregate Fractures,258,Aggregate Fractures,quarter,2023-Q2,4686,298365151.0,1.5705587546985338,1.525909291475436,1.6161830610474606
Aggregate Fractures,258,Aggregate Fractures,quarter,2023-Q3,3787,289816874.0,1.306687201380828,1.2653978450598349,1.3489807069304247
Aggregate Fractures,258,Aggregate Fractures,quarter,2023-Q4,2777,276383178.0,1.0047644795516462,0.9677382326895971,1.0428446444656922
Aggregate Fractures,258,Aggregate Fractures,quarter,2024-Q1,1732,267644460.0,0.6471271626545156,0.6170061685412288,0.6783383241146438
Aggregate Fractures,258,Aggregate Fractures,quarter,2024-Q2,3199,258952546.0,1.2353614781605584,1.1929194127418212,1.2789279151980522
