slide_title,source_slide_number,code,period_type,period_label,claims,exposure_months,rate_per_100000_member_months,poisson_ci_lower_per_100000,poisson_ci_upper_per_100000
HCPCS 95921 - Cardiovagal (heart rate variability with deep breathing) (75 months of data),6,HCPCS 95921 - Cardiovagal (heart rate variability with deep breathing) (75 months of data),quarter,2018-Q1,6461,230550049.0,2.802428378577356,2.734506770259599,2.871610657330124
HCPCS 95921 - Cardiovagal (heart rate variability with deep breathing) (75 months of data),6,HCPCS 95921 - Cardiovagal (heart rate variability with deep breathing) (75 months of data),quarter,2018-Q2,6105,228935769.0,2.666686829527281,2.6002090296945886,2.7344343416008123
HCPCS 95921 - Cardiovagal (heart rate variability with deep breathing) (75 months of data),6,HCPCS 95921 - Cardiovagal (heart rate variability with deep breathing) (75 months of data),quarter,2018-Q3,5075,227904788.0,2.22680709981398,2.1659587124976363,2.2889314738614654
HCPCS 95921 - Cardiovagal (heart rate variability with deep breathing) (75 months of data),6,HCPCS 95921 - Cardiovagal (heart rate variability with deep breathing) (75 months of data),quarter,2018-Q4,4101,226095567.0,1.8138347666055743,1.7587410675390482,1.8702153440416727
HCPCS 95921 - Cardiovagal (heart rate variability with deep breathing) (75 months of data),6,HCPCS 95921 - Cardiovagal (heart rate variability with deep breathing) (75 months of data),quarter,2019-Q1,6668,225406912.0,2.958205647216355,2.8876234536660186,3.03007719175262
HCPCS 95921 - Cardiovagal (heart rate variability with deep breathing) (75 months of data),6,HCPCS 95921 - Cardiovagal (heart rate variability with deep breathing) (75 months of data),quarter,2019-Q2,9022,224099443.0,4.025891309332706,3.9432419859329926,4.109836757289792
HCPCS 95921 - Cardiovagal (heart rate variability with deep breathing) (75 months of data),6,HCPCS 95921 - Cardiovagal (heart rate variability with deep breathing) (75 months of data),quarter,2019-Q3,8512,225151016.0,3.7805736572825412,3.7006813907020475,3.861756129712854
HCPCS 95921 - Cardiovagal (heart rate variability with deep breathing) (75 months of data),6,HCPCS 95921 - Cardiovagal (heart rate variability with deep breathing) (75 months of data),quarter,2019-Q4,7035,223888589.0,3.1421878316451406,3.069186074854507,3.216487542081407
HCPCS 95921 - Cardiovagal (heart rate variability with deep breathing) (75 months of data),6,HCPCS 95921 - Cardiovagal (heart rate variability with deep breathing) (75 months of data),quarter,2020-Q1,4480,149176444.0,3.0031551093951534,2.915851664388881,3.0924085380268376
HCPCS 95921 - Cardiovagal (heart rate variability with deep breathing) (75 months of data),6,HCPCS 95921 - Cardiovagal (heart rate variability with deep breathing) (75 months of data),quarter,2020-Q2,1428,78055480.0,1.8294679630437223,1.7357997121509492,1.9268773230031222
HCPCS 95921 - Cardiovagal (heart rate variability with deep breathing) (75 months of data),6,HCPCS 95921 - Cardiovagal (heart rate variability with deep breathing) (75 months of data),quarter,2020-Q3,5922,240451013.0,2.46287172015366,2.400539383349766,2.52641304212901
HCPCS 95921 - Cardiovagal (heart rate variability with deep breathing) (75 months of data),6,HCPCS 95921 - Cardiovagal (heart rate variability with deep breathing) (75 months of data),quarter,2020-Q4,5312,252197294.0,2.106287468730731,2.0500222043815444,2.1637056898223133
HCPCS 95921 - Cardiovagal (heart rate variability with deep breathing) (75 months of data),6,HCPCS 95921 - Cardiovagal (heart rate variability with deep breathing) (75 months of data),quarter,2021-Q1,6950,256211709.0,2.712600461206869,2.649197252215573,2.7771379045013433
HCPCS 95921 - Cardiovagal (heart rate variability with deep breathing) (75 months of data),6,HCPCS 95921 - Cardiovagal (heart rate variability with deep breathing) (75 months of data),quarter,2021-Q2,7837,261559386.0,2.9962602833147804,2.9302866172505055,3.063344732747845
HCPCS 95921 - Cardiovagal (heart rate variability with deep breathing) (75 months of data),6,HCPCS 95921 - Cardiovagal (heart rate variability with deep breathing) (75 months of data),quarter,2021-Q3,6533,266799594.0,2.4486544008758875,2.3896330624249575,2.5087650997454394
HCPCS 95921 - Cardiovagal (heart rate variability with deep breathing) (75 months of data),6,HCPCS 95921 - Cardiovagal (heart rate variability with deep breathing) (75 months of data),quarter,2021-Q4,6704,272358419.0,2.461462371758003,2.4028893317256554,2.521102481462396
HCPCS 95921 - Cardiovagal (heart rate variability with deep breathing) (75 months of data),6,HCPCS 95921 - Cardiovagal (heart rate variability with deep breathing) (75 months of data),quarter,2022-Q1,8843,277314434.0,3.188799036692046,3.1226789285599765,3.255966588139247
HCPCS 95921 - Cardiovagal (heart rate variability with deep breathing) (75 months of data),6,HCPCS 95921 - Cardiovagal (heart rate variability with deep breathing) (75 months of data),quarter,2022-Q2,9829,282016994.5,3.4852509571014525,3.4166861093433107,3.554845592643938
HCPCS 95921 - Cardiovagal (heart rate variability with deep breathing) (75 months of data),6,HCPCS 95921 - Cardiovagal (heart rate variability with deep breathing) (75 months of data),quarter,2022-Q3,9402,287178648.0,3.273920281148479,3.208073862834497,3.3407780552535895
HCPCS 95921 - Cardiovagal (heart rate variability with deep breathing) (75 months of data),6,HCPCS 95921 - Cardiovagal (heart rate variability with deep breathing) (75 months of data),quarter,2022-Q4,7771,292152539.0,2.6599118483101734,2.6010973156506996,2.7197208631426038
HCPCS 95921 - Cardiovagal (heart rate variability with deep breathing) (75 months of data),6,HCPCS 95921 - Cardiovagal (heart rate variability with deep breathing) (75 months of data),quarter,2023-Q1,8760,297686543.0,2.942692642979162,2.8813886977900007,3.0049723664404655
HCPCS 95921 - Cardiovagal (heart rate variability with deep breathing) (75 months of data),6,HCPCS 95921 - Cardiovagal (heart rate variability with deep breathing) (75 months of data),quarter,2023-Q2,9664,298365151.0,3.2389841667534425,3.174725110517656,3.3042166142634937
HCPCS 95921 - Cardiovagal (heart rate variability with deep breathing) (75 months of data),6,HCPCS 95921 - Cardiovagal (heart rate variability with deep breathing) (75 months of data),quarter,2023-Q3,8586,289816874.0,2.9625604201361995,2.900223615798996,3.0258995352799922
HCPCS 95921 - Cardiovagal (heart rate variability with deep breathing) (75 months of data),6,HCPCS 95921 - Cardiovagal (heart rate variability with deep breathing) (75 months of data),quarter,2023-Q4,8236,276383178.0,2.9799208691348067,2.915907415865269,3.0449854310734037
HCPCS 95921 - Cardiovagal (heart rate variability with deep breathing) (75 months of data),6,HCPCS 95921 - Cardiovagal (heart rate variability with deep breathing) (75 months of data),quarter,2024-Q1,8681,267644460.0,3.243482043304763,3.1756067184602297,3.312442691565302
HCPCS 95921 - Cardiovagal (heart rate variability with deep breathing) (75 months of data),6,HCPCS 95921 - Cardiovagal (heart rate variability with deep breathing) (75 months of data),quarter,2024-Q2,8116,258952546.0,3.1341649755395724,3.0663448899339127,3.203106952733882
HCPCS 95923 – Sudomotor function (QSART) (78 months of data),8,HCPCS 95923 – Sudomotor function (QSART) (78 months of data),quarter,2018-Q1,15771,230550049.0,6.840597114772247,6.734247565608985,6.948205436449168
HCPCS 95923 – Sudomotor function (QSART) (78 months of data),8,HCPCS 95923 – Sudomotor function (QSART) (78 months of data),quarter,2018-Q2,13703,228935769.0,5.9855216420986626,5.885718800861632,6.086592379343989
HCPCS 95923 – Sudomotor function (QSART) (78 months of data),8,HCPCS 95923 – Sudomotor function (QSART) (78 months of data),quarter,2018-Q3,11509,227904788.0,5.049915844681595,4.958072139775949,5.143033515241308
HCPCS 95923 – Sudomotor function (QSART) (78 months of data),8,HCPCS 95923 – Sudomotor function (QSART) (78 months of data),quarter,2018-Q4,10232,226095567.0,4.525519954135147,4.438252398571758,4.614071913695031
HCPCS 95923 – Sudomotor function (QSART) (78 months of data),8,HCPCS 95923 – Sudomotor function (QSART) (78 months of data),quarter,2019-Q1,12695,225406912.0,5.632036696372469,5.5344866417093845,5.730874640861735
HCPCS 95923 – Sudomotor function (QSART) (78 months of data),8,HCPCS 95923 – Sudomotor function (QSART) (78 months of data),quarter,2019-Q2,13601,224099443.0,6.069180636026837,5.967605687046072,6.172050857630724
HCPCS 95923 – Sudomotor function (QSART) (78 months of data),8,HCPCS 95923 – Sudomotor function (QSART) (78 months of data),quarter,2019-Q3,11880,225151016.0,5.276458534835125,5.181998219992095,5.372208333236203
HCPCS 95923 – Sudomotor function (QSART) (78 months of data),8,HCPCS 95923 – Sudomotor function (QSART) (78 months of data),quarter,2019-Q4,10323,223888589.0,4.610775406691227,4.522254706787071,4.7005931525211
HCPCS 95923 – Sudomotor function (QSART) (78 months of data),8,HCPCS 95923 – Sudomotor function (QSART) (78 months of data),quarter,2020-Q1,10092,223452397.0,4.516398183904914,4.42870744420406,4.605388550424045
HCPCS 95923 – Sudomotor function (QSART) (78 months of data),8,HCPCS 95923 – Sudomotor function (QSART) (78 months of data),quarter,2020-Q2,5289,231340007.0,2.286245283981512,2.2250410503008142,2.3487064359241305
HCPCS 95923 – Sudomotor function (QSART) (78 months of data),8,HCPCS 95923 – Sudomotor function (QSART) (78 months of data),quarter,2020-Q3,10646,240451013.0,4.427513058553844,4.343804031622194,4.512429728883008
HCPCS 95923 – Sudomotor function (QSART) (78 months of data),8,HCPCS 95923 – Sudomotor function (QSART) (78 months of data),quarter,2020-Q4,9762,252197294.0,3.8707790417449917,3.794370168871168,3.9483394774604887
HCPCS 95923 – Sudomotor function (QSART) (78 months of data),8,HCPCS 95923 – Sudomotor function (QSART) (78 months of data),quarter,2021-Q1,12212,256211709.0,4.7663707672314075,4.68220488846983,4.851669756810227
HCPCS 95923 – Sudomotor function (QSART) (78 months of data),8,HCPCS 95923 – Sudomotor function (QSART) (78 months of data),quarter,2021-Q2,13558,261559386.0,5.183526466911037,5.096637105984688,5.271525599526562
HCPCS 95923 – Sudomotor function (QSART) (78 months of data),8,HCPCS 95923 – Sudomotor function (QSART) (78 months of data),quarter,2021-Q3,11473,266799594.0,4.300231431386661,4.221900319719837,4.379650791713163
HCPCS 95923 – Sudomotor function (QSART) (78 months of data),8,HCPCS 95923 – Sudomotor function (QSART) (78 months of data),quarter,2021-Q4,11099,272358419.0,4.075144818636945,3.99967921011224,4.151676520686664
HCPCS 95923 – Sudomotor function (QSART) (78 months of data),8,HCPCS 95923 – Sudomotor function (QSART) (78 months of data),quarter,2022-Q1,12246,277314434.0,4.415925930490873,4.338056150276133,4.494842591050118
HCPCS 95923 – Sudomotor function (QSART) (78 months of data),8,HCPCS 95923 – Sudomotor function (QSART) (78 months of data),quarter,2022-Q2,13291,282016994.5,4.712836552124875,4.63305095490737,4.793651447570522
HCPCS 95923 – Sudomotor function (QSART) (78 months of data),8,HCPCS 95923 – Sudomotor function (QSART) (78 months of data),quarter,2022-Q3,12711,287178648.0,4.426164719599906,4.349549105285509,4.503791198491204
HCPCS 95923 – Sudomotor function (QSART) (78 months of data),8,HCPCS 95923 – Sudomotor function (QSART) (78 months of data),quarter,2022-Q4,11135,292152539.0,3.8113651307339826,3.740897989711796,3.8828261294412614
HCPCS 95923 – Sudomotor function (QSART) (78 months of data),8,HCPCS 95923 – Sudomotor function (QSART) (78 months of data),quarter,2023-Q1,12284,297686543.0,4.126488176524661,4.053834439838333,4.200117145950703
HCPCS 95923 – Sudomotor function (QSART) (78 months of data),8,HCPCS 95923 – Sudomotor function (QSART) (78 months of data),quarter,2023-Q2,13556,298365151.0,4.543426051791149,4.467260841181413,4.620564134945086
HCPCS 95923 – Sudomotor function (QSART) (78 months of data),8,HCPCS 95923 – Sudomotor function (QSART) (78 months of data),quarter,2023-Q3,11957,289816874.0,4.125708705284013,4.052086506373742,4.200332659671903
HCPCS 95923 – Sudomotor function (QSART) (78 months of data),8,HCPCS 95923 – Sudomotor function (QSART) (78 months of data),quarter,2023-Q4,11351,276383178.0,4.10697933287387,4.03176929138989,4.183239905700907
HCPCS 95923 – Sudomotor function (QSART) (78 months of data),8,HCPCS 95923 – Sudomotor function (QSART) (78 months of data),quarter,2024-Q1,11050,267644460.0,4.128611516935565,4.051987239835375,4.206320672092259
HCPCS 95923 – Sudomotor function (QSART) (78 months of data),8,HCPCS 95923 – Sudomotor function (QSART) (78 months of data),quarter,2024-Q2,10569,258952546.0,4.081442782956843,4.003997498323143,4.160009441088541
Custom Aggregate 95921 and 95923,10,Custom Aggregate 95921 and 95923,quarter,2018-Q1,22232,230550049.0,9.643025493349603,9.516679760812114,9.770629465558747
Custom Aggregate 95921 and 95923,10,Custom Aggregate 95921 and 95923,quarter,2018-Q2,19808,228935769.0,8.652208471625944,8.532131683916186,8.773552541413295
Custom Aggregate 95921 and 95923,10,Custom Aggregate 95921 and 95923,quarter,2018-Q3,16584,227904788.0,7.276722944495575,7.166390254544806,7.388328932573386
Custom Aggregate 95921 and 95923,10,Custom Aggregate 95921 and 95923,quarter,2018-Q4,14333,226095567.0,6.3393547207407215,6.235991659638224,6.444001523008766
Custom Aggregate 95921 and 95923,10,Custom Aggregate 95921 and 95923,quarter,2019-Q1,19363,225406912.0,8.590242343588825,8.469668153934867,8.7121036904739
Custom Aggregate 95921 and 95923,10,Custom Aggregate 95921 and 95923,quarter,2019-Q2,22623,224099443.0,10.095071945359543,9.963947659405113,10.227490663465732
Custom Aggregate 95921 and 95923,10,Custom Aggregate 95921 and 95923,quarter,2019-Q3,20392,225151016.0,9.057032192117667,8.933143965377264,9.182208959229982
Custom Aggregate 95921 and 95923,10,Custom Aggregate 95921 and 95923,quarter,2019-Q4,17358,223888589.0,7.752963238336368,7.63805057708498,7.869171962144744
Custom Aggregate 95921 and 95923,10,Custom Aggregate 95921 and 95923,quarter,2020-Q1,12365,149176444.0,8.28884217135515,8.143379913543805,8.436250519056228
Custom Aggregate 95921 and 95923,10,Custom Aggregate 95921 and 95923,quarter,2020-Q2,4406,78055480.0,5.644702972808571,5.4792460602733035,5.813886770563465
Custom Aggregate 95921 and 95923,10,Custom Aggregate 95921 and 95923,quarter,2020-Q3,16568,240451013.0,6.890384778707503,6.785859664377219,6.996116754687638
Custom Aggregate 95921 and 95923,10,Custom Aggregate 95921 and 95923,quarter,2020-Q4,15074,252197294.0,5.977066510475723,5.882026466641748,6.073257351199045
Custom Aggregate 95921 and 95923,10,Custom Aggregate 95921 and 95923,quarter,2021-Q1,19162,256211709.0,7.478971228438275,7.37344783105616,7.58562704016012
Custom Aggregate 95921 and 95923,10,Custom Aggregate 95921 and 95923,quarter,2021-Q2,21395,261559386.0,8.179786750225817,8.070543417554372,8.290139199763548
Custom Aggregate 95921 and 95923,10,Custom Aggregate 95921 and 95923,quarter,2021-Q3,18006,266799594.0,6.748885832262549,6.650665235273888,6.8481939876483295
Custom Aggregate 95921 and 95923,10,Custom Aggregate 95921 and 95923,quarter,2021-Q4,17803,272358419.0,6.536607190394948,6.440937150691484,6.633342606682167
Custom Aggregate 95921 and 95923,10,Custom Aggregate 95921 and 95923,quarter,2022-Q1,21089,277314434.0,7.6047249671829205,7.502430018112149,7.708066038362067
Custom Aggregate 95921 and 95923,10,Custom Aggregate 95921 and 95923,quarter,2022-Q2,23120,282016994.5,8.198087509226328,8.092750104506685,8.304453484925576
Custom Aggregate 95921 and 95923,10,Custom Aggregate 95921 and 95923,quarter,2022-Q3,22113,287178648.0,7.700085000748385,7.598926027587478,7.802254108133188
Custom Aggregate 95921 and 95923,10,Custom Aggregate 95921 and 95923,quarter,2022-Q4,18906,292152539.0,6.4712769790441556,6.379357577269578,6.564189500992925
Custom Aggregate 95921 and 95923,10,Custom Aggregate 95921 and 95923,quarter,2023-Q1,21044,297686543.0,7.069180819503822,6.973988466420946,7.165347705990815
Custom Aggregate 95921 and 95923,10,Custom Aggregate 95921 and 95923,quarter,2023-Q2,23220,298365151.0,7.782410218544592,7.682628729063105,7.883163916437746
Custom Aggregate 95921 and 95923,10,Custom Aggregate 95921 and 95923,quarter,2023-Q3,20543,289816874.0,7.088269125420213,6.991666763417402,7.185872511442274
Custom Aggregate 95921 and 95923,10,Custom Aggregate 95921 and 95923,quarter,2023-Q4,19587,276383178.0,7.086900202008676,6.987995641957499,7.186854500717565
Custom Aggregate 95921 and 95923,10,Custom Aggregate 95921 and 95923,quarter,2024-Q1,19731,267644460.0,7.372093560240328,7.269583670743797,7.47568745331231
Custom Aggregate 95921 and 95923,10,Custom Aggregate 95921 and 95923,quarter,2024-Q2,18685,258952546.0,7.215607758496416,7.112513533688753,7.319822446411264
Aggregate Neurophysiologic Autonomic Testing,12,Aggregate Neurophysiologic Autonomic Testing,quarter,2018-Q1,3555,230550049.0,1.541964538901486,1.4916888941785187,1.5935026873255798
Aggregate Neurophysiologic Autonomic Testing,12,Aggregate Neurophysiologic Autonomic Testing,quarter,2018-Q2,3174,228935769.0,1.386415069110498,1.338597820877786,1.4355041398733943
Aggregate Neurophysiologic Autonomic Testing,12,Aggregate Neurophysiologic Autonomic Testing,quarter,2018-Q3,2933,227904788.0,1.2869409307890451,1.2407831401367295,1.3343766031459363
Aggregate Neurophysiologic Autonomic Testing,12,Aggregate Neurophysiologic Autonomic Testing,quarter,2018-Q4,2430,226095567.0,1.074766760022323,1.0324546209635033,1.1183677914202825
Aggregate Neurophysiologic Autonomic Testing,12,Aggregate Neurophysiologic Autonomic Testing,quarter,2019-Q1,2223,225406912.0,0.9862164297783379,0.9456413712117487,1.028084717551415
Aggregate Neurophysiologic Autonomic Testing,12,Aggregate Neurophysiologic Autonomic Testing,quarter,2019-Q2,2055,224099443.0,0.9170036178983273,0.8777806797679977,0.9575276997068343
Aggregate Neurophysiologic Autonomic Testing,12,Aggregate Neurophysiologic Autonomic Testing,quarter,2019-Q3,1776,225151016.0,0.7888039021773724,0.752540768887993,0.8263628239862977
Aggregate Neurophysiologic Autonomic Testing,12,Aggregate Neurophysiologic Autonomic Testing,quarter,2019-Q4,1931,223888589.0,0.8624825448339397,0.824438644707802,0.9018291172518534
Aggregate Neurophysiologic Autonomic Testing,12,Aggregate Neurophysiologic Autonomic Testing,quarter,2020-Q1,1216,149176444.0,0.8151421011215416,0.7699645581577922,0.8622785948220119
Aggregate Neurophysiologic Autonomic Testing,12,Aggregate Neurophysiologic Autonomic Testing,quarter,2020-Q2,450,78055480.0,0.5765130135641983,0.5244705298144914,0.6323222840260161
Aggregate Neurophysiologic Autonomic Testing,12,Aggregate Neurophysiologic Autonomic Testing,quarter,2020-Q3,1395,240451013.0,0.580159751707929,0.5501110710991157,0.6114230012155278
Aggregate Neurophysiologic Autonomic Testing,12,Aggregate Neurophysiologic Autonomic Testing,quarter,2020-Q4,1411,252197294.0,0.5594826088816004,0.5306674726302401,0.5894556858650948
Aggregate Neurophysiologic Autonomic Testing,12,Aggregate Neurophysiologic Autonomic Testing,quarter,2021-Q1,1855,256211709.0,0.7240106266962217,0.6914344520352208,0.7577253066487817
Aggregate Neurophysiologic Autonomic Testing,12,Aggregate Neurophysiologic Autonomic Testing,quarter,2021-Q2,2172,261559386.0,0.8304041515069163,0.7958449775442127,0.8660778980253259
Aggregate Neurophysiologic Autonomic Testing,12,Aggregate Neurophysiologic Autonomic Testing,quarter,2021-Q3,1537,266799594.0,0.5760878331771375,0.5476439768563512,0.6056258483027198
Aggregate Neurophysiologic Autonomic Testing,12,Aggregate Neurophysiologic Autonomic Testing,quarter,2021-Q4,1499,272358419.0,0.5503776991744103,0.5228653412599554,0.5789619988943653
Aggregate Neurophysiologic Autonomic Testing,12,Aggregate Neurophysiologic Autonomic Testing,quarter,2022-Q1,104,277314434.0,0.037502555672958585,0.03064230558952098,0.04544062318624401
Aggregate Neurophysiologic Autonomic Testing,12,Aggregate Neurophysiologic Autonomic Testing,quarter,2022-Q2,272,282016994.5,0.09644808834383915,0.08532562641397828,0.10861771769977448
Aggregate Neurophysiologic Autonomic Testing,12,Aggregate Neurophysiologic Autonomic Testing,quarter,2022-Q3,370,287178648.0,0.12883966220218435,0.11604457576034295,0.14266019480218958
Aggregate Neurophysiologic Autonomic Testing,12,Aggregate Neurophysiologic Autonomic Testing,quarter,2022-Q4,219,292152539.0,0.07496084091879139,0.06536093553562572,0.08557386649165619
Aggregate Neurophysiologic Autonomic Testing,12,Aggregate Neurophysiologic Autonomic Testing,quarter,2023-Q1,464,297686543.0,0.1558686514089419,0.1420071143253535,0.1707176335484527
Aggregate Neurophysiologic Autonomic Testing,12,Aggregate Neurophysiologic Autonomic Testing,quarter,2023-Q2,412,298365151.0,0.1380858316124191,0.12507242557796522,0.15208535705063767
Aggregate Neurophysiologic Autonomic Testing,12,Aggregate Neurophysiologic Autonomic Testing,quarter,2023-Q3,439,289816874.0,0.15147496208243555,0.13763497954047607,0.1663296372451707
Aggregate Neurophysiologic Autonomic Testing,12,Aggregate Neurophysiologic Autonomic Testing,quarter,2023-Q4,313,276383178.0,0.11324857115580311,0.10104860511608,0.12651561881110426
Aggregate Neurophysiologic Autonomic Testing,12,Aggregate Neurophysiologic Autonomic Testing,quarter,2024-Q1,191,267644460.0,0.07136333029273238,0.06160111970738792,0.08223314538540173
Aggregate Neurophysiologic Autonomic Testing,12,Aggregate Neurophysiologic Autonomic Testing,quarter,2024-Q2,132,258952546.0,0.05097459053366481,0.0426500183621529,0.06044936063770425
HCPCS 95943 - Quantitative autonomic function testing of parasympathetic and sympathetic functions (45 months of data),14,HCPCS 95943 - Quantitative autonomic function testing of parasympathetic and sympathetic functions (45 months of data),quarter,2018-Q1,3541,230550049.0,1.535892104711719,1.4857163679076595,1.587330359228432
HCPCS 95943 - Quantitative autonomic function testing of parasympathetic and sympathetic functions (45 months of data),14,HCPCS 95943 - Quantitative autonomic function testing of parasympathetic and sympathetic functions (45 months of data),quarter,2018-Q2,3174,228935769.0,1.386415069110498,1.338597820877786,1.4355041398733943
HCPCS 95943 - Quantitative autonomic function testing of parasympathetic and sympathetic functions (45 months of data),14,HCPCS 95943 - Quantitative autonomic function testing of parasympathetic and sympathetic functions (45 months of data),quarter,2018-Q3,2933,227904788.0,1.2869409307890451,1.2407831401367295,1.3343766031459363
HCPCS 95943 - Quantitative autonomic function testing of parasympathetic and sympathetic functions (45 months of data),14,HCPCS 95943 - Quantitative autonomic function testing of parasympathetic and sympathetic functions (45 months of data),quarter,2018-Q4,2430,226095567.0,1.074766760022323,1.0324546209635033,1.1183677914202825
HCPCS 95943 - Quantitative autonomic function testing of parasympathetic and sympathetic functions (45 months of data),14,HCPCS 95943 - Quantitative autonomic function testing of parasympathetic and sympathetic functions (45 months of data),quarter,2019-Q1,2223,225406912.0,0.9862164297783379,0.9456413712117487,1.028084717551415
HCPCS 95943 - Quantitative autonomic function testing of parasympathetic and sympathetic functions (45 months of data),14,HCPCS 95943 - Quantitative autonomic function testing of parasympathetic and sympathetic functions (45 months of data),quarter,2019-Q2,2043,224099443.0,0.9116488522463663,0.8725418469135264,0.9520570293659968
HCPCS 95943 - Quantitative autonomic function testing of parasympathetic and sympathetic functions (45 months of data),14,HCPCS 95943 - Quantitative autonomic function testing of parasympathetic and sympathetic functions (45 months of data),quarter,2019-Q3,1763,225151016.0,0.7830299997402633,0.7469013855982692,0.8204544401491332
HCPCS 95943 - Quantitative autonomic function testing of parasympathetic and sympathetic functions (45 months of data),14,HCPCS 95943 - Quantitative autonomic function testing of parasympathetic and sympathetic functions (45 months of data),quarter,2019-Q4,1914,223888589.0,0.8548894825542003,0.8170152982765521,0.8940663829704939
HCPCS 95943 - Quantitative autonomic function testing of parasympathetic and sympathetic functions (45 months of data),14,HCPCS 95943 - Quantitative autonomic function testing of parasympathetic and sympathetic functions (45 months of data),quarter,2020-Q1,1204,149176444.0,0.8070979356499475,0.7621470336965628,0.8540078812020501
HCPCS 95943 - Quantitative autonomic function testing of parasympathetic and sympathetic functions (45 months of data),14,HCPCS 95943 - Quantitative autonomic function testing of parasympathetic and sympathetic functions (45 months of data),quarter,2020-Q2,450,78055480.0,0.5765130135641983,0.5244705298144914,0.6323222840260161
HCPCS 95943 - Quantitative autonomic function testing of parasympathetic and sympathetic functions (45 months of data),14,HCPCS 95943 - Quantitative autonomic function testing of parasympathetic and sympathetic functions (45 months of data),quarter,2020-Q3,1395,240451013.0,0.580159751707929,0.5501110710991157,0.6114230012155278
HCPCS 95943 - Quantitative autonomic function testing of parasympathetic and sympathetic functions (45 months of data),14,HCPCS 95943 - Quantitative autonomic function testing of parasympathetic and sympathetic functions (45 months of data),quarter,2020-Q4,1411,252197294.0,0.5594826088816004,0.5306674726302401,0.5894556858650948
HCPCS 95943 - Quantitative autonomic function testing of parasympathetic and sympathetic functions (45 months of data),14,HCPCS 95943 - Quantitative autonomic function testing of parasympathetic and sympathetic functions (45 months of data),quarter,2021-Q1,1855,256211709.0,0.7240106266962217,0.6914344520352208,0.7577253066487817
HCPCS 95943 - Quantitative autonomic function testing of parasympathetic and sympathetic functions (45 months of data),14,HCPCS 95943 - Quantitative autonomic function testing of parasympathetic and sympathetic functions (45 months of data),quarter,2021-Q2,2172,261559386.0,0.8304041515069163,0.7958449775442127,0.8660778980253259
HCPCS 95943 - Quantitative autonomic function testing of parasympathetic and sympathetic functions (45 months of data),14,HCPCS 95943 - Quantitative autonomic function testing of parasympathetic and sympathetic functions (45 months of data),quarter,2021-Q3,1537,266799594.0,0.5760878331771375,0.5476439768563512,0.6056258483027198
HCPCS 95943 - Quantitative autonomic function testing of parasympathetic and sympathetic functions (45 months of data),14,HCPCS 95943 - Quantitative autonomic function testing of parasympathetic and sympathetic functions (45 months of data),quarter,2021-Q4,1499,272358419.0,0.5503776991744103,0.5228653412599554,0.5789619988943653
HCPCS 95943 - Quantitative autonomic function testing of parasympathetic and sympathetic functions (45 months of data),14,HCPCS 95943 - Quantitative autonomic function testing of parasympathetic and sympathetic functions (45 months of data),quarter,2022-Q1,13,277314434.0,0.004687819459119823,0.0024960664294177352,0.00801631404377562
HCPCS 95943 - Quantitative autonomic function testing of parasympathetic and sympathetic functions (45 months of data),14,HCPCS 95943 - Quantitative autonomic function testing of parasympathetic and sympathetic functions (45 months of data),quarter,2022-Q2,0,282016994.5,0.0,0.0,0.0013080344539711543
HCPCS 95943 - Quantitative autonomic function testing of parasympathetic and sympathetic functions (45 months of data),14,HCPCS 95943 - Quantitative autonomic function testing of parasympathetic and sympathetic functions (45 months of data),quarter,2022-Q3,0,287178648.0,0.0,0.0,0.0012845242777638312
HCPCS 95943 - Quantitative autonomic function testing of parasympathetic and sympathetic functions (45 months of data),14,HCPCS 95943 - Quantitative autonomic function testing of parasympathetic and sympathetic functions (45 months of data),quarter,2022-Q4,0,292152539.0,0.0,0.0,0.0012626552782120217
HCPCS 95943 - Quantitative autonomic function testing of parasympathetic and sympathetic functions (45 months of data),14,HCPCS 95943 - Quantitative autonomic function testing of parasympathetic and sympathetic functions (45 months of data),quarter,2023-Q1,0,297686543.0,0.0,0.0,0.0012391824692303728
HCPCS 95943 - Quantitative autonomic function testing of parasympathetic and sympathetic functions (45 months of data),14,HCPCS 95943 - Quantitative autonomic function testing of parasympathetic and sympathetic functions (45 months of data),quarter,2023-Q2,0,298365151.0,0.0,0.0,0.001236364046454586
HCPCS 95943 - Quantitative autonomic function testing of parasympathetic and sympathetic functions (45 months of data),14,HCPCS 95943 - Quantitative autonomic function testing of parasympathetic and sympathetic functions (45 months of data),quarter,2023-Q3,0,289816874.0,0.0,0.0,0.0012728311513407378
HCPCS 95943 - Quantitative autonomic function testing of parasympathetic and sympathetic functions (45 months of data),14,HCPCS 95943 - Quantitative autonomic function testing of parasympathetic and sympathetic functions (45 months of data),quarter,2023-Q4,0,276383178.0,0.0,0.0,0.0013346975314517642
HCPCS 95943 - Quantitative autonomic function testing of parasympathetic and sympathetic functions (45 months of data),14,HCPCS 95943 - Quantitative autonomic function testing of parasympathetic and sympathetic functions (45 months of data),quarter,2024-Q1,0,267644460.0,0.0,0.0,0.0013782760360942779
HCPCS 95943 - Quantitative autonomic function testing of parasympathetic and sympathetic functions (45 months of data),14,HCPCS 95943 - Quantitative autonomic function testing of parasympathetic and sympathetic functions (45 months of data),quarter,2024-Q2,0,258952546.0,0.0,0.0,0.0014245387856174757
"HCPCS 93041 – Rhythm ECG (limited, interpretation dependent) (78 months of data)",17,"HCPCS 93041 – Rhythm ECG (limited, interpretation dependent) (78 months of data)",quarter,2018-Q1,44521,230550049.0,19.310774468757543,19.131809234902445,19.490997107363285
"HCPCS 93041 – Rhythm ECG (limited, interpretation dependent) (78 months of data)",17,"HCPCS 93041 – Rhythm ECG (limited, interpretation dependent) (78 months of data)",quarter,2018-Q2,43202,228935769.0,18.870795153028272,18.693263997839242,19.049592609920282
"HCPCS 93041 – Rhythm ECG (limited, interpretation dependent) (78 months of data)",17,"HCPCS 93041 – Rhythm ECG (limited, interpretation dependent) (78 months of data)",quarter,2018-Q3,38124,227904788.0,16.72803820163708,16.560537485930126,16.89681108074671
"HCPCS 93041 – Rhythm ECG (limited, interpretation dependent) (78 months of data)",17,"HCPCS 93041 – Rhythm ECG (limited, interpretation dependent) (78 months of data)",quarter,2018-Q4,36894,226095567.0,16.317878536733982,16.151790304797153,16.48524914859633
"HCPCS 93041 – Rhythm ECG (limited, interpretation dependent) (78 months of data)",17,"HCPCS 93041 – Rhythm ECG (limited, interpretation dependent) (78 months of data)",quarter,2019-Q1,39726,225406912.0,17.624126805836372,17.451239516329093,17.79830031109678
"HCPCS 93041 – Rhythm ECG (limited, interpretation dependent) (78 months of data)",17,"HCPCS 93041 – Rhythm ECG (limited, interpretation dependent) (78 months of data)",quarter,2019-Q2,40904,224099443.0,18.252611185651183,18.076149539525257,18.430366519951818
"HCPCS 93041 – Rhythm ECG (limited, interpretation dependent) (78 months of data)",17,"HCPCS 93041 – Rhythm ECG (limited, interpretation dependent) (78 months of data)",quarter,2019-Q3,42687,225151016.0,18.959274871759852,18.779841130075248,19.139996214056097
"HCPCS 93041 – Rhythm ECG (limited, interpretation dependent) (78 months of data)",17,"HCPCS 93041 – Rhythm ECG (limited, interpretation dependent) (78 months of data)",quarter,2019-Q4,40110,223888589.0,17.915160472961844,17.74025946133007,18.091356412425554
"HCPCS 93041 – Rhythm ECG (limited, interpretation dependent) (78 months of data)",17,"HCPCS 93041 – Rhythm ECG (limited, interpretation dependent) (78 months of data)",quarter,2020-Q1,40024,223452397.0,17.911644957650644,17.73659095439161,18.087996418863707
"HCPCS 93041 – Rhythm ECG (limited, interpretation dependent) (78 months of data)",17,"HCPCS 93041 – Rhythm ECG (limited, interpretation dependent) (78 months of data)",quarter,2020-Q2,34923,231340007.0,15.095962195592048,14.938045692408934,15.255132068648097
"HCPCS 93041 – Rhythm ECG (limited, interpretation dependent) (78 months of data)",17,"HCPCS 93041 – Rhythm ECG (limited, interpretation dependent) (78 months of data)",quarter,2020-Q3,45299,240451013.0,18.839180353130804,18.666088054623796,19.01347826405301
"HCPCS 93041 – Rhythm ECG (limited, interpretation dependent) (78 months of data)",17,"HCPCS 93041 – Rhythm ECG (limited, interpretation dependent) (78 months of data)",quarter,2020-Q4,41685,252197294.0,16.528726117101,16.37043100608799,16.688170765606785
"HCPCS 93041 – Rhythm ECG (limited, interpretation dependent) (78 months of data)",17,"HCPCS 93041 – Rhythm ECG (limited, interpretation dependent) (78 months of data)",quarter,2021-Q1,42272,256211709.0,16.498855639731907,16.341944911647975,16.656897880916787
"HCPCS 93041 – Rhythm ECG (limited, interpretation dependent) (78 months of data)",17,"HCPCS 93041 – Rhythm ECG (limited, interpretation dependent) (78 months of data)",quarter,2021-Q2,44731,261559386.0,17.101661188331434,16.943540834604168,17.26088987023322
"HCPCS 93041 – Rhythm ECG (limited, interpretation dependent) (78 months of data)",17,"HCPCS 93041 – Rhythm ECG (limited, interpretation dependent) (78 months of data)",quarter,2021-Q3,45941,266799594.0,17.219291570586122,17.0621894497074,17.377480227984215
"HCPCS 93041 – Rhythm ECG (limited, interpretation dependent) (78 months of data)",17,"HCPCS 93041 – Rhythm ECG (limited, interpretation dependent) (78 months of data)",quarter,2021-Q4,41638,272358419.0,15.28794305418552,15.141448471549975,15.435502081667465
"HCPCS 93041 – Rhythm ECG (limited, interpretation dependent) (78 months of data)",17,"HCPCS 93041 – Rhythm ECG (limited, interpretation dependent) (78 months of data)",quarter,2022-Q1,37319,277314434.0,13.457287261145593,13.321095188719747,13.594524852562126
"HCPCS 93041 – Rhythm ECG (limited, interpretation dependent) (78 months of data)",17,"HCPCS 93041 – Rhythm ECG (limited, interpretation dependent) (78 months of data)",quarter,2022-Q2,40064,282016994.5,14.206236071351368,14.067464911073058,14.34603525423554
"HCPCS 93041 – Rhythm ECG (limited, interpretation dependent) (78 months of data)",17,"HCPCS 93041 – Rhythm ECG (limited, interpretation dependent) (78 months of data)",quarter,2022-Q3,41296,287178648.0,14.379899162976768,14.24153774057398,14.51927010506121
"HCPCS 93041 – Rhythm ECG (limited, interpretation dependent) (78 months of data)",17,"HCPCS 93041 – Rhythm ECG (limited, interpretation dependent) (78 months of data)",quarter,2022-Q4,38433,292152539.0,13.15511415083064,13.023919021398452,13.28730167318458
"HCPCS 93041 – Rhythm ECG (limited, interpretation dependent) (78 months of data)",17,"HCPCS 93041 – Rhythm ECG (limited, interpretation dependent) (78 months of data)",quarter,2023-Q1,35814,297686543.0,12.030775606810014,11.906494868569624,12.15603034957818
"HCPCS 93041 – Rhythm ECG (limited, interpretation dependent) (78 months of data)",17,"HCPCS 93041 – Rhythm ECG (limited, interpretation dependent) (78 months of data)",quarter,2023-Q2,36297,298365151.0,12.16529473309703,12.040461183903577,12.291100059952681
"HCPCS 93041 – Rhythm ECG (limited, interpretation dependent) (78 months of data)",17,"HCPCS 93041 – Rhythm ECG (limited, interpretation dependent) (78 months of data)",quarter,2023-Q3,32699,289816874.0,11.282641879575307,11.160678816798578,11.40560547798131
"HCPCS 93041 – Rhythm ECG (limited, interpretation dependent) (78 months of data)",17,"HCPCS 93041 – Rhythm ECG (limited, interpretation dependent) (78 months of data)",quarter,2023-Q4,27767,276383178.0,10.04655934595267,9.928734120236046,10.165433905422173
"HCPCS 93041 – Rhythm ECG (limited, interpretation dependent) (78 months of data)",17,"HCPCS 93041 – Rhythm ECG (limited, interpretation dependent) (78 months of data)",quarter,2024-Q1,25163,267644460.0,9.401651728565575,9.285842155526462,9.518545007305624
"HCPCS 93041 – Rhythm ECG (limited, interpretation dependent) (78 months of data)",17,"HCPCS 93041 – Rhythm ECG (limited, interpretation dependent) (78 months of data)",quarter,2024-Q2,26761,258952546.0,10.334325888419725,10.210875399317064,10.458896386324257
"HCPCS 93042 – Rhythm ECG (limited, interpretation dependent) (78 months of data)",19,"HCPCS 93042 – Rhythm ECG (limited, interpretation dependent) (78 months of data)",quarter,2018-Q1,27427,230550049.0,11.896332323052336,11.755953525304056,12.037969076834516
"HCPCS 93042 – Rhythm ECG (limited, interpretation dependent) (78 months of data)",19,"HCPCS 93042 – Rhythm ECG (limited, interpretation dependent) (78 months of data)",quarter,2018-Q2,25320,228935769.0,11.059870683641401,10.924056903086486,11.196951395587078
"HCPCS 93042 – Rhythm ECG (limited, interpretation dependent) (78 months of data)",19,"HCPCS 93042 – Rhythm ECG (limited, interpretation dependent) (78 months of data)",quarter,2018-Q3,25441,227904788.0,11.162994960860585,11.026240205538755,11.30102237241329
"HCPCS 93042 – Rhythm ECG (limited, interpretation dependent) (78 months of data)",19,"HCPCS 93042 – Rhythm ECG (limited, interpretation dependent) (78 months of data)",quarter,2018-Q4,24599,226095567.0,10.879912563699225,10.744370833068107,11.016737180414742
"HCPCS 93042 – Rhythm ECG (limited, interpretation dependent) (78 months of data)",19,"HCPCS 93042 – Rhythm ECG (limited, interpretation dependent) (78 months of data)",quarter,2019-Q1,28648,225406912.0,12.709459415335052,12.562707104995367,12.857498328186669
"HCPCS 93042 – Rhythm ECG (limited, interpretation dependent) (78 months of data)",19,"HCPCS 93042 – Rhythm ECG (limited, interpretation dependent) (78 months of data)",quarter,2019-Q2,28814,224099443.0,12.857684791300441,12.709648016040495,13.007015668088952
"HCPCS 93042 – Rhythm ECG (limited, interpretation dependent) (78 months of data)",19,"HCPCS 93042 – Rhythm ECG (limited, interpretation dependent) (78 months of data)",quarter,2019-Q3,31111,225151016.0,13.817836824684814,13.66471452693524,13.97224708351525
"HCPCS 93042 – Rhythm ECG (limited, interpretation dependent) (78 months of data)",19,"HCPCS 93042 – Rhythm ECG (limited, interpretation dependent) (78 months of data)",quarter,2019-Q4,28680,223888589.0,12.809942716642876,12.662112459591304,12.959068299990076
"HCPCS 93042 – Rhythm ECG (limited, interpretation dependent) (78 months of data)",19,"HCPCS 93042 – Rhythm ECG (limited, interpretation dependent) (78 months of data)",quarter,2020-Q1,28508,223452397.0,12.757974576571671,12.610301839800108,12.906945175978228
"HCPCS 93042 – Rhythm ECG (limited, interpretation dependent) (78 months of data)",19,"HCPCS 93042 – Rhythm ECG (limited, interpretation dependent) (78 months of data)",quarter,2020-Q2,22285,231340007.0,9.63300740282246,9.50694261742507,9.760326127999509
"HCPCS 93042 – Rhythm ECG (limited, interpretation dependent) (78 months of data)",19,"HCPCS 93042 – Rhythm ECG (limited, interpretation dependent) (78 months of data)",quarter,2020-Q3,29683,240451013.0,12.34471821501538,12.20467753035006,12.485964962106957
"HCPCS 93042 – Rhythm ECG (limited, interpretation dependent) (78 months of data)",19,"HCPCS 93042 – Rhythm ECG (limited, interpretation dependent) (78 months of data)",quarter,2020-Q4,30172,252197294.0,11.963649379996916,11.829032807780424,12.099415823042216
"HCPCS 93042 – Rhythm ECG (limited, interpretation dependent) (78 months of data)",19,"HCPCS 93042 – Rhythm ECG (limited, interpretation dependent) (78 months of data)",quarter,2021-Q1,32706,256211709.0,12.765224558882279,12.627249806988674,12.904331078139778
"HCPCS 93042 – Rhythm ECG (limited, interpretation dependent) (78 months of data)",19,"HCPCS 93042 – Rhythm ECG (limited, interpretation dependent) (78 months of data)",quarter,2021-Q2,39987,261559386.0,15.287923943971943,15.13844313668781,15.438513181431432
"HCPCS 93042 – Rhythm ECG (limited, interpretation dependent) (78 months of data)",19,"HCPCS 93042 – Rhythm ECG (limited, interpretation dependent) (78 months of data)",quarter,2021-Q3,36823,266799594.0,13.801745140586684,13.661131840925602,13.943445176936288
"HCPCS 93042 – Rhythm ECG (limited, interpretation dependent) (78 months of data)",19,"HCPCS 93042 – Rhythm ECG (limited, interpretation dependent) (78 months of data)",quarter,2021-Q4,33044,272358419.0,12.132542155783332,12.002076452571762,12.26407251958935
"HCPCS 93042 – Rhythm ECG (limited, interpretation dependent) (78 months of data)",19,"HCPCS 93042 – Rhythm ECG (limited, interpretation dependent) (78 months of data)",quarter,2022-Q1,31780,277314434.0,11.459915570063691,11.334262678982034,11.586614132919436
"HCPCS 93042 – Rhythm ECG (limited, interpretation dependent) (78 months of data)",19,"HCPCS 93042 – Rhythm ECG (limited, interpretation dependent) (78 months of data)",quarter,2022-Q2,31237,282016994.5,11.076282851457734,10.95378819169971,11.199805763525646
"HCPCS 93042 – Rhythm ECG (limited, interpretation dependent) (78 months of data)",19,"HCPCS 93042 – Rhythm ECG (limited, interpretation dependent) (78 months of data)",quarter,2022-Q3,34025,287178648.0,11.848025693052222,11.72246473502891,11.974596341252056
"HCPCS 93042 – Rhythm ECG (limited, interpretation dependent) (78 months of data)",19,"HCPCS 93042 – Rhythm ECG (limited, interpretation dependent) (78 months of data)",quarter,2022-Q4,32112,292152539.0,10.991518372530727,10.87162417724367,11.112405121339794
"HCPCS 93042 – Rhythm ECG (limited, interpretation dependent) (78 months of data)",19,"HCPCS 93042 – Rhythm ECG (limited, interpretation dependent) (78 months of data)",quarter,2023-Q1,25023,297686543.0,8.405821690099039,8.301990392980155,8.510627332739007
"HCPCS 93042 – Rhythm ECG (limited, interpretation dependent) (78 months of data)",19,"HCPCS 93042 – Rhythm ECG (limited, interpretation dependent) (78 months of data)",quarter,2023-Q2,32222,298365151.0,10.799518607318856,10.681919424149632,10.918089673758569
"HCPCS 93042 – Rhythm ECG (limited, interpretation dependent) (78 months of data)",19,"HCPCS 93042 – Rhythm ECG (limited, interpretation dependent) (78 months of data)",quarter,2023-Q3,31881,289816874.0,11.000394683713274,10.879970922086809,11.121819004769199
"HCPCS 93042 – Rhythm ECG (limited, interpretation dependent) (78 months of data)",19,"HCPCS 93042 – Rhythm ECG (limited, interpretation dependent) (78 months of data)",quarter,2023-Q4,30316,276383178.0,10.968829658655999,10.845699587460363,11.093008972335312
"HCPCS 93042 – Rhythm ECG (limited, interpretation dependent) (78 months of data)",19,"HCPCS 93042 – Rhythm ECG (limited, interpretation dependent) (78 months of data)",quarter,2024-Q1,30423,267644460.0,11.36694553662721,11.239570394985689,11.495404175319585
"HCPCS 93042 – Rhythm ECG (limited, interpretation dependent) (78 months of data)",19,"HCPCS 93042 – Rhythm ECG (limited, interpretation dependent) (78 months of data)",quarter,2024-Q2,27684,258952546.0,10.690761851014974,10.565194207155063,10.817449464851391
HCPCS 95816 – EEG (if syncope vs seizure differentiation is needed) (78 months of data),21,HCPCS 95816 – EEG (if syncope vs seizure differentiation is needed) (78 months of data),quarter,2018-Q1,23240,230550049.0,10.08024075501281,9.951053279944892,10.210686407359514
HCPCS 95816 – EEG (if syncope vs seizure differentiation is needed) (78 months of data),21,HCPCS 95816 – EEG (if syncope vs seizure differentiation is needed) (78 months of data),quarter,2018-Q2,24471,228935769.0,10.68902430882262,10.555513926425839,10.82380166879564
HCPCS 95816 – EEG (if syncope vs seizure differentiation is needed) (78 months of data),21,HCPCS 95816 – EEG (if syncope vs seizure differentiation is needed) (78 months of data),quarter,2018-Q3,21572,227904788.0,9.465356208312745,9.339461697780484,9.592523606440293
HCPCS 95816 – EEG (if syncope vs seizure differentiation is needed) (78 months of data),21,HCPCS 95816 – EEG (if syncope vs seizure differentiation is needed) (78 months of data),quarter,2018-Q4,21750,226095567.0,9.619825938471408,9.492399802660765,9.748535135470567
HCPCS 95816 – EEG (if syncope vs seizure differentiation is needed) (78 months of data),21,HCPCS 95816 – EEG (if syncope vs seizure differentiation is needed) (78 months of data),quarter,2019-Q1,26516,225406912.0,11.76361441835466,11.6224443376595,11.906071202659053
HCPCS 95816 – EEG (if syncope vs seizure differentiation is needed) (78 months of data),21,HCPCS 95816 – EEG (if syncope vs seizure differentiation is needed) (78 months of data),quarter,2019-Q2,26612,224099443.0,11.87508529416559,11.73283400649953,12.01863078764819
HCPCS 95816 – EEG (if syncope vs seizure differentiation is needed) (78 months of data),21,HCPCS 95816 – EEG (if syncope vs seizure differentiation is needed) (78 months of data),quarter,2019-Q3,25043,225151016.0,11.122756825578792,10.985419814115277,11.261382080409025
HCPCS 95816 – EEG (if syncope vs seizure differentiation is needed) (78 months of data),21,HCPCS 95816 – EEG (if syncope vs seizure differentiation is needed) (78 months of data),quarter,2019-Q4,25495,223888589.0,11.387360165997562,11.248004141777526,11.528011672939261
HCPCS 95816 – EEG (if syncope vs seizure differentiation is needed) (78 months of data),21,HCPCS 95816 – EEG (if syncope vs seizure differentiation is needed) (78 months of data),quarter,2020-Q1,23528,223452397.0,10.529311976903967,10.395195062281239,10.664727015413126
HCPCS 95816 – EEG (if syncope vs seizure differentiation is needed) (78 months of data),21,HCPCS 95816 – EEG (if syncope vs seizure differentiation is needed) (78 months of data),quarter,2020-Q2,14244,231340007.0,6.157171076769268,6.056466643314126,6.259130160199307
HCPCS 95816 – EEG (if syncope vs seizure differentiation is needed) (78 months of data),21,HCPCS 95816 – EEG (if syncope vs seizure differentiation is needed) (78 months of data),quarter,2020-Q3,23683,240451013.0,9.849407454981277,9.724360730013615,9.975660524643073
HCPCS 95816 – EEG (if syncope vs seizure differentiation is needed) (78 months of data),21,HCPCS 95816 – EEG (if syncope vs seizure differentiation is needed) (78 months of data),quarter,2020-Q4,25194,252197294.0,9.989797907982311,9.866819046343146,10.113926851142992
HCPCS 95816 – EEG (if syncope vs seizure differentiation is needed) (78 months of data),21,HCPCS 95816 – EEG (if syncope vs seizure differentiation is needed) (78 months of data),quarter,2021-Q1,29343,256211709.0,11.452638177437862,11.321969001560209,11.584439238403077
HCPCS 95816 – EEG (if syncope vs seizure differentiation is needed) (78 months of data),21,HCPCS 95816 – EEG (if syncope vs seizure differentiation is needed) (78 months of data),quarter,2021-Q2,32468,261559386.0,12.413242169026962,12.278582335633846,12.549010637955181
HCPCS 95816 – EEG (if syncope vs seizure differentiation is needed) (78 months of data),21,HCPCS 95816 – EEG (if syncope vs seizure differentiation is needed) (78 months of data),quarter,2021-Q3,28749,266799594.0,10.775503653877374,10.651300272207939,10.900794024018515
HCPCS 95816 – EEG (if syncope vs seizure differentiation is needed) (78 months of data),21,HCPCS 95816 – EEG (if syncope vs seizure differentiation is needed) (78 months of data),quarter,2021-Q4,29044,272358419.0,10.66388918934061,10.541596370230927,10.787246800741777
HCPCS 95816 – EEG (if syncope vs seizure differentiation is needed) (78 months of data),21,HCPCS 95816 – EEG (if syncope vs seizure differentiation is needed) (78 months of data),quarter,2022-Q1,32367,277314434.0,11.671588648717794,11.54477747039299,11.799445480787517
HCPCS 95816 – EEG (if syncope vs seizure differentiation is needed) (78 months of data),21,HCPCS 95816 – EEG (if syncope vs seizure differentiation is needed) (78 months of data),quarter,2022-Q2,33975,282016994.5,12.047146328977703,11.919381501656753,12.17593932784732
HCPCS 95816 – EEG (if syncope vs seizure differentiation is needed) (78 months of data),21,HCPCS 95816 – EEG (if syncope vs seizure differentiation is needed) (78 months of data),quarter,2022-Q3,31408,287178648.0,10.936746244449203,10.816123550421896,11.058378704066545
HCPCS 95816 – EEG (if syncope vs seizure differentiation is needed) (78 months of data),21,HCPCS 95816 – EEG (if syncope vs seizure differentiation is needed) (78 months of data),quarter,2022-Q4,30760,292152539.0,10.528746423114262,10.4114102116682,10.64707522871277
HCPCS 95816 – EEG (if syncope vs seizure differentiation is needed) (78 months of data),21,HCPCS 95816 – EEG (if syncope vs seizure differentiation is needed) (78 months of data),quarter,2023-Q1,39474,297686543.0,13.260256779561582,13.129764183421766,13.391723297743273
HCPCS 95816 – EEG (if syncope vs seizure differentiation is needed) (78 months of data),21,HCPCS 95816 – EEG (if syncope vs seizure differentiation is needed) (78 months of data),quarter,2023-Q2,38553,298365151.0,12.921415209110664,12.79275095642804,13.051051188328199
HCPCS 95816 – EEG (if syncope vs seizure differentiation is needed) (78 months of data),21,HCPCS 95816 – EEG (if syncope vs seizure differentiation is needed) (78 months of data),quarter,2023-Q3,36358,289816874.0,12.545163260576746,12.4165394705713,12.674787489769432
HCPCS 95816 – EEG (if syncope vs seizure differentiation is needed) (78 months of data),21,HCPCS 95816 – EEG (if syncope vs seizure differentiation is needed) (78 months of data),quarter,2023-Q4,32301,276383178.0,11.687035453366123,11.559927135966968,11.815192949785065
HCPCS 95816 – EEG (if syncope vs seizure differentiation is needed) (78 months of data),21,HCPCS 95816 – EEG (if syncope vs seizure differentiation is needed) (78 months of data),quarter,2024-Q1,36283,267644460.0,13.556417345608423,13.417282096011277,13.696635915547798
HCPCS 95816 – EEG (if syncope vs seizure differentiation is needed) (78 months of data),21,HCPCS 95816 – EEG (if syncope vs seizure differentiation is needed) (78 months of data),quarter,2024-Q2,34396,258952546.0,13.282742545423748,13.142736217184726,13.423868610061044
Aggregate Skin Biopsy,25,Aggregate Skin Biopsy,quarter,2018-Q1,34745,230550049.0,15.070480423103271,14.912428223557558,15.229790292885724
Aggregate Skin Biopsy,25,Aggregate Skin Biopsy,quarter,2018-Q2,38904,228935769.0,16.993412680741905,16.824964921392805,17.16312685242229
Aggregate Skin Biopsy,25,Aggregate Skin Biopsy,quarter,2018-Q3,38302,227904788.0,16.80614099252711,16.638248733004477,16.97530541033658
Aggregate Skin Biopsy,25,Aggregate Skin Biopsy,quarter,2018-Q4,34046,226095567.0,15.058234202353908,14.898701745707466,15.219049131275314
Aggregate Skin Biopsy,25,Aggregate Skin Biopsy,quarter,2019-Q1,29452,225406912.0,13.066147678736666,12.917344463375107,13.216237461365475
Aggregate Skin Biopsy,25,Aggregate Skin Biopsy,quarter,2019-Q2,33208,224099443.0,14.818421480860172,14.659466438902523,14.978670448146696
Aggregate Skin Biopsy,25,Aggregate Skin Biopsy,quarter,2019-Q3,36626,225151016.0,16.26730389704304,16.10112729891968,16.434768263181002
Aggregate Skin Biopsy,25,Aggregate Skin Biopsy,quarter,2019-Q4,31576,223888589.0,14.103443208532616,13.948307849058187,14.259873773124824
Aggregate Skin Biopsy,25,Aggregate Skin Biopsy,quarter,2020-Q1,23741,149176444.0,15.914711038426415,15.712906232305674,16.118460293811694
Aggregate Skin Biopsy,25,Aggregate Skin Biopsy,quarter,2020-Q2,9001,78055480.0,11.531541411314107,11.294530657615121,11.772273389847415
Aggregate Skin Biopsy,25,Aggregate Skin Biopsy,quarter,2020-Q3,33693,240451013.0,14.012417572971506,13.863191293042306,14.162849770327636
Aggregate Skin Biopsy,25,Aggregate Skin Biopsy,quarter,2020-Q4,32833,252197294.0,13.018775689163423,12.878332075022216,13.160369081712197
Aggregate Skin Biopsy,25,Aggregate Skin Biopsy,quarter,2021-Q1,37303,256211709.0,14.559443885525154,14.4120661167332,14.70795328728148
Aggregate Skin Biopsy,25,Aggregate Skin Biopsy,quarter,2021-Q2,43326,261559386.0,16.564498281854814,16.408886761681472,16.7212181586592
Aggregate Skin Biopsy,25,Aggregate Skin Biopsy,quarter,2021-Q3,42624,266799594.0,15.976036305362593,15.824724995384026,16.128434217203978
Aggregate Skin Biopsy,25,Aggregate Skin Biopsy,quarter,2021-Q4,36071,272358419.0,13.243945288138862,13.107619230842005,13.38133592128579
Aggregate Skin Biopsy,25,Aggregate Skin Biopsy,quarter,2022-Q1,39942,277314434.0,14.40314498739723,14.262236170739454,14.54509926204833
Aggregate Skin Biopsy,25,Aggregate Skin Biopsy,quarter,2022-Q2,46765,282016994.5,16.58233401249867,16.43237903755465,16.73331688103495
Aggregate Skin Biopsy,25,Aggregate Skin Biopsy,quarter,2022-Q3,46635,287178648.0,16.239020667023965,16.091966215352222,16.38708453946546
Aggregate Skin Biopsy,25,Aggregate Skin Biopsy,quarter,2022-Q4,38872,292152539.0,13.305378119613056,13.173433981435108,13.43831464103744
Aggregate Skin Biopsy,25,Aggregate Skin Biopsy,quarter,2023-Q1,49697,297686543.0,16.694405967823677,16.547948760398143,16.841836917309905
Aggregate Skin Biopsy,25,Aggregate Skin Biopsy,quarter,2023-Q2,52299,298365151.0,17.528521620140552,17.3786127715252,17.679401959044306
Aggregate Skin Biopsy,25,Aggregate Skin Biopsy,quarter,2023-Q3,47239,289816874.0,16.29960303829652,16.15294452790902,16.44726177058695
Aggregate Skin Biopsy,25,Aggregate Skin Biopsy,quarter,2023-Q4,40028,276383178.0,14.482791713177274,14.341255617357932,14.625376787691668
Aggregate Skin Biopsy,25,Aggregate Skin Biopsy,quarter,2024-Q1,39985,267644460.0,14.939595611282222,14.793517011275535,15.086757440616084
Aggregate Skin Biopsy,25,Aggregate Skin Biopsy,quarter,2024-Q2,40504,258952546.0,15.641475871026964,15.489514972616114,15.794556345928706
Aggregate Psychological Testing,28,Aggregate Psychological Testing,quarter,2019-Q1,182716,225406912.0,81.06051335284695,80.68925376337245,81.4330579950802
Aggregate Psychological Testing,28,Aggregate Psychological Testing,quarter,2019-Q2,182106,224099443.0,81.26124615133469,80.88844508399507,81.63533977055947
Aggregate Psychological Testing,28,Aggregate Psychological Testing,quarter,2019-Q3,141967,225151016.0,63.05412363762107,62.726549016800654,63.3829849085637
Aggregate Psychological Testing,28,Aggregate Psychological Testing,quarter,2019-Q4,175416,223888589.0,78.34968310957554,77.98345714628736,78.71720286141294
Aggregate Psychological Testing,28,Aggregate Psychological Testing,quarter,2020-Q1,133110,149176444.0,89.22990549365824,88.75119023316567,89.71056274366201
Aggregate Psychological Testing,28,Aggregate Psychological Testing,quarter,2020-Q2,38947,78055480.0,49.89656075396628,49.402231902131184,50.394603974183646
Aggregate Psychological Testing,28,Aggregate Psychological Testing,quarter,2020-Q3,129922,240451013.0,54.03262742752512,53.73921406577394,54.32724561831378
Aggregate Psychological Testing,28,Aggregate Psychological Testing,quarter,2020-Q4,176721,252197294.0,70.07252028643892,69.74619404215325,70.39999509034314
Aggregate Psychological Testing,28,Aggregate Psychological Testing,quarter,2021-Q1,206543,256211709.0,80.61419238259715,80.26690250044328,80.96261276013273
Aggregate Psychological Testing,28,Aggregate Psychological Testing,quarter,2021-Q2,210045,261559386.0,80.3048987123712,79.96183435329148,80.6490704465452
Aggregate Psychological Testing,28,Aggregate Psychological Testing,quarter,2021-Q3,191569,266799594.0,71.8025830279187,71.48140518774414,72.12484653098026
Aggregate Psychological Testing,28,Aggregate Psychological Testing,quarter,2021-Q4,220210,272358419.0,80.85301743508799,80.51566941594872,81.19142890348768
Aggregate Psychological Testing,28,Aggregate Psychological Testing,quarter,2022-Q1,239490,277314434.0,86.3604524818928,86.01491904494935,86.70703033177116
Aggregate Psychological Testing,28,Aggregate Psychological Testing,quarter,2022-Q2,232481,282016994.5,82.43510303773556,82.10034509707639,82.77088798663206
Aggregate Psychological Testing,28,Aggregate Psychological Testing,quarter,2022-Q3,219817,287178648.0,76.5436433143177,76.2239904931623,76.86430470469566
Aggregate Psychological Testing,28,Aggregate Psychological Testing,quarter,2022-Q4,242238,292152539.0,82.91490494285932,82.5850425708324,83.24575867934422
Aggregate Psychological Testing,28,Aggregate Psychological Testing,quarter,2023-Q1,296963,297686543.0,99.75694467317591,99.39847317408093,100.11638904249585
Aggregate Psychological Testing,28,Aggregate Psychological Testing,quarter,2023-Q2,284601,298365151.0,95.38681010370411,95.0366840006648,95.73790687719601
Aggregate Psychological Testing,28,Aggregate Psychological Testing,quarter,2023-Q3,270096,289816874.0,93.1954017280581,92.84426250670089,93.54754026701065
Aggregate Psychological Testing,28,Aggregate Psychological Testing,quarter,2023-Q4,283750,276383178.0,102.66543790881514,102.28803076735217,103.04389292342786
Aggregate Psychological Testing,28,Aggregate Psychological Testing,quarter,2024-Q1,314868,267644460.0,117.64413132257623,117.23356833431386,118.0557763627098
Aggregate Psychological Testing,28,Aggregate Psychological Testing,quarter,2024-Q2,298104,258952546.0,115.11916163975465,114.70627852810915,115.53316314175474
HCPCS 95923 – Sudomotor function (QSART) (78 months of data),31,HCPCS 95923 – Sudomotor function (QSART) (78 months of data),quarter,2018-Q1,15771,230550049.0,6.840597114772247,6.734247565608985,6.948205436449168
HCPCS 95923 – Sudomotor function (QSART) (78 months of data),31,HCPCS 95923 – Sudomotor function (QSART) (78 months of data),quarter,2018-Q2,13703,228935769.0,5.9855216420986626,5.885718800861632,6.086592379343989
HCPCS 95923 – Sudomotor function (QSART) (78 months of data),31,HCPCS 95923 – Sudomotor function (QSART) (78 months of data),quarter,2018-Q3,11509,227904788.0,5.049915844681595,4.958072139775949,5.143033515241308
HCPCS 95923 – Sudomotor function (QSART) (78 months of data),31,HCPCS 95923 – Sudomotor function (QSART) (78 months of data),quarter,2018-Q4,10232,226095567.0,4.525519954135147,4.438252398571758,4.614071913695031
HCPCS 95923 – Sudomotor function (QSART) (78 months of data),31,HCPCS 95923 – Sudomotor function (QSART) (78 months of data),quarter,2019-Q1,12695,225406912.0,5.632036696372469,5.5344866417093845,5.730874640861735
HCPCS 95923 – Sudomotor function (QSART) (78 months of data),31,HCPCS 95923 – Sudomotor function (QSART) (78 months of data),quarter,2019-Q2,13601,224099443.0,6.069180636026837,5.967605687046072,6.172050857630724
HCPCS 95923 – Sudomotor function (QSART) (78 months of data),31,HCPCS 95923 – Sudomotor function (QSART) (78 months of data),quarter,2019-Q3,11880,225151016.0,5.276458534835125,5.181998219992095,5.372208333236203
HCPCS 95923 – Sudomotor function (QSART) (78 months of data),31,HCPCS 95923 – Sudomotor function (QSART) (78 months of data),quarter,2019-Q4,10323,223888589.0,4.610775406691227,4.522254706787071,4.7005931525211
HCPCS 95923 – Sudomotor function (QSART) (78 months of data),31,HCPCS 95923 – Sudomotor function (QSART) (78 months of data),quarter,2020-Q1,10092,223452397.0,4.516398183904914,4.42870744420406,4.605388550424045
HCPCS 95923 – Sudomotor function (QSART) (78 months of data),31,HCPCS 95923 – Sudomotor function (QSART) (78 months of data),quarter,2020-Q2,5289,231340007.0,2.286245283981512,2.2250410503008142,2.3487064359241305
HCPCS 95923 – Sudomotor function (QSART) (78 months of data),31,HCPCS 95923 – Sudomotor function (QSART) (78 months of data),quarter,2020-Q3,10646,240451013.0,4.427513058553844,4.343804031622194,4.512429728883008
HCPCS 95923 – Sudomotor function (QSART) (78 months of data),31,HCPCS 95923 – Sudomotor function (QSART) (78 months of data),quarter,2020-Q4,9762,252197294.0,3.8707790417449917,3.794370168871168,3.9483394774604887
HCPCS 95923 – Sudomotor function (QSART) (78 months of data),31,HCPCS 95923 – Sudomotor function (QSART) (78 months of data),quarter,2021-Q1,12212,256211709.0,4.7663707672314075,4.68220488846983,4.851669756810227
HCPCS 95923 – Sudomotor function (QSART) (78 months of data),31,HCPCS 95923 – Sudomotor function (QSART) (78 months of data),quarter,2021-Q2,13558,261559386.0,5.183526466911037,5.096637105984688,5.271525599526562
HCPCS 95923 – Sudomotor function (QSART) (78 months of data),31,HCPCS 95923 – Sudomotor function (QSART) (78 months of data),quarter,2021-Q3,11473,266799594.0,4.300231431386661,4.221900319719837,4.379650791713163
HCPCS 95923 – Sudomotor function (QSART) (78 months of data),31,HCPCS 95923 – Sudomotor function (QSART) (78 months of data),quarter,2021-Q4,11099,272358419.0,4.075144818636945,3.99967921011224,4.151676520686664
HCPCS 95923 – Sudomotor function (QSART) (78 months of data),31,HCPCS 95923 – Sudomotor function (QSART) (78 months of data),quarter,2022-Q1,12246,277314434.0,4.415925930490873,4.338056150276133,4.494842591050118
HCPCS 95923 – Sudomotor function (QSART) (78 months of data),31,HCPCS 95923 – Sudomotor function (QSART) (78 months of data),quarter,2022-Q2,13291,282016994.5,4.712836552124875,4.63305095490737,4.793651447570522
HCPCS 95923 – Sudomotor function (QSART) (78 months of data),31,HCPCS 95923 – Sudomotor function (QSART) (78 months of data),quarter,2022-Q3,12711,287178648.0,4.426164719599906,4.349549105285509,4.503791198491204
HCPCS 95923 – Sudomotor function (QSART) (78 months of data),31,HCPCS 95923 – Sudomotor function (QSART) (78 months of data),quarter,2022-Q4,11135,292152539.0,3.8113651307339826,3.740897989711796,3.8828261294412614
HCPCS 95923 – Sudomotor function (QSART) (78 months of data),31,HCPCS 95923 – Sudomotor function (QSART) (78 months of data),quarter,2023-Q1,12284,297686543.0,4.126488176524661,4.053834439838333,4.200117145950703
HCPCS 95923 – Sudomotor function (QSART) (78 months of data),31,HCPCS 95923 – Sudomotor function (QSART) (78 months of data),quarter,2023-Q2,13556,298365151.0,4.543426051791149,4.467260841181413,4.620564134945086
HCPCS 95923 – Sudomotor function (QSART) (78 months of data),31,HCPCS 95923 – Sudomotor function (QSART) (78 months of data),quarter,2023-Q3,11957,289816874.0,4.125708705284013,4.052086506373742,4.200332659671903
HCPCS 95923 – Sudomotor function (QSART) (78 months of data),31,HCPCS 95923 – Sudomotor function (QSART) (78 months of data),quarter,2023-Q4,11351,276383178.0,4.10697933287387,4.03176929138989,4.183239905700907
HCPCS 95923 – Sudomotor function (QSART) (78 months of data),31,HCPCS 95923 – Sudomotor function (QSART) (78 months of data),quarter,2024-Q1,11050,267644460.0,4.128611516935565,4.051987239835375,4.206320672092259
HCPCS 95923 – Sudomotor function (QSART) (78 months of data),31,HCPCS 95923 – Sudomotor function (QSART) (78 months of data),quarter,2024-Q2,10569,258952546.0,4.081442782956843,4.003997498323143,4.160009441088541
Aggregate Nerve Conduction,35,Aggregate Nerve Conduction,quarter,2018-Q1,33545,230550049.0,14.549986063980407,14.394694368810603,14.706535469754948
Aggregate Nerve Conduction,35,Aggregate Nerve Conduction,quarter,2018-Q2,33948,228935769.0,14.828613347877502,14.67128758394592,14.987205676934806
Aggregate Nerve Conduction,35,Aggregate Nerve Conduction,quarter,2018-Q3,31132,227904788.0,13.660090370720953,13.508767062213787,13.812686077062963
Aggregate Nerve Conduction,35,Aggregate Nerve Conduction,quarter,2018-Q4,27779,226095567.0,12.286397459530907,12.142334631304019,12.431743011140778
Aggregate Nerve Conduction,35,Aggregate Nerve Conduction,quarter,2019-Q1,31998,225406912.0,14.195660512841773,14.04054106939025,14.352066420850909
Aggregate Nerve Conduction,35,Aggregate Nerve Conduction,quarter,2019-Q2,33947,224099443.0,15.148185798926773,14.98746713588591,15.310198361073263
Aggregate Nerve Conduction,35,Aggregate Nerve Conduction,quarter,2019-Q3,32345,225151016.0,14.365913409868867,14.20977560940431,14.523339123959179
Aggregate Nerve Conduction,35,Aggregate Nerve Conduction,quarter,2019-Q4,30175,223888589.0,13.477685546537613,13.326040356004967,13.63062599863213
Aggregate Nerve Conduction,35,Aggregate Nerve Conduction,quarter,2020-Q1,24449,149176444.0,16.38931680125047,16.184515587256513,16.596062402436054
Aggregate Nerve Conduction,35,Aggregate Nerve Conduction,quarter,2020-Q2,10127,78055480.0,12.974105085254743,12.722632422524299,13.229298217647417
Aggregate Nerve Conduction,35,Aggregate Nerve Conduction,quarter,2020-Q3,36618,240451013.0,15.22888156848813,15.073295893472304,15.38567307054163
Aggregate Nerve Conduction,35,Aggregate Nerve Conduction,quarter,2020-Q4,34413,252197294.0,13.645269326323541,13.50147723276529,13.790211148557509
Aggregate Nerve Conduction,35,Aggregate Nerve Conduction,quarter,2021-Q1,41274,256211709.0,16.10933401954709,15.954291005943555,16.265508568577985
Aggregate Nerve Conduction,35,Aggregate Nerve Conduction,quarter,2021-Q2,43036,261559386.0,16.453624799379213,16.29853615787776,16.60982180355807
Aggregate Nerve Conduction,35,Aggregate Nerve Conduction,quarter,2021-Q3,39661,266799594.0,14.865464900220202,14.719520083545406,15.012496383928118
Aggregate Nerve Conduction,35,Aggregate Nerve Conduction,quarter,2021-Q4,36376,272358419.0,13.355930076830118,13.219027407190346,13.493897314372552
Aggregate Nerve Conduction,35,Aggregate Nerve Conduction,quarter,2022-Q1,40475,277314434.0,14.595345585221144,14.453497440662497,14.738239176108504
Aggregate Nerve Conduction,35,Aggregate Nerve Conduction,quarter,2022-Q2,42194,282016994.5,14.961509704338049,14.81908860447722,15.104958782479478
Aggregate Nerve Conduction,35,Aggregate Nerve Conduction,quarter,2022-Q3,40671,287178648.0,14.162264598446052,14.024956702694125,14.30058202671524
Aggregate Nerve Conduction,35,Aggregate Nerve Conduction,quarter,2022-Q4,38609,292152539.0,13.215356653121539,13.083860726627186,13.347844968638903
Aggregate Nerve Conduction,35,Aggregate Nerve Conduction,quarter,2023-Q1,48311,297686543.0,16.228815556503005,16.084419538901482,16.374185337171493
Aggregate Nerve Conduction,35,Aggregate Nerve Conduction,quarter,2023-Q2,49829,298365151.0,16.70067695003697,16.554358494859056,16.847966930625734
Aggregate Nerve Conduction,35,Aggregate Nerve Conduction,quarter,2023-Q3,43916,289816874.0,15.153016935790978,15.011622506016947,15.295411645179026
Aggregate Nerve Conduction,35,Aggregate Nerve Conduction,quarter,2023-Q4,41355,276383178.0,14.96292223689533,14.81905353753849,15.107839886321266
Aggregate Nerve Conduction,35,Aggregate Nerve Conduction,quarter,2024-Q1,43822,267644460.0,16.373213927162922,16.220270315539207,16.527240686225852
Aggregate Nerve Conduction,35,Aggregate Nerve Conduction,quarter,2024-Q2,43530,258952546.0,16.81002974189719,16.652481239180297,16.968697754660813
Aggregate Needle EMG,37,Aggregate Needle EMG,quarter,2018-Q1,56029,230550049.0,24.30231537274581,24.101498094825846,24.504389836928837
Aggregate Needle EMG,37,Aggregate Needle EMG,quarter,2018-Q2,57928,228935769.0,25.30316702061529,25.097528164098946,25.510071898257262
Aggregate Needle EMG,37,Aggregate Needle EMG,quarter,2018-Q3,54273,227904788.0,23.8138919661486,23.613959168460813,24.015096571214823
Aggregate Needle EMG,37,Aggregate Needle EMG,quarter,2018-Q4,49921,226095567.0,22.079601410318674,21.886334911732646,22.274149972615838
Aggregate Needle EMG,37,Aggregate Needle EMG,quarter,2019-Q1,57340,225406912.0,25.43843908389109,25.230645705088225,25.647518313235622
Aggregate Needle EMG,37,Aggregate Needle EMG,quarter,2019-Q2,62142,224099443.0,27.729653928680225,27.512055081322398,27.948546056754314
Aggregate Needle EMG,37,Aggregate Needle EMG,quarter,2019-Q3,58174,225151016.0,25.837769259722105,25.62822924520702,26.048596573154647
Aggregate Needle EMG,37,Aggregate Needle EMG,quarter,2019-Q4,54879,223888589.0,24.51174499116612,24.30709029283649,24.717694300650617
Aggregate Needle EMG,37,Aggregate Needle EMG,quarter,2020-Q1,42965,149176444.0,28.801464123920265,28.52976347839663,29.075108126204654
Aggregate Needle EMG,37,Aggregate Needle EMG,quarter,2020-Q2,19474,78055480.0,24.948920946998214,24.599729358787787,25.301829534076788
Aggregate Needle EMG,37,Aggregate Needle EMG,quarter,2020-Q3,66075,240451013.0,27.47960974487556,27.270476895212393,27.68994787796959
Aggregate Needle EMG,37,Aggregate Needle EMG,quarter,2020-Q4,65469,252197294.0,25.959437931161943,25.760963790980735,26.159061224753003
Aggregate Needle EMG,37,Aggregate Needle EMG,quarter,2021-Q1,77168,256211709.0,30.118842070562824,29.906707679113733,30.33210749223804
Aggregate Needle EMG,37,Aggregate Needle EMG,quarter,2021-Q2,80766,261559386.0,30.878647191808287,30.66605246749249,31.092349791670706
Aggregate Needle EMG,37,Aggregate Needle EMG,quarter,2021-Q3,74834,266799594.0,28.04876832008972,27.84816227232798,28.250460533825027
Aggregate Needle EMG,37,Aggregate Needle EMG,quarter,2021-Q4,69410,272358419.0,25.484800600197346,25.295557341032758,25.675107907102028
Aggregate Needle EMG,37,Aggregate Needle EMG,quarter,2022-Q1,77923,277314434.0,28.099150439461077,27.90220067262576,28.297145162635353
Aggregate Needle EMG,37,Aggregate Needle EMG,quarter,2022-Q2,81438,282016994.5,28.876983156417545,28.678990156044524,29.07600366161877
Aggregate Needle EMG,37,Aggregate Needle EMG,quarter,2022-Q3,78333,287178648.0,27.27674934941542,27.086064001743654,27.468443757331332
Aggregate Needle EMG,37,Aggregate Needle EMG,quarter,2022-Q4,76097,292152539.0,26.047009641083417,25.862269946091114,26.23274123455279
Aggregate Needle EMG,37,Aggregate Needle EMG,quarter,2023-Q1,92951,297686543.0,31.22445477825983,31.0240414577228,31.425841444355182
Aggregate Needle EMG,37,Aggregate Needle EMG,quarter,2023-Q2,93526,298365151.0,31.34615409559007,31.145578097312583,31.54770122231444
Aggregate Needle EMG,37,Aggregate Needle EMG,quarter,2023-Q3,81112,289816874.0,27.98732830166404,27.795050577281756,28.180605879878872
Aggregate Needle EMG,37,Aggregate Needle EMG,quarter,2023-Q4,75959,276383178.0,27.483221138733704,27.288118366899685,27.679372404122336
Aggregate Needle EMG,37,Aggregate Needle EMG,quarter,2024-Q1,81153,267644460.0,30.321195514377543,30.11293626232156,30.53053745062344
Aggregate Needle EMG,37,Aggregate Needle EMG,quarter,2024-Q2,78302,258952546.0,30.2379726361138,30.0265443043303,30.450520017045008
HCPCS 93224 – Holter monitor (24–48 hr ECG) (78 months of data),40,HCPCS 93224 – Holter monitor (24–48 hr ECG) (78 months of data),quarter,2018-Q1,9193,230550049.0,3.9874205361804114,3.9063220196967956,4.069778871000668
HCPCS 93224 – Holter monitor (24–48 hr ECG) (78 months of data),40,HCPCS 93224 – Holter monitor (24–48 hr ECG) (78 months of data),quarter,2018-Q2,10449,228935769.0,4.56416227382974,4.477063880624929,4.652529092525998
HCPCS 93224 – Holter monitor (24–48 hr ECG) (78 months of data),40,HCPCS 93224 – Holter monitor (24–48 hr ECG) (78 months of data),quarter,2018-Q3,9426,227904788.0,4.135937679378636,4.052859450441934,4.220290293586366
HCPCS 93224 – Holter monitor (24–48 hr ECG) (78 months of data),40,HCPCS 93224 – Holter monitor (24–48 hr ECG) (78 months of data),quarter,2018-Q4,9169,226095567.0,4.055364782981348,3.9727770491535925,4.139237161687127
HCPCS 93224 – Holter monitor (24–48 hr ECG) (78 months of data),40,HCPCS 93224 – Holter monitor (24–48 hr ECG) (78 months of data),quarter,2019-Q1,9870,225406912.0,4.378747711161581,4.29278345404279,4.466000374230327
HCPCS 93224 – Holter monitor (24–48 hr ECG) (78 months of data),40,HCPCS 93224 – Holter monitor (24–48 hr ECG) (78 months of data),quarter,2019-Q2,11448,224099443.0,5.108446431970828,5.015292147209007,5.202896325916206
HCPCS 93224 – Holter monitor (24–48 hr ECG) (78 months of data),40,HCPCS 93224 – Holter monitor (24–48 hr ECG) (78 months of data),quarter,2019-Q3,10452,225151016.0,4.6422175594357515,4.553642282780845,4.732082583004743
HCPCS 93224 – Holter monitor (24–48 hr ECG) (78 months of data),40,HCPCS 93224 – Holter monitor (24–48 hr ECG) (78 months of data),quarter,2019-Q4,9619,223888589.0,4.296333298165544,4.21089906014007,4.383064736544993
HCPCS 93224 – Holter monitor (24–48 hr ECG) (78 months of data),40,HCPCS 93224 – Holter monitor (24–48 hr ECG) (78 months of data),quarter,2020-Q1,8851,223452397.0,3.961022624429489,3.878927306693784,4.044417864136637
HCPCS 93224 – Holter monitor (24–48 hr ECG) (78 months of data),40,HCPCS 93224 – Holter monitor (24–48 hr ECG) (78 months of data),quarter,2020-Q2,5716,231340007.0,2.4708220917448145,2.4071789028274404,2.5357219779892777
HCPCS 93224 – Holter monitor (24–48 hr ECG) (78 months of data),40,HCPCS 93224 – Holter monitor (24–48 hr ECG) (78 months of data),quarter,2020-Q3,9175,240451013.0,3.815746037218816,3.738063436121142,3.8946365857265053
HCPCS 93224 – Holter monitor (24–48 hr ECG) (78 months of data),40,HCPCS 93224 – Holter monitor (24–48 hr ECG) (78 months of data),quarter,2020-Q4,9970,252197294.0,3.9532541534724,3.876031550619959,4.031628278042931
HCPCS 93224 – Holter monitor (24–48 hr ECG) (78 months of data),40,HCPCS 93224 – Holter monitor (24–48 hr ECG) (78 months of data),quarter,2021-Q1,10797,256211709.0,4.214093119374181,4.134975603714569,4.29434396509384
HCPCS 93224 – Holter monitor (24–48 hr ECG) (78 months of data),40,HCPCS 93224 – Holter monitor (24–48 hr ECG) (78 months of data),quarter,2021-Q2,12079,261559386.0,4.618071706285471,4.53607879410641,4.701174580984969
HCPCS 93224 – Holter monitor (24–48 hr ECG) (78 months of data),40,HCPCS 93224 – Holter monitor (24–48 hr ECG) (78 months of data),quarter,2021-Q3,11060,266799594.0,4.145433594625335,4.068531739105546,4.223423762075545
HCPCS 93224 – Holter monitor (24–48 hr ECG) (78 months of data),40,HCPCS 93224 – Holter monitor (24–48 hr ECG) (78 months of data),quarter,2021-Q4,10894,272358419.0,3.999876354106755,3.9251141612996925,4.075704672337388
HCPCS 93224 – Holter monitor (24–48 hr ECG) (78 months of data),40,HCPCS 93224 – Holter monitor (24–48 hr ECG) (78 months of data),quarter,2022-Q1,12039,277314434.0,4.3412814206418116,4.264075488913853,4.419534259980761
HCPCS 93224 – Holter monitor (24–48 hr ECG) (78 months of data),40,HCPCS 93224 – Holter monitor (24–48 hr ECG) (78 months of data),quarter,2022-Q2,12623,282016994.5,4.475971393986329,4.398225213844846,4.554746950885772
HCPCS 93224 – Holter monitor (24–48 hr ECG) (78 months of data),40,HCPCS 93224 – Holter monitor (24–48 hr ECG) (78 months of data),quarter,2022-Q3,11817,287178648.0,4.114860238495169,4.040999884499006,4.189731569186612
HCPCS 93224 – Holter monitor (24–48 hr ECG) (78 months of data),40,HCPCS 93224 – Holter monitor (24–48 hr ECG) (78 months of data),quarter,2022-Q4,11016,292152539.0,3.7706329842986577,3.700545139660263,3.8417147036994965
HCPCS 93224 – Holter monitor (24–48 hr ECG) (78 months of data),40,HCPCS 93224 – Holter monitor (24–48 hr ECG) (78 months of data),quarter,2023-Q1,13436,297686543.0,4.513472414505482,4.437473626215646,4.590446305673096
HCPCS 93224 – Holter monitor (24–48 hr ECG) (78 months of data),40,HCPCS 93224 – Holter monitor (24–48 hr ECG) (78 months of data),quarter,2023-Q2,14619,298365151.0,4.899700903742609,4.820593533023841,4.979781042755796
HCPCS 93224 – Holter monitor (24–48 hr ECG) (78 months of data),40,HCPCS 93224 – Holter monitor (24–48 hr ECG) (78 months of data),quarter,2023-Q3,12783,289816874.0,4.410716264919757,4.334582450106735,4.487851733891997
HCPCS 93224 – Holter monitor (24–48 hr ECG) (78 months of data),40,HCPCS 93224 – Holter monitor (24–48 hr ECG) (78 months of data),quarter,2023-Q4,12513,276383178.0,4.527410130583273,4.448427078758125,4.6074435558697955
HCPCS 93224 – Holter monitor (24–48 hr ECG) (78 months of data),40,HCPCS 93224 – Holter monitor (24–48 hr ECG) (78 months of data),quarter,2024-Q1,12970,267644460.0,4.845981119878214,4.762936763174843,4.930110087194115
HCPCS 93224 – Holter monitor (24–48 hr ECG) (78 months of data),40,HCPCS 93224 – Holter monitor (24–48 hr ECG) (78 months of data),quarter,2024-Q2,13343,258952546.0,5.152681526444618,5.065619036080541,5.240864986435325
HCPCS 82785 – IgE (total) (78 months of data),47,HCPCS 82785 – IgE (total) (78 months of data),quarter,2018-Q1,66145,230550049.0,28.69008282015156,28.471853044852196,28.90956963886339
HCPCS 82785 – IgE (total) (78 months of data),47,HCPCS 82785 – IgE (total) (78 months of data),quarter,2018-Q2,76205,228935769.0,33.28662896709688,33.05070897676952,33.523814750918206
HCPCS 82785 – IgE (total) (78 months of data),47,HCPCS 82785 – IgE (total) (78 months of data),quarter,2018-Q3,64838,227904788.0,28.44959975127859,28.231033119868616,28.66943803318798
HCPCS 82785 – IgE (total) (78 months of data),47,HCPCS 82785 – IgE (total) (78 months of data),quarter,2018-Q4,61376,226095567.0,27.14604307124695,26.931701335998827,27.361666680062072
HCPCS 82785 – IgE (total) (78 months of data),47,HCPCS 82785 – IgE (total) (78 months of data),quarter,2019-Q1,79840,225406912.0,35.42038675371233,35.17511515792373,35.66694392338654
HCPCS 82785 – IgE (total) (78 months of data),47,HCPCS 82785 – IgE (total) (78 months of data),quarter,2019-Q2,90044,224099443.0,40.18037653043163,39.91835660955095,40.44368943541419
HCPCS 82785 – IgE (total) (78 months of data),47,HCPCS 82785 – IgE (total) (78 months of data),quarter,2019-Q3,83136,225151016.0,36.924550231654294,36.673974048283384,37.17641341921946
HCPCS 82785 – IgE (total) (78 months of data),47,HCPCS 82785 – IgE (total) (78 months of data),quarter,2019-Q4,74615,223888589.0,33.32684364722134,33.0881396507929,33.566841989051035
HCPCS 82785 – IgE (total) (78 months of data),47,HCPCS 82785 – IgE (total) (78 months of data),quarter,2020-Q1,77519,223452397.0,34.69150523366281,34.44771729556584,34.936590013468724
HCPCS 82785 – IgE (total) (78 months of data),47,HCPCS 82785 – IgE (total) (78 months of data),quarter,2020-Q2,43133,231340007.0,18.644851169214324,18.469305717052915,18.82164976446315
HCPCS 82785 – IgE (total) (78 months of data),47,HCPCS 82785 – IgE (total) (78 months of data),quarter,2020-Q3,69752,240451013.0,29.008819355649795,28.79393545242587,29.224908499993585
HCPCS 82785 – IgE (total) (78 months of data),47,HCPCS 82785 – IgE (total) (78 months of data),quarter,2020-Q4,68761,252197294.0,27.264765180232267,27.06135292813854,27.469326548976152
HCPCS 82785 – IgE (total) (78 months of data),47,HCPCS 82785 – IgE (total) (78 months of data),quarter,2021-Q1,79823,256211709.0,31.155094476966312,30.939335342017962,31.37198461907171
HCPCS 82785 – IgE (total) (78 months of data),47,HCPCS 82785 – IgE (total) (78 months of data),quarter,2021-Q2,96431,261559386.0,36.86772685725757,36.63539468714747,37.10116679119491
HCPCS 82785 – IgE (total) (78 months of data),47,HCPCS 82785 – IgE (total) (78 months of data),quarter,2021-Q3,91188,266799594.0,34.178462805306964,33.9569821534939,34.40102949686837
HCPCS 82785 – IgE (total) (78 months of data),47,HCPCS 82785 – IgE (total) (78 months of data),quarter,2021-Q4,87149,272358419.0,31.99790934312921,31.78581624136317,32.211066345886735
HCPCS 82785 – IgE (total) (78 months of data),47,HCPCS 82785 – IgE (total) (78 months of data),quarter,2022-Q1,95807,277314434.0,34.54814760922253,34.329726169504944,34.76761388114526
HCPCS 82785 – IgE (total) (78 months of data),47,HCPCS 82785 – IgE (total) (78 months of data),quarter,2022-Q2,107582,282016994.5,38.14734647134891,37.91973092074905,38.37598936868467
HCPCS 82785 – IgE (total) (78 months of data),47,HCPCS 82785 – IgE (total) (78 months of data),quarter,2022-Q3,99433,287178648.0,34.62409224797241,34.409212861120515,34.83998055812837
HCPCS 82785 – IgE (total) (78 months of data),47,HCPCS 82785 – IgE (total) (78 months of data),quarter,2022-Q4,93125,292152539.0,31.875471737728077,31.67107080358499,32.08086445368226
HCPCS 82785 – IgE (total) (78 months of data),47,HCPCS 82785 – IgE (total) (78 months of data),quarter,2023-Q1,120947,297686543.0,40.62897797835625,40.400322174428,40.85860699477463
HCPCS 82785 – IgE (total) (78 months of data),47,HCPCS 82785 – IgE (total) (78 months of data),quarter,2023-Q2,129888,298365151.0,43.53323421474246,43.296804808344795,43.77063458707611
HCPCS 82785 – IgE (total) (78 months of data),47,HCPCS 82785 – IgE (total) (78 months of data),quarter,2023-Q3,107864,289816874.0,37.21798476095633,36.99620452830817,37.44076468987574
HCPCS 82785 – IgE (total) (78 months of data),47,HCPCS 82785 – IgE (total) (78 months of data),quarter,2023-Q4,95579,276383178.0,34.58206128594411,34.36316522620952,34.802005699745514
HCPCS 82785 – IgE (total) (78 months of data),47,HCPCS 82785 – IgE (total) (78 months of data),quarter,2024-Q1,107754,267644460.0,40.26012718514704,40.02009672542141,40.501240159341386
HCPCS 82785 – IgE (total) (78 months of data),47,HCPCS 82785 – IgE (total) (78 months of data),quarter,2024-Q2,122702,258952546.0,47.383971270164686,47.1192103637679,47.649850953902884
HCPCS 83520 – Tryptase (78 months of data),49,HCPCS 83520 – Tryptase (78 months of data),quarter,2018-Q1,47435,230550049.0,20.574708270827564,20.389965765874678,20.760708117755357
HCPCS 83520 – Tryptase (78 months of data),49,HCPCS 83520 – Tryptase (78 months of data),quarter,2018-Q2,49443,228935769.0,21.596887291124872,21.406936461092236,21.78810428867416
HCPCS 83520 – Tryptase (78 months of data),49,HCPCS 83520 – Tryptase (78 months of data),quarter,2018-Q3,53925,227904788.0,23.661196622161356,23.46190717925774,23.86175787838236
HCPCS 83520 – Tryptase (78 months of data),49,HCPCS 83520 – Tryptase (78 months of data),quarter,2018-Q4,54502,226095567.0,24.105735783842235,23.90377750905328,24.308976039128233
HCPCS 83520 – Tryptase (78 months of data),49,HCPCS 83520 – Tryptase (78 months of data),quarter,2019-Q1,79666,225406912.0,35.34319302506571,35.09818930116658,35.58948232452817
HCPCS 83520 – Tryptase (78 months of data),49,HCPCS 83520 – Tryptase (78 months of data),quarter,2019-Q2,80074,224099443.0,35.731458734594,35.48439426380018,35.97981627746866
HCPCS 83520 – Tryptase (78 months of data),49,HCPCS 83520 – Tryptase (78 months of data),quarter,2019-Q3,86897,225151016.0,38.5949846213441,38.33879378499551,38.852462428889616
HCPCS 83520 – Tryptase (78 months of data),49,HCPCS 83520 – Tryptase (78 months of data),quarter,2019-Q4,92232,223888589.0,41.195489422643156,40.930050307144754,41.46222272256155
HCPCS 83520 – Tryptase (78 months of data),49,HCPCS 83520 – Tryptase (78 months of data),quarter,2020-Q1,92552,223452397.0,41.41911263543081,41.152693660443944,41.68682831866414
HCPCS 83520 – Tryptase (78 months of data),49,HCPCS 83520 – Tryptase (78 months of data),quarter,2020-Q2,85505,231340007.0,36.96074929227438,36.71342069541501,37.20933044189733
HCPCS 83520 – Tryptase (78 months of data),49,HCPCS 83520 – Tryptase (78 months of data),quarter,2020-Q3,110148,240451013.0,45.80891493270607,45.53878257085987,46.08025222081753
HCPCS 83520 – Tryptase (78 months of data),49,HCPCS 83520 – Tryptase (78 months of data),quarter,2020-Q4,116759,252197294.0,46.29669024125215,46.03151199814892,46.56301725666093
HCPCS 83520 – Tryptase (78 months of data),49,HCPCS 83520 – Tryptase (78 months of data),quarter,2021-Q1,125468,256211709.0,48.97043952038898,48.69984288330594,49.242166890894
HCPCS 83520 – Tryptase (78 months of data),49,HCPCS 83520 – Tryptase (78 months of data),quarter,2021-Q2,129223,261559386.0,49.404841468774514,49.13583472117781,49.67495581606685
HCPCS 83520 – Tryptase (78 months of data),49,HCPCS 83520 – Tryptase (78 months of data),quarter,2021-Q3,140613,266799594.0,52.703603439516485,52.42848775734271,52.979804924806444
HCPCS 83520 – Tryptase (78 months of data),49,HCPCS 83520 – Tryptase (78 months of data),quarter,2021-Q4,130524,272358419.0,47.92361494799248,47.663975378783185,48.184318195484245
HCPCS 83520 – Tryptase (78 months of data),49,HCPCS 83520 – Tryptase (78 months of data),quarter,2022-Q1,118912,277314434.0,42.87984519406588,42.636468440083256,43.124266663451984
HCPCS 83520 – Tryptase (78 months of data),49,HCPCS 83520 – Tryptase (78 months of data),quarter,2022-Q2,112106,282016994.5,39.75150511718541,39.51914604793066,39.984891511597645
HCPCS 83520 – Tryptase (78 months of data),49,HCPCS 83520 – Tryptase (78 months of data),quarter,2022-Q3,105626,287178648.0,36.780589620994384,36.55910949588001,37.00307863723681
HCPCS 83520 – Tryptase (78 months of data),49,HCPCS 83520 – Tryptase (78 months of data),quarter,2022-Q4,107122,292152539.0,36.66646210457887,36.44721407550828,36.8867018412007
HCPCS 83520 – Tryptase (78 months of data),49,HCPCS 83520 – Tryptase (78 months of data),quarter,2023-Q1,120530,297686543.0,40.48889774637881,40.26063701107146,40.718131695811046
HCPCS 83520 – Tryptase (78 months of data),49,HCPCS 83520 – Tryptase (78 months of data),quarter,2023-Q2,116389,298365151.0,39.00891227072293,38.78512260776235,39.233672950979056
HCPCS 83520 – Tryptase (78 months of data),49,HCPCS 83520 – Tryptase (78 months of data),quarter,2023-Q3,118917,289816874.0,41.03177235981091,40.79888975786834,41.26565460905088
HCPCS 83520 – Tryptase (78 months of data),49,HCPCS 83520 – Tryptase (78 months of data),quarter,2023-Q4,113331,276383178.0,41.00502817143234,40.76663893684575,41.24446566651935
HCPCS 83520 – Tryptase (78 months of data),49,HCPCS 83520 – Tryptase (78 months of data),quarter,2024-Q1,105594,267644460.0,39.45308638183656,39.2154774541475,39.69177783533534
HCPCS 83520 – Tryptase (78 months of data),49,HCPCS 83520 – Tryptase (78 months of data),quarter,2024-Q2,95584,258952546.0,36.91178228461982,36.678145757485346,37.146537732671845
HCPCS 82542 – Prostaglandin D2 (lab-dependent methodology) (78 months of data),52,HCPCS 82542 – Prostaglandin D2 (lab-dependent methodology) (78 months of data),quarter,2018-Q1,38975,230550049.0,16.905223039011368,16.737801789317704,17.073901831828895
HCPCS 82542 – Prostaglandin D2 (lab-dependent methodology) (78 months of data),52,HCPCS 82542 – Prostaglandin D2 (lab-dependent methodology) (78 months of data),quarter,2018-Q2,37502,228935769.0,16.381013837990515,16.215636676880788,16.547657451568448
HCPCS 82542 – Prostaglandin D2 (lab-dependent methodology) (78 months of data),52,HCPCS 82542 – Prostaglandin D2 (lab-dependent methodology) (78 months of data),quarter,2018-Q3,34770,227904788.0,15.256371007001396,15.096426655384013,15.417587625640873
HCPCS 82542 – Prostaglandin D2 (lab-dependent methodology) (78 months of data),52,HCPCS 82542 – Prostaglandin D2 (lab-dependent methodology) (78 months of data),quarter,2018-Q4,34889,226095567.0,15.431085387003629,15.269584781464456,15.593868436308064
HCPCS 82542 – Prostaglandin D2 (lab-dependent methodology) (78 months of data),52,HCPCS 82542 – Prostaglandin D2 (lab-dependent methodology) (78 months of data),quarter,2019-Q1,40918,225406912.0,18.152948211277565,17.97748003535565,18.329702570990435
HCPCS 82542 – Prostaglandin D2 (lab-dependent methodology) (78 months of data),52,HCPCS 82542 – Prostaglandin D2 (lab-dependent methodology) (78 months of data),quarter,2019-Q2,41735,224099443.0,18.623428707049488,18.44517930913376,18.802971771535443
HCPCS 82542 – Prostaglandin D2 (lab-dependent methodology) (78 months of data),52,HCPCS 82542 – Prostaglandin D2 (lab-dependent methodology) (78 months of data),quarter,2019-Q3,41236,225151016.0,18.31481853051021,18.138467999699774,18.492456698625976
HCPCS 82542 – Prostaglandin D2 (lab-dependent methodology) (78 months of data),52,HCPCS 82542 – Prostaglandin D2 (lab-dependent methodology) (78 months of data),quarter,2019-Q4,44753,223888589.0,19.988959776775403,19.80418905936128,20.1750253057043
HCPCS 82542 – Prostaglandin D2 (lab-dependent methodology) (78 months of data),52,HCPCS 82542 – Prostaglandin D2 (lab-dependent methodology) (78 months of data),quarter,2020-Q1,40152,223452397.0,17.96892785177865,17.79359347503616,18.145559682983084
HCPCS 82542 – Prostaglandin D2 (lab-dependent methodology) (78 months of data),52,HCPCS 82542 – Prostaglandin D2 (lab-dependent methodology) (78 months of data),quarter,2020-Q2,20045,231340007.0,8.664735624392023,8.545195533816601,8.785529808802737
HCPCS 82542 – Prostaglandin D2 (lab-dependent methodology) (78 months of data),52,HCPCS 82542 – Prostaglandin D2 (lab-dependent methodology) (78 months of data),quarter,2020-Q3,24323,240451013.0,10.115573936051582,9.988843568412122,10.24351061337432
HCPCS 82542 – Prostaglandin D2 (lab-dependent methodology) (78 months of data),52,HCPCS 82542 – Prostaglandin D2 (lab-dependent methodology) (78 months of data),quarter,2020-Q4,28051,252197294.0,11.12264114935349,10.992855826248194,11.25357642618409
HCPCS 82542 – Prostaglandin D2 (lab-dependent methodology) (78 months of data),52,HCPCS 82542 – Prostaglandin D2 (lab-dependent methodology) (78 months of data),quarter,2021-Q1,32618,256211709.0,12.73087796311448,12.59308945495346,12.86979824148604
HCPCS 82542 – Prostaglandin D2 (lab-dependent methodology) (78 months of data),52,HCPCS 82542 – Prostaglandin D2 (lab-dependent methodology) (78 months of data),quarter,2021-Q2,31765,261559386.0,12.144469554611968,12.01127948212012,12.278768285486105
HCPCS 82542 – Prostaglandin D2 (lab-dependent methodology) (78 months of data),52,HCPCS 82542 – Prostaglandin D2 (lab-dependent methodology) (78 months of data),quarter,2021-Q3,24321,266799594.0,9.115830963370957,9.001620937535806,9.2311281663145
HCPCS 82542 – Prostaglandin D2 (lab-dependent methodology) (78 months of data),52,HCPCS 82542 – Prostaglandin D2 (lab-dependent methodology) (78 months of data),quarter,2021-Q4,24114,272358419.0,8.853774408199953,8.742374018814948,8.966239795313596
HCPCS 82542 – Prostaglandin D2 (lab-dependent methodology) (78 months of data),52,HCPCS 82542 – Prostaglandin D2 (lab-dependent methodology) (78 months of data),quarter,2022-Q1,27032,277314434.0,9.74777966299439,9.631919288986465,9.864685875552386
HCPCS 82542 – Prostaglandin D2 (lab-dependent methodology) (78 months of data),52,HCPCS 82542 – Prostaglandin D2 (lab-dependent methodology) (78 months of data),quarter,2022-Q2,28056,282016994.5,9.948336641818939,9.83226408804262,10.065437556195324
HCPCS 82542 – Prostaglandin D2 (lab-dependent methodology) (78 months of data),52,HCPCS 82542 – Prostaglandin D2 (lab-dependent methodology) (78 months of data),quarter,2022-Q3,27276,287178648.0,9.497920611423728,9.385534600191832,9.611316528719902
HCPCS 82542 – Prostaglandin D2 (lab-dependent methodology) (78 months of data),52,HCPCS 82542 – Prostaglandin D2 (lab-dependent methodology) (78 months of data),quarter,2022-Q4,31230,292152539.0,10.689621287186554,10.571389577343968,10.808845576758396
HCPCS 82542 – Prostaglandin D2 (lab-dependent methodology) (78 months of data),52,HCPCS 82542 – Prostaglandin D2 (lab-dependent methodology) (78 months of data),quarter,2023-Q1,33549,297686543.0,11.269908159738346,11.149631818859534,11.391158562819559
HCPCS 82542 – Prostaglandin D2 (lab-dependent methodology) (78 months of data),52,HCPCS 82542 – Prostaglandin D2 (lab-dependent methodology) (78 months of data),quarter,2023-Q2,29110,298365151.0,9.756501354945437,9.644740952433821,9.869233735896675
HCPCS 82542 – Prostaglandin D2 (lab-dependent methodology) (78 months of data),52,HCPCS 82542 – Prostaglandin D2 (lab-dependent methodology) (78 months of data),quarter,2023-Q3,29000,289816874.0,10.00631867970531,9.891480066415818,10.122157944117749
HCPCS 82542 – Prostaglandin D2 (lab-dependent methodology) (78 months of data),52,HCPCS 82542 – Prostaglandin D2 (lab-dependent methodology) (78 months of data),quarter,2023-Q4,26179,276383178.0,9.471994710184568,9.357598273967751,9.587440543632475
HCPCS 82542 – Prostaglandin D2 (lab-dependent methodology) (78 months of data),52,HCPCS 82542 – Prostaglandin D2 (lab-dependent methodology) (78 months of data),quarter,2024-Q1,30136,267644460.0,11.259713726187345,11.132942491257106,11.387568468124634
HCPCS 82542 – Prostaglandin D2 (lab-dependent methodology) (78 months of data),52,HCPCS 82542 – Prostaglandin D2 (lab-dependent methodology) (78 months of data),quarter,2024-Q2,29490,258952546.0,11.388186930589205,11.25857644369913,11.518917316827038
HCPCS 82570 – Creatinine (needed for normalization) (78 months of data),54,HCPCS 82570 – Creatinine (needed for normalization) (78 months of data),quarter,2018-Q1,737983,230550049.0,320.09665719047405,319.36676011228803,320.82781015495027
HCPCS 82570 – Creatinine (needed for normalization) (78 months of data),54,HCPCS 82570 – Creatinine (needed for normalization) (78 months of data),quarter,2018-Q2,716846,228935769.0,313.12101343150096,312.39657852761377,313.84671308451874
HCPCS 82570 – Creatinine (needed for normalization) (78 months of data),54,HCPCS 82570 – Creatinine (needed for normalization) (78 months of data),quarter,2018-Q3,671198,227904788.0,294.5080732573289,293.80392572013983,295.21349128201933
HCPCS 82570 – Creatinine (needed for normalization) (78 months of data),54,HCPCS 82570 – Creatinine (needed for normalization) (78 months of data),quarter,2018-Q4,632219,226095567.0,279.6246774710094,278.93582578710294,280.3148098249422
HCPCS 82570 – Creatinine (needed for normalization) (78 months of data),54,HCPCS 82570 – Creatinine (needed for normalization) (78 months of data),quarter,2019-Q1,727791,225406912.0,322.8787411807496,322.137365954074,323.62140095295615
HCPCS 82570 – Creatinine (needed for normalization) (78 months of data),54,HCPCS 82570 – Creatinine (needed for normalization) (78 months of data),quarter,2019-Q2,707833,224099443.0,315.85665297704463,315.12125380394906,316.5933441973014
HCPCS 82570 – Creatinine (needed for normalization) (78 months of data),54,HCPCS 82570 – Creatinine (needed for normalization) (78 months of data),quarter,2019-Q3,694313,225151016.0,308.376578678197,307.6516424078261,309.1028009662041
HCPCS 82570 – Creatinine (needed for normalization) (78 months of data),54,HCPCS 82570 – Creatinine (needed for normalization) (78 months of data),quarter,2019-Q4,657916,223888589.0,293.85865663747603,293.14900946566496,294.5695970926427
HCPCS 82570 – Creatinine (needed for normalization) (78 months of data),54,HCPCS 82570 – Creatinine (needed for normalization) (78 months of data),quarter,2020-Q1,730590,223452397.0,326.9555439139013,326.206246428752,327.706137179383
HCPCS 82570 – Creatinine (needed for normalization) (78 months of data),54,HCPCS 82570 – Creatinine (needed for normalization) (78 months of data),quarter,2020-Q2,511778,231340007.0,221.22330099177356,220.61761907225235,221.8302346081002
HCPCS 82570 – Creatinine (needed for normalization) (78 months of data),54,HCPCS 82570 – Creatinine (needed for normalization) (78 months of data),quarter,2020-Q3,733506,240451013.0,305.05423572492913,304.3565205892793,305.7531550351408
HCPCS 82570 – Creatinine (needed for normalization) (78 months of data),54,HCPCS 82570 – Creatinine (needed for normalization) (78 months of data),quarter,2020-Q4,716943,252197294.0,284.27862513068834,283.6209642726222,284.9374340831785
HCPCS 82570 – Creatinine (needed for normalization) (78 months of data),54,HCPCS 82570 – Creatinine (needed for normalization) (78 months of data),quarter,2021-Q1,834216,256211709.0,325.59636062534514,324.8980341842918,326.2958171391328
HCPCS 82570 – Creatinine (needed for normalization) (78 months of data),54,HCPCS 82570 – Creatinine (needed for normalization) (78 months of data),quarter,2021-Q2,829132,261559386.0,316.99569748951774,316.3137372931522,317.67876465512387
HCPCS 82570 – Creatinine (needed for normalization) (78 months of data),54,HCPCS 82570 – Creatinine (needed for normalization) (78 months of data),quarter,2021-Q3,804352,266799594.0,301.48171814684247,300.82322405936844,302.1412974677506
HCPCS 82570 – Creatinine (needed for normalization) (78 months of data),54,HCPCS 82570 – Creatinine (needed for normalization) (78 months of data),quarter,2021-Q4,760259,272358419.0,279.13915890369447,278.51204380812464,279.76733709459165
HCPCS 82570 – Creatinine (needed for normalization) (78 months of data),54,HCPCS 82570 – Creatinine (needed for normalization) (78 months of data),quarter,2022-Q1,883432,277314434.0,318.56690156993415,317.9029463516475,319.23190085517314
HCPCS 82570 – Creatinine (needed for normalization) (78 months of data),54,HCPCS 82570 – Creatinine (needed for normalization) (78 months of data),quarter,2022-Q2,876610,282016994.5,310.8358776584295,310.1855207429367,311.4872612327634
HCPCS 82570 – Creatinine (needed for normalization) (78 months of data),54,HCPCS 82570 – Creatinine (needed for normalization) (78 months of data),quarter,2022-Q3,874133,287178648.0,304.38648767508647,303.7487234913844,305.025260065321
HCPCS 82570 – Creatinine (needed for normalization) (78 months of data),54,HCPCS 82570 – Creatinine (needed for normalization) (78 months of data),quarter,2022-Q4,825651,292152539.0,282.6095582896851,282.00029416999627,283.2198134615909
HCPCS 82570 – Creatinine (needed for normalization) (78 months of data),54,HCPCS 82570 – Creatinine (needed for normalization) (78 months of data),quarter,2023-Q1,1079133,297686543.0,362.50647715708135,361.8228422008036,363.19108469649683
HCPCS 82570 – Creatinine (needed for normalization) (78 months of data),54,HCPCS 82570 – Creatinine (needed for normalization) (78 months of data),quarter,2023-Q2,1052089,298365151.0,352.61792353222916,351.94444843946604,353.2923690001033
HCPCS 82570 – Creatinine (needed for normalization) (78 months of data),54,HCPCS 82570 – Creatinine (needed for normalization) (78 months of data),quarter,2023-Q3,963034,289816874.0,332.2905208065973,331.6271883034502,332.9548523214003
HCPCS 82570 – Creatinine (needed for normalization) (78 months of data),54,HCPCS 82570 – Creatinine (needed for normalization) (78 months of data),quarter,2023-Q4,893660,276383178.0,323.34095239327485,322.6709126920814,324.0120396771751
HCPCS 82570 – Creatinine (needed for normalization) (78 months of data),54,HCPCS 82570 – Creatinine (needed for normalization) (78 months of data),quarter,2024-Q1,1097876,267644460.0,410.1994115626379,409.4324632468947,410.96744162729397
HCPCS 82570 – Creatinine (needed for normalization) (78 months of data),54,HCPCS 82570 – Creatinine (needed for normalization) (78 months of data),quarter,2024-Q2,1049384,258952546.0,405.24181600438874,404.46683659269326,406.01791348286525
HCPCS 83497 - 5-HIAA (sometimes used in differential) (78 months of data),56,HCPCS 83497 - 5-HIAA (sometimes used in differential) (78 months of data),quarter,2018-Q1,4257,230550049.0,1.8464537389883617,1.7913986957474686,1.9027706744738384
HCPCS 83497 - 5-HIAA (sometimes used in differential) (78 months of data),56,HCPCS 83497 - 5-HIAA (sometimes used in differential) (78 months of data),quarter,2018-Q2,2973,228935769.0,1.2986175174749561,1.2523524924901248,1.3461546163280091
HCPCS 83497 - 5-HIAA (sometimes used in differential) (78 months of data),56,HCPCS 83497 - 5-HIAA (sometimes used in differential) (78 months of data),quarter,2018-Q3,3205,227904788.0,1.4062890157445924,1.3580194190062567,1.4558361515882412
HCPCS 83497 - 5-HIAA (sometimes used in differential) (78 months of data),56,HCPCS 83497 - 5-HIAA (sometimes used in differential) (78 months of data),quarter,2018-Q4,2307,226095567.0,1.0203649857495878,0.9791484337714256,1.0628706600502458
HCPCS 83497 - 5-HIAA (sometimes used in differential) (78 months of data),56,HCPCS 83497 - 5-HIAA (sometimes used in differential) (78 months of data),quarter,2019-Q1,2595,225406912.0,1.1512512979193823,1.107378507312044,1.1964166352831669
HCPCS 83497 - 5-HIAA (sometimes used in differential) (78 months of data),56,HCPCS 83497 - 5-HIAA (sometimes used in differential) (78 months of data),quarter,2019-Q2,2533,224099443.0,1.1303017830347752,1.0867084911178362,1.1751952666774108
HCPCS 83497 - 5-HIAA (sometimes used in differential) (78 months of data),56,HCPCS 83497 - 5-HIAA (sometimes used in differential) (78 months of data),quarter,2019-Q3,1852,225151016.0,0.822559024117395,0.7855191366941382,0.8608944873785686
HCPCS 83497 - 5-HIAA (sometimes used in differential) (78 months of data),56,HCPCS 83497 - 5-HIAA (sometimes used in differential) (78 months of data),quarter,2019-Q4,1676,223888589.0,0.7485866106378473,0.7131727414093987,0.7853038781078581
HCPCS 83497 - 5-HIAA (sometimes used in differential) (78 months of data),56,HCPCS 83497 - 5-HIAA (sometimes used in differential) (78 months of data),quarter,2020-Q1,1836,223452397.0,0.8216515126485754,0.7844934747069531,0.8601150190222705
HCPCS 83497 - 5-HIAA (sometimes used in differential) (78 months of data),56,HCPCS 83497 - 5-HIAA (sometimes used in differential) (78 months of data),quarter,2020-Q2,1818,231340007.0,0.7858562916011324,0.7501435675798942,0.8228300221901189
HCPCS 83497 - 5-HIAA (sometimes used in differential) (78 months of data),56,HCPCS 83497 - 5-HIAA (sometimes used in differential) (78 months of data),quarter,2020-Q3,1745,240451013.0,0.7257195460432517,0.6920649854212959,0.7605875285617919
HCPCS 83497 - 5-HIAA (sometimes used in differential) (78 months of data),56,HCPCS 83497 - 5-HIAA (sometimes used in differential) (78 months of data),quarter,2020-Q4,1709,252197294.0,0.6776440670295217,0.645893629954374,0.7105515067364957
HCPCS 83497 - 5-HIAA (sometimes used in differential) (78 months of data),56,HCPCS 83497 - 5-HIAA (sometimes used in differential) (78 months of data),quarter,2021-Q1,1278,256211709.0,0.4988062430823566,0.4718304696814596,0.5269223268169301
HCPCS 83497 - 5-HIAA (sometimes used in differential) (78 months of data),56,HCPCS 83497 - 5-HIAA (sometimes used in differential) (78 months of data),quarter,2021-Q2,685,261559386.0,0.2618908120544372,0.24264334959224212,0.28225906832709424
HCPCS 83497 - 5-HIAA (sometimes used in differential) (78 months of data),56,HCPCS 83497 - 5-HIAA (sometimes used in differential) (78 months of data),quarter,2021-Q3,484,266799594.0,0.1814095714103673,0.1656058058639104,0.19831474577797034
HCPCS 83497 - 5-HIAA (sometimes used in differential) (78 months of data),56,HCPCS 83497 - 5-HIAA (sometimes used in differential) (78 months of data),quarter,2021-Q4,399,272358419.0,0.1464981334026616,0.1324744570196913,0.1616023731018116
HCPCS 83497 - 5-HIAA (sometimes used in differential) (78 months of data),56,HCPCS 83497 - 5-HIAA (sometimes used in differential) (78 months of data),quarter,2022-Q1,387,277314434.0,0.1395527792830286,0.12599368829738714,0.15417339037440678
HCPCS 83497 - 5-HIAA (sometimes used in differential) (78 months of data),56,HCPCS 83497 - 5-HIAA (sometimes used in differential) (78 months of data),quarter,2022-Q2,287,282016994.5,0.10176691674515381,0.09033255734476037,0.11424789582366777
HCPCS 83497 - 5-HIAA (sometimes used in differential) (78 months of data),56,HCPCS 83497 - 5-HIAA (sometimes used in differential) (78 months of data),quarter,2022-Q3,293,287178648.0,0.10202708385200002,0.0906779741280814,0.11440379807913764
HCPCS 83497 - 5-HIAA (sometimes used in differential) (78 months of data),56,HCPCS 83497 - 5-HIAA (sometimes used in differential) (78 months of data),quarter,2022-Q4,345,292152539.0,0.11808899596795905,0.10595543474613793,0.13123115595716492
HCPCS 83497 - 5-HIAA (sometimes used in differential) (78 months of data),56,HCPCS 83497 - 5-HIAA (sometimes used in differential) (78 months of data),quarter,2023-Q1,357,297686543.0,0.1199248029159316,0.1078058906579543,0.13303326850317226
HCPCS 83497 - 5-HIAA (sometimes used in differential) (78 months of data),56,HCPCS 83497 - 5-HIAA (sometimes used in differential) (78 months of data),quarter,2023-Q2,451,298365151.0,0.15115706324563355,0.13752672131053284,0.1657728195029233
HCPCS 83497 - 5-HIAA (sometimes used in differential) (78 months of data),56,HCPCS 83497 - 5-HIAA (sometimes used in differential) (78 months of data),quarter,2023-Q3,416,289816874.0,0.1435389162330141,0.13007518594183246,0.1580177728625173
HCPCS 83497 - 5-HIAA (sometimes used in differential) (78 months of data),56,HCPCS 83497 - 5-HIAA (sometimes used in differential) (78 months of data),quarter,2023-Q4,706,276383178.0,0.25544246401277,0.23694495213398256,0.27500045527974853
HCPCS 83497 - 5-HIAA (sometimes used in differential) (78 months of data),56,HCPCS 83497 - 5-HIAA (sometimes used in differential) (78 months of data),quarter,2024-Q1,723,267644460.0,0.2701344911080917,0.2508001280512957,0.2905637975387234
HCPCS 83497 - 5-HIAA (sometimes used in differential) (78 months of data),56,HCPCS 83497 - 5-HIAA (sometimes used in differential) (78 months of data),quarter,2024-Q2,691,258952546.0,0.26684425802092715,0.24731645556132006,0.2875040749673463
HCPCS 86160 - C3 (78 months of data),59,HCPCS 86160 - C3 (78 months of data),quarter,2018-Q1,46190,230550049.0,20.03469537323759,19.85239884163876,20.21824927290497
HCPCS 86160 - C3 (78 months of data),59,HCPCS 86160 - C3 (78 months of data),quarter,2018-Q2,46114,228935769.0,20.14276764239493,19.959337129121046,20.32746439137406
HCPCS 86160 - C3 (78 months of data),59,HCPCS 86160 - C3 (78 months of data),quarter,2018-Q3,43223,227904788.0,18.96537601482949,18.78699831660514,19.145025742668956
HCPCS 86160 - C3 (78 months of data),59,HCPCS 86160 - C3 (78 months of data),quarter,2018-Q4,43675,226095567.0,19.317052775298333,19.136307805570272,19.499079942644936
HCPCS 86160 - C3 (78 months of data),59,HCPCS 86160 - C3 (78 months of data),quarter,2019-Q1,51753,225406912.0,22.959810566944814,22.762420923898354,23.158486155909234
HCPCS 86160 - C3 (78 months of data),59,HCPCS 86160 - C3 (78 months of data),quarter,2019-Q2,52006,224099443.0,23.206661874657136,23.007634859471032,23.40698233371207
HCPCS 86160 - C3 (78 months of data),59,HCPCS 86160 - C3 (78 months of data),quarter,2019-Q3,51818,225151016.0,23.01477511431705,22.81703680375386,23.213800831144635
HCPCS 86160 - C3 (78 months of data),59,HCPCS 86160 - C3 (78 months of data),quarter,2019-Q4,49920,223888589.0,22.296804059093873,22.101634398307635,22.493268421532317
HCPCS 86160 - C3 (78 months of data),59,HCPCS 86160 - C3 (78 months of data),quarter,2020-Q1,54142,223452397.0,24.229769170925476,24.026099381387972,24.43473611145725
HCPCS 86160 - C3 (78 months of data),59,HCPCS 86160 - C3 (78 months of data),quarter,2020-Q2,38525,231340007.0,16.65297779644314,16.487096623267014,16.820112231081303
HCPCS 86160 - C3 (78 months of data),59,HCPCS 86160 - C3 (78 months of data),quarter,2020-Q3,54941,240451013.0,22.849144744505608,22.65847896185912,23.041015963657976
HCPCS 86160 - C3 (78 months of data),59,HCPCS 86160 - C3 (78 months of data),quarter,2020-Q4,57736,252197294.0,22.893187743719405,22.70682631329563,23.080698425949322
HCPCS 86160 - C3 (78 months of data),59,HCPCS 86160 - C3 (78 months of data),quarter,2021-Q1,69112,256211709.0,26.97456734891066,26.77383089991593,27.176434906087707
HCPCS 86160 - C3 (78 months of data),59,HCPCS 86160 - C3 (78 months of data),quarter,2021-Q2,70838,261559386.0,27.08295086760909,26.88387384651242,27.2831358535177
HCPCS 86160 - C3 (78 months of data),59,HCPCS 86160 - C3 (78 months of data),quarter,2021-Q3,68448,266799594.0,25.655211454332274,25.463371164516378,25.84813797129681
HCPCS 86160 - C3 (78 months of data),59,HCPCS 86160 - C3 (78 months of data),quarter,2021-Q4,63636,272358419.0,23.364800043137276,23.18361374098608,23.547050453577462
HCPCS 86160 - C3 (78 months of data),59,HCPCS 86160 - C3 (78 months of data),quarter,2022-Q1,71893,277314434.0,25.92472341342319,25.735560954337743,26.114930880815635
HCPCS 86160 - C3 (78 months of data),59,HCPCS 86160 - C3 (78 months of data),quarter,2022-Q2,72588,282016994.5,25.7388743996419,25.551967632333426,25.926808743801214
HCPCS 86160 - C3 (78 months of data),59,HCPCS 86160 - C3 (78 months of data),quarter,2022-Q3,73587,287178648.0,25.62411952019497,25.43931115919006,25.809936980108322
HCPCS 86160 - C3 (78 months of data),59,HCPCS 86160 - C3 (78 months of data),quarter,2022-Q4,71105,292152539.0,24.338313212468776,24.159746629045905,24.517871736285844
HCPCS 86160 - C3 (78 months of data),59,HCPCS 86160 - C3 (78 months of data),quarter,2023-Q1,88558,297686543.0,29.748741447140254,29.553128977710827,29.94532728856083
HCPCS 86160 - C3 (78 months of data),59,HCPCS 86160 - C3 (78 months of data),quarter,2023-Q2,87771,298365151.0,29.417309530227275,29.22301252725395,29.612577696266474
HCPCS 86160 - C3 (78 months of data),59,HCPCS 86160 - C3 (78 months of data),quarter,2023-Q3,78594,289816874.0,27.118503803888245,26.929239213927502,27.30876826653195
HCPCS 86160 - C3 (78 months of data),59,HCPCS 86160 - C3 (78 months of data),quarter,2023-Q4,73171,276383178.0,26.47447667744815,26.282994261239544,26.667007611467206
HCPCS 86160 - C3 (78 months of data),59,HCPCS 86160 - C3 (78 months of data),quarter,2024-Q1,83851,267644460.0,31.32924925851258,31.117550591938237,31.542030588449943
HCPCS 86160 - C3 (78 months of data),59,HCPCS 86160 - C3 (78 months of data),quarter,2024-Q2,81716,258952546.0,31.556360909461766,31.3403646712868,31.77347616826001
HCPCS 86161 - C4 (78 months of data),61,HCPCS 86161 - C4 (78 months of data),quarter,2018-Q1,781,230550049.0,0.33875507872913097,0.31541061374741325,0.3633700664288917
HCPCS 86161 - C4 (78 months of data),61,HCPCS 86161 - C4 (78 months of data),quarter,2018-Q2,719,228935769.0,0.31406188868634155,0.2915222267056001,0.33788167190629753
HCPCS 86161 - C4 (78 months of data),61,HCPCS 86161 - C4 (78 months of data),quarter,2018-Q3,776,227904788.0,0.3404930659025909,0.3169547091075009,0.36531674117280594
HCPCS 86161 - C4 (78 months of data),61,HCPCS 86161 - C4 (78 months of data),quarter,2018-Q4,776,226095567.0,0.34321769785074996,0.3194909866797462,0.36824001263960743
HCPCS 86161 - C4 (78 months of data),61,HCPCS 86161 - C4 (78 months of data),quarter,2019-Q1,1147,225406912.0,0.5088575101015536,0.4798314740980192,0.5391803647747397
HCPCS 86161 - C4 (78 months of data),61,HCPCS 86161 - C4 (78 months of data),quarter,2019-Q2,976,224099443.0,0.4355209396928309,0.408622771130788,0.46372456870474826
HCPCS 86161 - C4 (78 months of data),61,HCPCS 86161 - C4 (78 months of data),quarter,2019-Q3,1200,225151016.0,0.5329756095793057,0.5032430834829382,0.5640061436814662
HCPCS 86161 - C4 (78 months of data),61,HCPCS 86161 - C4 (78 months of data),quarter,2019-Q4,1656,223888589.0,0.7396535961910948,0.7044542149668104,0.7761564395698278
HCPCS 86161 - C4 (78 months of data),61,HCPCS 86161 - C4 (78 months of data),quarter,2020-Q1,1479,223452397.0,0.6618859407446858,0.6285793996068001,0.6964991105307422
HCPCS 86161 - C4 (78 months of data),61,HCPCS 86161 - C4 (78 months of data),quarter,2020-Q2,859,231340007.0,0.37131493646060104,0.3468958741763295,0.3969994856908917
HCPCS 86161 - C4 (78 months of data),61,HCPCS 86161 - C4 (78 months of data),quarter,2020-Q3,1319,240451013.0,0.5485524820808303,0.5193447805815382,0.5789750599975159
HCPCS 86161 - C4 (78 months of data),61,HCPCS 86161 - C4 (78 months of data),quarter,2020-Q4,1237,252197294.0,0.4904890058019417,0.4635331543003707,0.51860349601533
HCPCS 86161 - C4 (78 months of data),61,HCPCS 86161 - C4 (78 months of data),quarter,2021-Q1,1502,256211709.0,0.5862339414003909,0.5569581038037051,0.6166492658162804
HCPCS 86161 - C4 (78 months of data),61,HCPCS 86161 - C4 (78 months of data),quarter,2021-Q2,1625,261559386.0,0.6212738242167306,0.591430774440902,0.6522326932531168
HCPCS 86161 - C4 (78 months of data),61,HCPCS 86161 - C4 (78 months of data),quarter,2021-Q3,1511,266799594.0,0.5663426909112913,0.5381434829066817,0.5956361373872457
HCPCS 86161 - C4 (78 months of data),61,HCPCS 86161 - C4 (78 months of data),quarter,2021-Q4,1584,272358419.0,0.5815865747113181,0.5532951226392024,0.6109497176701458
HCPCS 86161 - C4 (78 months of data),61,HCPCS 86161 - C4 (78 months of data),quarter,2022-Q1,1734,277314434.0,0.6252829955472133,0.5961953441918812,0.6554227951723609
HCPCS 86161 - C4 (78 months of data),61,HCPCS 86161 - C4 (78 months of data),quarter,2022-Q2,1660,282016994.5,0.5886170097454889,0.5606386703658662,0.617630135771903
HCPCS 86161 - C4 (78 months of data),61,HCPCS 86161 - C4 (78 months of data),quarter,2022-Q3,1671,287178648.0,0.5818677717293244,0.5543003223423774,0.6104513814351022
HCPCS 86161 - C4 (78 months of data),61,HCPCS 86161 - C4 (78 months of data),quarter,2022-Q4,1641,292152539.0,0.5616928764736835,0.5348420637210551,0.5895426235720783
HCPCS 86161 - C4 (78 months of data),61,HCPCS 86161 - C4 (78 months of data),quarter,2023-Q1,1964,297686543.0,0.6597543779464697,0.6308955647308774,0.6895928618134348
HCPCS 86161 - C4 (78 months of data),61,HCPCS 86161 - C4 (78 months of data),quarter,2023-Q2,2054,298365151.0,0.6884181993492933,0.6589654418097118,0.7188482362239033
HCPCS 86161 - C4 (78 months of data),61,HCPCS 86161 - C4 (78 months of data),quarter,2023-Q3,1798,289816874.0,0.6203917581417292,0.5920439091520784,0.6497462218430786
HCPCS 86161 - C4 (78 months of data),61,HCPCS 86161 - C4 (78 months of data),quarter,2023-Q4,1908,276383178.0,0.6903459225727551,0.6597140056425708,0.7220331380787431
HCPCS 86161 - C4 (78 months of data),61,HCPCS 86161 - C4 (78 months of data),quarter,2024-Q1,1858,267644460.0,0.694204542847627,0.6629944032511472,0.7265045483099007
HCPCS 86161 - C4 (78 months of data),61,HCPCS 86161 - C4 (78 months of data),quarter,2024-Q2,1746,258952546.0,0.674254811149839,0.6429957289084217,0.7066406166519009
HCPCS 86162 – CH50 (78 months of data),63,HCPCS 86162 – CH50 (78 months of data),quarter,2018-Q1,3841,230550049.0,1.6660156944924356,1.6137405246975118,1.719553098713145
HCPCS 86162 – CH50 (78 months of data),63,HCPCS 86162 – CH50 (78 months of data),quarter,2018-Q2,3795,228935769.0,1.6576701913277692,1.6053450979769435,1.711266460957235
HCPCS 86162 – CH50 (78 months of data),63,HCPCS 86162 – CH50 (78 months of data),quarter,2018-Q3,3593,227904788.0,1.5765355486958879,1.5254030338486384,1.6289451829043091
HCPCS 86162 – CH50 (78 months of data),63,HCPCS 86162 – CH50 (78 months of data),quarter,2018-Q4,3703,226095567.0,1.6378030092027414,1.5854719003869044,1.691421349215257
HCPCS 86162 – CH50 (78 months of data),63,HCPCS 86162 – CH50 (78 months of data),quarter,2019-Q1,5037,225406912.0,2.2346253516839805,2.173335013164949,2.297205839832204
HCPCS 86162 – CH50 (78 months of data),63,HCPCS 86162 – CH50 (78 months of data),quarter,2019-Q2,4954,224099443.0,2.2106257533179146,2.149491370516711,2.273057864094983
HCPCS 86162 – CH50 (78 months of data),63,HCPCS 86162 – CH50 (78 months of data),quarter,2019-Q3,4717,225151016.0,2.0950382919879873,2.0356730230584317,2.15569538064491
HCPCS 86162 – CH50 (78 months of data),63,HCPCS 86162 – CH50 (78 months of data),quarter,2019-Q4,4255,223888589.0,1.9004988235465632,1.843819121446454,1.9584779651202462
HCPCS 86162 – CH50 (78 months of data),63,HCPCS 86162 – CH50 (78 months of data),quarter,2020-Q1,4841,223452397.0,2.166456956825574,2.10585372134634,2.2283617500904978
HCPCS 86162 – CH50 (78 months of data),63,HCPCS 86162 – CH50 (78 months of data),quarter,2020-Q2,3215,231340007.0,1.3897293605597583,1.3421017598765148,1.4386155182999958
HCPCS 86162 – CH50 (78 months of data),63,HCPCS 86162 – CH50 (78 months of data),quarter,2020-Q3,4874,240451013.0,2.0270241074010364,1.9705122226017413,2.0847455169459597
HCPCS 86162 – CH50 (78 months of data),63,HCPCS 86162 – CH50 (78 months of data),quarter,2020-Q4,4560,252197294.0,1.8081082186393322,1.756005234229727,1.8613645809188863
HCPCS 86162 – CH50 (78 months of data),63,HCPCS 86162 – CH50 (78 months of data),quarter,2021-Q1,5245,256211709.0,2.047135168205759,1.99210422230994,2.103301039194586
HCPCS 86162 – CH50 (78 months of data),63,HCPCS 86162 – CH50 (78 months of data),quarter,2021-Q2,5678,261559386.0,2.170826322401598,2.1147248094344535,2.2280393561088325
HCPCS 86162 – CH50 (78 months of data),63,HCPCS 86162 – CH50 (78 months of data),quarter,2021-Q3,5394,266799594.0,2.0217422069990105,1.968144737422573,2.0764294921433044
HCPCS 86162 – CH50 (78 months of data),63,HCPCS 86162 – CH50 (78 months of data),quarter,2021-Q4,4997,272358419.0,1.8347147183285712,1.7841933400155712,1.886303859255045
HCPCS 86162 – CH50 (78 months of data),63,HCPCS 86162 – CH50 (78 months of data),quarter,2022-Q1,5802,277314434.0,2.0922098847548627,2.038717268974178,2.1467508223198655
HCPCS 86162 – CH50 (78 months of data),63,HCPCS 86162 – CH50 (78 months of data),quarter,2022-Q2,5603,282016994.5,1.9867597021710688,1.9350748318797488,2.0394754937558845
HCPCS 86162 – CH50 (78 months of data),63,HCPCS 86162 – CH50 (78 months of data),quarter,2022-Q3,5557,287178648.0,1.935032440155509,1.8844866792563946,1.9865906116698402
HCPCS 86162 – CH50 (78 months of data),63,HCPCS 86162 – CH50 (78 months of data),quarter,2022-Q4,5285,292152539.0,1.8089865034511987,1.7605405896929187,1.858427705452911
HCPCS 86162 – CH50 (78 months of data),63,HCPCS 86162 – CH50 (78 months of data),quarter,2023-Q1,6598,297686543.0,2.2164253491297385,2.1632637791339233,2.27056323114994
HCPCS 86162 – CH50 (78 months of data),63,HCPCS 86162 – CH50 (78 months of data),quarter,2023-Q2,6470,298365151.0,2.1684838119717273,2.115963271177461,2.2219784839080834
HCPCS 86162 – CH50 (78 months of data),63,HCPCS 86162 – CH50 (78 months of data),quarter,2023-Q3,5190,289816874.0,1.7907859981955365,1.7423935358116898,1.840181812166314
HCPCS 86162 – CH50 (78 months of data),63,HCPCS 86162 – CH50 (78 months of data),quarter,2023-Q4,4404,276383178.0,1.5934399596490638,1.546722696742205,1.641209761826161
HCPCS 86162 – CH50 (78 months of data),63,HCPCS 86162 – CH50 (78 months of data),quarter,2024-Q1,5010,267644460.0,1.8718863076784777,1.8204078145826974,1.9244513629423425
HCPCS 86162 – CH50 (78 months of data),63,HCPCS 86162 – CH50 (78 months of data),quarter,2024-Q2,5096,258952546.0,1.9679281315117867,1.9142638682263726,2.0227153830201607
HCPCS 86140 - CRP (78 months of data),66,HCPCS 86140 - CRP (78 months of data),quarter,2018-Q1,462502,230550049.0,200.60806840253588,200.03033046719045,201.18706235434675
HCPCS 86140 - CRP (78 months of data),66,HCPCS 86140 - CRP (78 months of data),quarter,2018-Q2,459579,228935769.0,200.74582578662051,200.16585682629793,201.32705962187404
HCPCS 86140 - CRP (78 months of data),66,HCPCS 86140 - CRP (78 months of data),quarter,2018-Q3,446848,227904788.0,196.06784215520736,195.49338136585996,196.64357355041383
HCPCS 86140 - CRP (78 months of data),66,HCPCS 86140 - CRP (78 months of data),quarter,2018-Q4,448539,226095567.0,198.3846945570587,197.80454150445897,198.96612838170668
HCPCS 86140 - CRP (78 months of data),66,HCPCS 86140 - CRP (78 months of data),quarter,2019-Q1,529084,225406912.0,234.72394670843101,234.09189228387697,235.35728576657087
HCPCS 86140 - CRP (78 months of data),66,HCPCS 86140 - CRP (78 months of data),quarter,2019-Q2,536024,224099443.0,239.19024198556352,238.5503412524521,239.83143484332757
HCPCS 86140 - CRP (78 months of data),66,HCPCS 86140 - CRP (78 months of data),quarter,2019-Q3,544400,225151016.0,241.79326821247832,241.15139591751625,242.43642659260576
HCPCS 86140 - CRP (78 months of data),66,HCPCS 86140 - CRP (78 months of data),quarter,2019-Q4,544051,223888589.0,243.0007721385032,242.35548762957336,243.64734998455896
HCPCS 86140 - CRP (78 months of data),66,HCPCS 86140 - CRP (78 months of data),quarter,2020-Q1,555467,223452397.0,248.58404181719294,247.9307451414974,249.23863434854385
HCPCS 86140 - CRP (78 months of data),66,HCPCS 86140 - CRP (78 months of data),quarter,2020-Q2,489583,231340007.0,211.62919736576305,211.03680373058734,212.22284271101245
HCPCS 86140 - CRP (78 months of data),66,HCPCS 86140 - CRP (78 months of data),quarter,2020-Q3,627967,240451013.0,261.16213534105594,260.5165927414535,261.80888215364354
HCPCS 86140 - CRP (78 months of data),66,HCPCS 86140 - CRP (78 months of data),quarter,2020-Q4,655083,252197294.0,259.750209690989,259.12157782186046,260.3799896757136
HCPCS 86140 - CRP (78 months of data),66,HCPCS 86140 - CRP (78 months of data),quarter,2021-Q1,733045,256211709.0,286.1090942568905,285.45450452658054,286.7648140878907
HCPCS 86140 - CRP (78 months of data),66,HCPCS 86140 - CRP (78 months of data),quarter,2021-Q2,748370,261559386.0,286.1185795871229,285.4707015708175,286.7675645942956
HCPCS 86140 - CRP (78 months of data),66,HCPCS 86140 - CRP (78 months of data),quarter,2021-Q3,794399,266799594.0,297.7512027248437,297.09679760497573,298.40669308070267
HCPCS 86140 - CRP (78 months of data),66,HCPCS 86140 - CRP (78 months of data),quarter,2021-Q4,745062,272358419.0,273.55937912093697,272.938566936381,274.1812544050062
HCPCS 86140 - CRP (78 months of data),66,HCPCS 86140 - CRP (78 months of data),quarter,2022-Q1,776341,277314434.0,279.9497266701956,279.327335289699,280.573162142731
HCPCS 86140 - CRP (78 months of data),66,HCPCS 86140 - CRP (78 months of data),quarter,2022-Q2,762908,282016994.5,270.5184491993443,269.9117568788309,271.1261682053873
HCPCS 86140 - CRP (78 months of data),66,HCPCS 86140 - CRP (78 months of data),quarter,2022-Q3,745764,287178648.0,259.68643741229675,259.0973855881827,260.27649747309994
HCPCS 86140 - CRP (78 months of data),66,HCPCS 86140 - CRP (78 months of data),quarter,2022-Q4,734131,292152539.0,251.28345709841665,250.70897018358286,251.85893508779498
HCPCS 86140 - CRP (78 months of data),66,HCPCS 86140 - CRP (78 months of data),quarter,2023-Q1,868803,297686543.0,291.85162058198915,291.2382481118839,292.46596567150436
HCPCS 86140 - CRP (78 months of data),66,HCPCS 86140 - CRP (78 months of data),quarter,2023-Q2,829647,298365151.0,278.06431053337053,277.4662899299756,278.6633015522465
HCPCS 86140 - CRP (78 months of data),66,HCPCS 86140 - CRP (78 months of data),quarter,2023-Q3,767047,289816874.0,264.6660939417903,264.07412944175053,265.25905749499196
HCPCS 86140 - CRP (78 months of data),66,HCPCS 86140 - CRP (78 months of data),quarter,2023-Q4,727402,276383178.0,263.18606120087384,262.5815873307841,263.7915826943184
HCPCS 86140 - CRP (78 months of data),66,HCPCS 86140 - CRP (78 months of data),quarter,2024-Q1,781004,267644460.0,291.80652571699034,291.1597125284587,292.45442071928477
HCPCS 86140 - CRP (78 months of data),66,HCPCS 86140 - CRP (78 months of data),quarter,2024-Q2,747195,258952546.0,288.5451452560733,287.8912593591569,289.20014928812697
HCPCS 85652 - ESR (78 months of data),68,HCPCS 85652 - ESR (78 months of data),quarter,2018-Q1,396504,230550049.0,171.98174614137687,171.44684547779266,172.51790287142148
HCPCS 85652 - ESR (78 months of data),68,HCPCS 85652 - ESR (78 months of data),quarter,2018-Q2,397999,228935769.0,173.84745150942314,173.30776379147204,174.38840414937755
HCPCS 85652 - ESR (78 months of data),68,HCPCS 85652 - ESR (78 months of data),quarter,2018-Q3,383662,227904788.0,168.34310650814407,167.81083897854984,168.87664469452702
HCPCS 85652 - ESR (78 months of data),68,HCPCS 85652 - ESR (78 months of data),quarter,2018-Q4,373199,226095567.0,165.06250208788924,164.53334758717352,165.59293742295029
HCPCS 85652 - ESR (78 months of data),68,HCPCS 85652 - ESR (78 months of data),quarter,2019-Q1,431968,225406912.0,191.63919871277062,191.0681316390488,192.21155048383793
HCPCS 85652 - ESR (78 months of data),68,HCPCS 85652 - ESR (78 months of data),quarter,2019-Q2,441093,224099443.0,196.82913714337076,196.24869866846262,197.41086780405112
HCPCS 85652 - ESR (78 months of data),68,HCPCS 85652 - ESR (78 months of data),quarter,2019-Q3,447294,225151016.0,198.6639935926383,198.08221637182774,199.24705695948097
HCPCS 85652 - ESR (78 months of data),68,HCPCS 85652 - ESR (78 months of data),quarter,2019-Q4,429997,223888589.0,192.05847065300858,191.4848449755332,192.6333897416577
HCPCS 85652 - ESR (78 months of data),68,HCPCS 85652 - ESR (78 months of data),quarter,2020-Q1,442482,223452397.0,198.02069968396893,197.43766395430856,198.60503134011753
HCPCS 85652 - ESR (78 months of data),68,HCPCS 85652 - ESR (78 months of data),quarter,2020-Q2,340461,231340007.0,147.1690973018774,146.67516084102297,147.6642855933314
HCPCS 85652 - ESR (78 months of data),68,HCPCS 85652 - ESR (78 months of data),quarter,2020-Q3,466609,240451013.0,194.0557430714588,193.49933860988915,194.61335182831812
HCPCS 85652 - ESR (78 months of data),68,HCPCS 85652 - ESR (78 months of data),quarter,2020-Q4,479800,252197294.0,190.24787791735784,189.7099369535948,190.78696707756941
HCPCS 85652 - ESR (78 months of data),68,HCPCS 85652 - ESR (78 months of data),quarter,2021-Q1,553808,256211709.0,216.15249442015158,215.5835805109163,216.7225384972867
HCPCS 85652 - ESR (78 months of data),68,HCPCS 85652 - ESR (78 months of data),quarter,2021-Q2,582582,261559386.0,222.73412126758853,222.16253577800907,223.30681380578716
HCPCS 85652 - ESR (78 months of data),68,HCPCS 85652 - ESR (78 months of data),quarter,2021-Q3,576453,266799594.0,216.0621728682241,215.5047711523807,216.62065989170705
HCPCS 85652 - ESR (78 months of data),68,HCPCS 85652 - ESR (78 months of data),quarter,2021-Q4,546887,272358419.0,200.79680371474035,200.2649745775758,201.32969602109367
HCPCS 85652 - ESR (78 months of data),68,HCPCS 85652 - ESR (78 months of data),quarter,2022-Q1,579794,277314434.0,209.07458426776302,208.53676458058595,209.61344810998503
HCPCS 85652 - ESR (78 months of data),68,HCPCS 85652 - ESR (78 months of data),quarter,2022-Q2,586506,282016994.5,207.96831802276367,207.43641207648855,208.50125071045048
HCPCS 85652 - ESR (78 months of data),68,HCPCS 85652 - ESR (78 months of data),quarter,2022-Q3,574350,287178648.0,199.9974594211475,199.4805586575467,200.51536847654023
HCPCS 85652 - ESR (78 months of data),68,HCPCS 85652 - ESR (78 months of data),quarter,2022-Q4,553450,292152539.0,189.43870961874475,188.93994532813468,189.93846504327627
HCPCS 85652 - ESR (78 months of data),68,HCPCS 85652 - ESR (78 months of data),quarter,2023-Q1,674199,297686543.0,226.47950196391645,225.93921161770774,227.02076497726475
HCPCS 85652 - ESR (78 months of data),68,HCPCS 85652 - ESR (78 months of data),quarter,2023-Q2,648226,298365151.0,217.2592870941553,216.73071721659605,217.78882743453184
HCPCS 85652 - ESR (78 months of data),68,HCPCS 85652 - ESR (78 months of data),quarter,2023-Q3,592997,289816874.0,204.61092958997273,204.090480825768,205.13237746034073
HCPCS 85652 - ESR (78 months of data),68,HCPCS 85652 - ESR (78 months of data),quarter,2023-Q4,544234,276383178.0,196.91285263388932,196.39004169141663,197.43671126458955
HCPCS 85652 - ESR (78 months of data),68,HCPCS 85652 - ESR (78 months of data),quarter,2024-Q1,599858,267644460.0,224.12494545936053,223.55812837026912,224.69284442063193
HCPCS 85652 - ESR (78 months of data),68,HCPCS 85652 - ESR (78 months of data),quarter,2024-Q2,581943,258952546.0,224.72959196160983,224.1525693113327,225.30773280528578
HCPCS 86038 - ANA (78 months of data),71,HCPCS 86038 - ANA (78 months of data),quarter,2018-Q1,192430,230550049.0,83.46560793834401,83.09309585165317,83.83937638528107
HCPCS 86038 - ANA (78 months of data),71,HCPCS 86038 - ANA (78 months of data),quarter,2018-Q2,195075,228935769.0,85.2094894791211,84.83177849563758,85.58846567510884
HCPCS 86038 - ANA (78 months of data),71,HCPCS 86038 - ANA (78 months of data),quarter,2018-Q3,184299,227904788.0,80.86666437214123,80.49788486689076,81.23671484142265
HCPCS 86038 - ANA (78 months of data),71,HCPCS 86038 - ANA (78 months of data),quarter,2018-Q4,175369,226095567.0,77.56410367833527,77.20150118532364,77.92798733102609
HCPCS 86038 - ANA (78 months of data),71,HCPCS 86038 - ANA (78 months of data),quarter,2019-Q1,204599,225406912.0,90.76873383545576,90.37584635047206,91.16290631730381
HCPCS 86038 - ANA (78 months of data),71,HCPCS 86038 - ANA (78 months of data),quarter,2019-Q2,205505,224099443.0,91.70259294218772,91.30653829258144,92.09994008361565
HCPCS 86038 - ANA (78 months of data),71,HCPCS 86038 - ANA (78 months of data),quarter,2019-Q3,202699,225151016.0,90.02801923842974,89.6365177753024,90.42080716338467
HCPCS 86038 - ANA (78 months of data),71,HCPCS 86038 - ANA (78 months of data),quarter,2019-Q4,189046,223888589.0,84.43753245503727,84.05732842738844,84.81903023288099
HCPCS 86038 - ANA (78 months of data),71,HCPCS 86038 - ANA (78 months of data),quarter,2020-Q1,195465,223452397.0,87.47500703695741,87.08764021751638,87.86367011537871
HCPCS 86038 - ANA (78 months of data),71,HCPCS 86038 - ANA (78 months of data),quarter,2020-Q2,135542,231340007.0,58.58995240715109,58.27844844332325,58.90270862593695
HCPCS 86038 - ANA (78 months of data),71,HCPCS 86038 - ANA (78 months of data),quarter,2020-Q3,210181,240451013.0,87.41115180912131,87.03785008027329,87.78565812545251
HCPCS 86038 - ANA (78 months of data),71,HCPCS 86038 - ANA (78 months of data),quarter,2020-Q4,212435,252197294.0,84.23365557601899,83.8758353069153,84.59262432352084
HCPCS 86038 - ANA (78 months of data),71,HCPCS 86038 - ANA (78 months of data),quarter,2021-Q1,246134,256211709.0,96.0666477580851,95.68749734619578,96.44692859474446
HCPCS 86038 - ANA (78 months of data),71,HCPCS 86038 - ANA (78 months of data),quarter,2021-Q2,262018,261559386.0,100.17533838376573,99.79213176657676,100.5596522905425
HCPCS 86038 - ANA (78 months of data),71,HCPCS 86038 - ANA (78 months of data),quarter,2021-Q3,248992,266799594.0,93.32547934836812,92.95926557676312,93.69277867981825
HCPCS 86038 - ANA (78 months of data),71,HCPCS 86038 - ANA (78 months of data),quarter,2021-Q4,233545,272358419.0,85.74913926196642,85.40171678541705,86.09762516557723
HCPCS 86038 - ANA (78 months of data),71,HCPCS 86038 - ANA (78 months of data),quarter,2022-Q1,253270,277314434.0,91.32954110855982,90.97419618685039,91.68593042329628
HCPCS 86038 - ANA (78 months of data),71,HCPCS 86038 - ANA (78 months of data),quarter,2022-Q2,261781,282016994.5,92.82454784830351,92.46930009436143,93.18082256897789
HCPCS 86038 - ANA (78 months of data),71,HCPCS 86038 - ANA (78 months of data),quarter,2022-Q3,256294,287178648.0,89.24549293093683,88.90030924839938,89.59168512894585
HCPCS 86038 - ANA (78 months of data),71,HCPCS 86038 - ANA (78 months of data),quarter,2022-Q4,239164,292152539.0,81.86271487443756,81.53495422657677,82.19146689111977
HCPCS 86038 - ANA (78 months of data),71,HCPCS 86038 - ANA (78 months of data),quarter,2023-Q1,298409,297686543.0,100.24269051355809,99.88334654863006,100.60300734724642
HCPCS 86038 - ANA (78 months of data),71,HCPCS 86038 - ANA (78 months of data),quarter,2023-Q2,294229,298365151.0,98.61372851818072,98.25772399374439,98.97070370291783
HCPCS 86038 - ANA (78 months of data),71,HCPCS 86038 - ANA (78 months of data),quarter,2023-Q3,262488,289816874.0,90.57029577925817,90.22414192442842,90.9174489610399
HCPCS 86038 - ANA (78 months of data),71,HCPCS 86038 - ANA (78 months of data),quarter,2023-Q4,235019,276383178.0,85.03375701107251,84.69031400522117,85.37824795579888
HCPCS 86038 - ANA (78 months of data),71,HCPCS 86038 - ANA (78 months of data),quarter,2024-Q1,265037,267644460.0,99.02577471620374,98.64912721865642,99.40350432429342
HCPCS 86038 - ANA (78 months of data),71,HCPCS 86038 - ANA (78 months of data),quarter,2024-Q2,265410,258952546.0,102.49368237530284,102.10411835975357,102.88436482263631
HCPCS 86235 – ENA panel (78 months of data),73,HCPCS 86235 – ENA panel (78 months of data),quarter,2018-Q1,51643,230550049.0,22.39990849015174,22.207127878852262,22.59394636232621
HCPCS 86235 – ENA panel (78 months of data),73,HCPCS 86235 – ENA panel (78 months of data),quarter,2018-Q2,54094,228935769.0,23.628461483447786,23.429758229282985,23.828430820613946
HCPCS 86235 – ENA panel (78 months of data),73,HCPCS 86235 – ENA panel (78 months of data),quarter,2018-Q3,52700,227904788.0,23.12369146013729,22.92668337863156,23.321971376331952
HCPCS 86235 – ENA panel (78 months of data),73,HCPCS 86235 – ENA panel (78 months of data),quarter,2018-Q4,51481,226095567.0,22.76957513280214,22.57330562972063,22.96712667001334
HCPCS 86235 – ENA panel (78 months of data),73,HCPCS 86235 – ENA panel (78 months of data),quarter,2019-Q1,63154,225406912.0,28.017774361772897,27.79967984243217,28.23715464616253
HCPCS 86235 – ENA panel (78 months of data),73,HCPCS 86235 – ENA panel (78 months of data),quarter,2019-Q2,63936,224099443.0,28.5301913936484,28.309467858040065,28.752208185214386
HCPCS 86235 – ENA panel (78 months of data),73,HCPCS 86235 – ENA panel (78 months of data),quarter,2019-Q3,62722,225151016.0,27.857746820027675,27.640153926610196,28.076626945781488
HCPCS 86235 – ENA panel (78 months of data),73,HCPCS 86235 – ENA panel (78 months of data),quarter,2019-Q4,59176,223888589.0,26.431003145050862,26.21847097079201,26.644829861429365
HCPCS 86235 – ENA panel (78 months of data),73,HCPCS 86235 – ENA panel (78 months of data),quarter,2020-Q1,63855,223452397.0,28.576556285498253,28.35533414049323,28.799075432411144
HCPCS 86235 – ENA panel (78 months of data),73,HCPCS 86235 – ENA panel (78 months of data),quarter,2020-Q2,44090,231340007.0,19.058527995981258,18.88104127274981,19.23726784007229
HCPCS 86235 – ENA panel (78 months of data),73,HCPCS 86235 – ENA panel (78 months of data),quarter,2020-Q3,67370,240451013.0,28.018180983916253,27.80700484063045,28.23056239533693
HCPCS 86235 – ENA panel (78 months of data),73,HCPCS 86235 – ENA panel (78 months of data),quarter,2020-Q4,69225,252197294.0,27.44874812177802,27.244649442770633,27.653995912466236
HCPCS 86235 – ENA panel (78 months of data),73,HCPCS 86235 – ENA panel (78 months of data),quarter,2021-Q1,80979,256211709.0,31.60628384864331,31.388965342494227,31.8247333522613
HCPCS 86235 – ENA panel (78 months of data),73,HCPCS 86235 – ENA panel (78 months of data),quarter,2021-Q2,86605,261559386.0,33.11102741310151,32.890869103482714,33.33229355309265
HCPCS 86235 – ENA panel (78 months of data),73,HCPCS 86235 – ENA panel (78 months of data),quarter,2021-Q3,84047,266799594.0,31.501922000675904,31.28930448003389,31.715625611638956
HCPCS 86235 – ENA panel (78 months of data),73,HCPCS 86235 – ENA panel (78 months of data),quarter,2021-Q4,80824,272358419.0,29.675601839941656,29.4713630935185,29.880904534103884
HCPCS 86235 – ENA panel (78 months of data),73,HCPCS 86235 – ENA panel (78 months of data),quarter,2022-Q1,90562,277314434.0,32.65679275821611,32.4444437509313,32.870186630271924
HCPCS 86235 – ENA panel (78 months of data),73,HCPCS 86235 – ENA panel (78 months of data),quarter,2022-Q2,91966,282016994.5,32.61009151702026,32.39966840699751,32.821542060124145
HCPCS 86235 – ENA panel (78 months of data),73,HCPCS 86235 – ENA panel (78 months of data),quarter,2022-Q3,90449,287178648.0,31.495725963582085,31.29079904540251,31.70166185749075
HCPCS 86235 – ENA panel (78 months of data),73,HCPCS 86235 – ENA panel (78 months of data),quarter,2022-Q4,88384,292152539.0,30.252689332266936,30.053567764073666,30.452802711340162
HCPCS 86235 – ENA panel (78 months of data),73,HCPCS 86235 – ENA panel (78 months of data),quarter,2023-Q1,110878,297686543.0,37.24656105801866,37.02764354869788,37.46645182184181
HCPCS 86235 – ENA panel (78 months of data),73,HCPCS 86235 – ENA panel (78 months of data),quarter,2023-Q2,108948,298365151.0,36.51498830706271,36.29848079384654,36.73246686988181
HCPCS 86235 – ENA panel (78 months of data),73,HCPCS 86235 – ENA panel (78 months of data),quarter,2023-Q3,97495,289816874.0,33.64020826475411,33.42937334884996,33.852042930249404
HCPCS 86235 – ENA panel (78 months of data),73,HCPCS 86235 – ENA panel (78 months of data),quarter,2023-Q4,89185,276383178.0,32.2686064489786,32.05717059654259,32.48109069584535
HCPCS 86235 – ENA panel (78 months of data),73,HCPCS 86235 – ENA panel (78 months of data),quarter,2024-Q1,100642,267644460.0,37.602870614246974,37.37090851907187,37.83591526259627
HCPCS 86235 – ENA panel (78 months of data),73,HCPCS 86235 – ENA panel (78 months of data),quarter,2024-Q2,100833,258952546.0,38.93879460061381,38.69881880550321,39.17988928438473
HCPCS 86146 – Anticardiolipin antibodies (IgG/IgM) (78 months of data),75,HCPCS 86146 – Anticardiolipin antibodies (IgG/IgM) (78 months of data),quarter,2018-Q1,8595,230550049.0,3.7280408472175166,3.6496380280621232,3.8077036358842187
HCPCS 86146 – Anticardiolipin antibodies (IgG/IgM) (78 months of data),75,HCPCS 86146 – Anticardiolipin antibodies (IgG/IgM) (78 months of data),quarter,2018-Q2,8550,228935769.0,3.734671972556635,3.6559243667964156,3.8146884442673317
HCPCS 86146 – Anticardiolipin antibodies (IgG/IgM) (78 months of data),75,HCPCS 86146 – Anticardiolipin antibodies (IgG/IgM) (78 months of data),quarter,2018-Q3,8373,227904788.0,3.6739026298999913,3.595626208167817,3.7534537063413738
HCPCS 86146 – Anticardiolipin antibodies (IgG/IgM) (78 months of data),75,HCPCS 86146 – Anticardiolipin antibodies (IgG/IgM) (78 months of data),quarter,2018-Q4,8584,226095567.0,3.7966246370500487,3.7167285884130794,3.8778054818084953
HCPCS 86146 – Anticardiolipin antibodies (IgG/IgM) (78 months of data),75,HCPCS 86146 – Anticardiolipin antibodies (IgG/IgM) (78 months of data),quarter,2019-Q1,10743,225406912.0,4.766047280750645,4.6763435487866305,4.8570392375958695
HCPCS 86146 – Anticardiolipin antibodies (IgG/IgM) (78 months of data),75,HCPCS 86146 – Anticardiolipin antibodies (IgG/IgM) (78 months of data),quarter,2019-Q2,11439,224099443.0,5.104430357731857,5.011312864148924,5.198843462101605
HCPCS 86146 – Anticardiolipin antibodies (IgG/IgM) (78 months of data),75,HCPCS 86146 – Anticardiolipin antibodies (IgG/IgM) (78 months of data),quarter,2019-Q3,11534,225151016.0,5.122783900739759,5.029715500402484,5.217141843933871
HCPCS 86146 – Anticardiolipin antibodies (IgG/IgM) (78 months of data),75,HCPCS 86146 – Anticardiolipin antibodies (IgG/IgM) (78 months of data),quarter,2019-Q4,11373,223888589.0,5.079758665145726,4.986823975215221,5.173990197870938
HCPCS 86146 – Anticardiolipin antibodies (IgG/IgM) (78 months of data),75,HCPCS 86146 – Anticardiolipin antibodies (IgG/IgM) (78 months of data),quarter,2020-Q1,13577,223452397.0,6.076014481061933,5.974235696679897,6.179092292072643
HCPCS 86146 – Anticardiolipin antibodies (IgG/IgM) (78 months of data),75,HCPCS 86146 – Anticardiolipin antibodies (IgG/IgM) (78 months of data),quarter,2020-Q2,10306,231340007.0,4.454914709153614,4.369316152406218,4.541768537649758
HCPCS 86146 – Anticardiolipin antibodies (IgG/IgM) (78 months of data),75,HCPCS 86146 – Anticardiolipin antibodies (IgG/IgM) (78 months of data),quarter,2020-Q3,14981,240451013.0,6.230375082678483,6.1310014304466165,6.330955759683533
HCPCS 86146 – Anticardiolipin antibodies (IgG/IgM) (78 months of data),75,HCPCS 86146 – Anticardiolipin antibodies (IgG/IgM) (78 months of data),quarter,2020-Q4,15846,252197294.0,6.28317605977168,6.185723187029319,6.381779651521925
HCPCS 86146 – Anticardiolipin antibodies (IgG/IgM) (78 months of data),75,HCPCS 86146 – Anticardiolipin antibodies (IgG/IgM) (78 months of data),quarter,2021-Q1,19575,256211709.0,7.640166047212151,7.53350756241928,7.747956917100076
HCPCS 86146 – Anticardiolipin antibodies (IgG/IgM) (78 months of data),75,HCPCS 86146 – Anticardiolipin antibodies (IgG/IgM) (78 months of data),quarter,2021-Q2,20155,261559386.0,7.705707032054281,7.599687358755691,7.812835899686912
HCPCS 86146 – Anticardiolipin antibodies (IgG/IgM) (78 months of data),75,HCPCS 86146 – Anticardiolipin antibodies (IgG/IgM) (78 months of data),quarter,2021-Q3,19285,266799594.0,7.228271869109365,7.126610290290944,7.33102091418767
HCPCS 86146 – Anticardiolipin antibodies (IgG/IgM) (78 months of data),75,HCPCS 86146 – Anticardiolipin antibodies (IgG/IgM) (78 months of data),quarter,2021-Q4,19003,272358419.0,6.977203080327765,6.878349766697311,7.077121684188138
HCPCS 86146 – Anticardiolipin antibodies (IgG/IgM) (78 months of data),75,HCPCS 86146 – Anticardiolipin antibodies (IgG/IgM) (78 months of data),quarter,2022-Q1,22500,277314434.0,8.113533679245847,8.0078607443256,8.220252658885636
HCPCS 86146 – Anticardiolipin antibodies (IgG/IgM) (78 months of data),75,HCPCS 86146 – Anticardiolipin antibodies (IgG/IgM) (78 months of data),quarter,2022-Q2,22337,282016994.5,7.920444666677702,7.816912094724051,8.025005849246803
HCPCS 86146 – Anticardiolipin antibodies (IgG/IgM) (78 months of data),75,HCPCS 86146 – Anticardiolipin antibodies (IgG/IgM) (78 months of data),quarter,2022-Q3,22416,287178648.0,7.805594237632875,7.70374230741808,7.908456286538672
HCPCS 86146 – Anticardiolipin antibodies (IgG/IgM) (78 months of data),75,HCPCS 86146 – Anticardiolipin antibodies (IgG/IgM) (78 months of data),quarter,2022-Q4,21600,292152539.0,7.393398008428741,7.2951252425184325,7.492663737627238
HCPCS 86146 – Anticardiolipin antibodies (IgG/IgM) (78 months of data),75,HCPCS 86146 – Anticardiolipin antibodies (IgG/IgM) (78 months of data),quarter,2023-Q1,26975,297686543.0,9.061544982233208,8.95372767508403,9.170336558326415
HCPCS 86146 – Anticardiolipin antibodies (IgG/IgM) (78 months of data),75,HCPCS 86146 – Anticardiolipin antibodies (IgG/IgM) (78 months of data),quarter,2023-Q2,26398,298365151.0,8.847548016758834,8.741136064538386,8.954932043725597
HCPCS 86146 – Anticardiolipin antibodies (IgG/IgM) (78 months of data),75,HCPCS 86146 – Anticardiolipin antibodies (IgG/IgM) (78 months of data),quarter,2023-Q3,23026,289816874.0,7.945017031686015,7.842723839544124,8.04831111726817
HCPCS 86146 – Anticardiolipin antibodies (IgG/IgM) (78 months of data),75,HCPCS 86146 – Anticardiolipin antibodies (IgG/IgM) (78 months of data),quarter,2023-Q4,21831,276383178.0,7.89881647572632,7.794380820400975,8.004301736231989
HCPCS 86146 – Anticardiolipin antibodies (IgG/IgM) (78 months of data),75,HCPCS 86146 – Anticardiolipin antibodies (IgG/IgM) (78 months of data),quarter,2024-Q1,24898,267644460.0,9.302639778159428,9.187443506560273,9.418919767688967
HCPCS 86146 – Anticardiolipin antibodies (IgG/IgM) (78 months of data),75,HCPCS 86146 – Anticardiolipin antibodies (IgG/IgM) (78 months of data),quarter,2024-Q2,25942,258952546.0,10.01805172442676,9.89651062113529,10.140712872690804
HCPCS 86147 – Anticardiolipin antibodies (IgG/IgM) (78 months of data),77,HCPCS 86147 – Anticardiolipin antibodies (IgG/IgM) (78 months of data),quarter,2018-Q1,14045,230550049.0,6.09195272823386,5.991614482732474,6.193549947732802
HCPCS 86147 – Anticardiolipin antibodies (IgG/IgM) (78 months of data),77,HCPCS 86147 – Anticardiolipin antibodies (IgG/IgM) (78 months of data),quarter,2018-Q2,13937,228935769.0,6.087733717137054,5.9870788105425445,6.189656488985673
HCPCS 86147 – Anticardiolipin antibodies (IgG/IgM) (78 months of data),77,HCPCS 86147 – Anticardiolipin antibodies (IgG/IgM) (78 months of data),quarter,2018-Q3,13657,227904788.0,5.992414692051138,5.892329484234752,6.093773537668282
HCPCS 86147 – Anticardiolipin antibodies (IgG/IgM) (78 months of data),77,HCPCS 86147 – Anticardiolipin antibodies (IgG/IgM) (78 months of data),quarter,2018-Q4,13405,226095567.0,5.928908814032608,5.828961730175763,6.03013976197946
HCPCS 86147 – Anticardiolipin antibodies (IgG/IgM) (78 months of data),77,HCPCS 86147 – Anticardiolipin antibodies (IgG/IgM) (78 months of data),quarter,2019-Q1,17079,225406912.0,7.576963744572305,7.463749532743551,7.691465315570471
HCPCS 86147 – Anticardiolipin antibodies (IgG/IgM) (78 months of data),77,HCPCS 86147 – Anticardiolipin antibodies (IgG/IgM) (78 months of data),quarter,2019-Q2,17265,224099443.0,7.704169081758941,7.589673638735319,7.81995937678943
HCPCS 86147 – Anticardiolipin antibodies (IgG/IgM) (78 months of data),77,HCPCS 86147 – Anticardiolipin antibodies (IgG/IgM) (78 months of data),quarter,2019-Q3,17303,225151016.0,7.685064143792271,7.570977646470571,7.800439441853133
HCPCS 86147 – Anticardiolipin antibodies (IgG/IgM) (78 months of data),77,HCPCS 86147 – Anticardiolipin antibodies (IgG/IgM) (78 months of data),quarter,2019-Q4,17250,223888589.0,7.7047249603239045,7.5901716670336485,7.820574326532871
HCPCS 86147 – Anticardiolipin antibodies (IgG/IgM) (78 months of data),77,HCPCS 86147 – Anticardiolipin antibodies (IgG/IgM) (78 months of data),quarter,2020-Q1,18469,223452397.0,8.265295091016634,8.146517192649833,8.385371480470015
HCPCS 86147 – Anticardiolipin antibodies (IgG/IgM) (78 months of data),77,HCPCS 86147 – Anticardiolipin antibodies (IgG/IgM) (78 months of data),quarter,2020-Q2,14168,231340007.0,6.124318998572521,6.023884679737209,6.22600797686727
HCPCS 86147 – Anticardiolipin antibodies (IgG/IgM) (78 months of data),77,HCPCS 86147 – Anticardiolipin antibodies (IgG/IgM) (78 months of data),quarter,2020-Q3,20801,240451013.0,8.650826519911563,8.533659835869933,8.769199725827564
HCPCS 86147 – Anticardiolipin antibodies (IgG/IgM) (78 months of data),77,HCPCS 86147 – Anticardiolipin antibodies (IgG/IgM) (78 months of data),quarter,2020-Q4,21981,252197294.0,8.715795340769992,8.600950425655299,8.831790509910658
HCPCS 86147 – Anticardiolipin antibodies (IgG/IgM) (78 months of data),77,HCPCS 86147 – Anticardiolipin antibodies (IgG/IgM) (78 months of data),quarter,2021-Q1,26543,256211709.0,10.359791948462433,10.235531597344261,10.485184299295646
HCPCS 86147 – Anticardiolipin antibodies (IgG/IgM) (78 months of data),77,HCPCS 86147 – Anticardiolipin antibodies (IgG/IgM) (78 months of data),quarter,2021-Q2,27845,261559386.0,10.645765929424533,10.52108774118378,10.771552918916678
HCPCS 86147 – Anticardiolipin antibodies (IgG/IgM) (78 months of data),77,HCPCS 86147 – Anticardiolipin antibodies (IgG/IgM) (78 months of data),quarter,2021-Q3,26314,266799594.0,9.862833599364473,9.744021903536986,9.98273238151168
HCPCS 86147 – Anticardiolipin antibodies (IgG/IgM) (78 months of data),77,HCPCS 86147 – Anticardiolipin antibodies (IgG/IgM) (78 months of data),quarter,2021-Q4,25448,272358419.0,9.343570172508601,9.22912038185761,9.459084899449062
HCPCS 86147 – Anticardiolipin antibodies (IgG/IgM) (78 months of data),77,HCPCS 86147 – Anticardiolipin antibodies (IgG/IgM) (78 months of data),quarter,2022-Q1,29968,277314434.0,10.80650565776176,10.684497412714805,10.92955963353821
HCPCS 86147 – Anticardiolipin antibodies (IgG/IgM) (78 months of data),77,HCPCS 86147 – Anticardiolipin antibodies (IgG/IgM) (78 months of data),quarter,2022-Q2,29566,282016994.5,10.48376536755128,10.364601242933707,10.60395779918686
HCPCS 86147 – Anticardiolipin antibodies (IgG/IgM) (78 months of data),77,HCPCS 86147 – Anticardiolipin antibodies (IgG/IgM) (78 months of data),quarter,2022-Q3,29294,287178648.0,10.200619093380508,10.084137841043962,10.318110179464023
HCPCS 86147 – Anticardiolipin antibodies (IgG/IgM) (78 months of data),77,HCPCS 86147 – Anticardiolipin antibodies (IgG/IgM) (78 months of data),quarter,2022-Q4,28218,292152539.0,9.658653009344548,9.54628336330335,9.772015333688818
HCPCS 86147 – Anticardiolipin antibodies (IgG/IgM) (78 months of data),77,HCPCS 86147 – Anticardiolipin antibodies (IgG/IgM) (78 months of data),quarter,2023-Q1,35532,297686543.0,11.936045090220958,11.812255870737687,12.060808321111034
HCPCS 86147 – Anticardiolipin antibodies (IgG/IgM) (78 months of data),77,HCPCS 86147 – Anticardiolipin antibodies (IgG/IgM) (78 months of data),quarter,2023-Q2,35344,298365151.0,11.845887457546944,11.722707802629898,11.970038913179815
HCPCS 86147 – Anticardiolipin antibodies (IgG/IgM) (78 months of data),77,HCPCS 86147 – Anticardiolipin antibodies (IgG/IgM) (78 months of data),quarter,2023-Q3,31267,289816874.0,10.788536764080893,10.66928143684296,10.908792669222986
HCPCS 86147 – Anticardiolipin antibodies (IgG/IgM) (78 months of data),77,HCPCS 86147 – Anticardiolipin antibodies (IgG/IgM) (78 months of data),quarter,2023-Q4,29065,276383178.0,10.51619719055405,10.395641545395472,10.637802121489502
HCPCS 86147 – Anticardiolipin antibodies (IgG/IgM) (78 months of data),77,HCPCS 86147 – Anticardiolipin antibodies (IgG/IgM) (78 months of data),quarter,2024-Q1,32885,267644460.0,12.286822600400546,12.154379688313812,12.420348929554766
HCPCS 86147 – Anticardiolipin antibodies (IgG/IgM) (78 months of data),77,HCPCS 86147 – Anticardiolipin antibodies (IgG/IgM) (78 months of data),quarter,2024-Q2,33963,258952546.0,13.115530441627712,12.97641046541507,13.255770167185313
HCPCS 86148 – Beta-2 glycoprotein (78 months of data),79,HCPCS 86148 – Beta-2 glycoprotein (78 months of data),quarter,2018-Q1,2081,230550049.0,0.9026239677789009,0.8642554197590951,0.9422571961303303
HCPCS 86148 – Beta-2 glycoprotein (78 months of data),79,HCPCS 86148 – Beta-2 glycoprotein (78 months of data),quarter,2018-Q2,1976,228935769.0,0.8631241892130889,0.8254831656684839,0.9020390551539049
HCPCS 86148 – Beta-2 glycoprotein (78 months of data),79,HCPCS 86148 – Beta-2 glycoprotein (78 months of data),quarter,2018-Q3,2193,227904788.0,0.9622439349541001,0.9223881261948881,1.003378860690425
HCPCS 86148 – Beta-2 glycoprotein (78 months of data),79,HCPCS 86148 – Beta-2 glycoprotein (78 months of data),quarter,2018-Q4,2323,226095567.0,1.0274416393135208,0.9860809463902517,1.0700914236146783
HCPCS 86148 – Beta-2 glycoprotein (78 months of data),79,HCPCS 86148 – Beta-2 glycoprotein (78 months of data),quarter,2019-Q1,2857,225406912.0,1.2674855330079675,1.221430371882433,1.3148328423583762
HCPCS 86148 – Beta-2 glycoprotein (78 months of data),79,HCPCS 86148 – Beta-2 glycoprotein (78 months of data),quarter,2019-Q2,3325,224099443.0,1.4837163160642037,1.433708640587347,1.5350230840755406
HCPCS 86148 – Beta-2 glycoprotein (78 months of data),79,HCPCS 86148 – Beta-2 glycoprotein (78 months of data),quarter,2019-Q3,3233,225151016.0,1.4359251214749127,1.3868503400699834,1.4862930340849398
HCPCS 86148 – Beta-2 glycoprotein (78 months of data),79,HCPCS 86148 – Beta-2 glycoprotein (78 months of data),quarter,2019-Q4,2862,223888589.0,1.2783143673302617,1.231905950142392,1.3260236884583134
HCPCS 86148 – Beta-2 glycoprotein (78 months of data),79,HCPCS 86148 – Beta-2 glycoprotein (78 months of data),quarter,2020-Q1,3877,223452397.0,1.7350451604240344,1.6808553820555272,1.7905372335455045
HCPCS 86148 – Beta-2 glycoprotein (78 months of data),79,HCPCS 86148 – Beta-2 glycoprotein (78 months of data),quarter,2020-Q2,2696,231340007.0,1.1653842476109202,1.1218047513226646,1.2102229847948558
HCPCS 86148 – Beta-2 glycoprotein (78 months of data),79,HCPCS 86148 – Beta-2 glycoprotein (78 months of data),quarter,2020-Q3,3644,240451013.0,1.5154854015940453,1.4666753235111063,1.5655059141319794
HCPCS 86148 – Beta-2 glycoprotein (78 months of data),79,HCPCS 86148 – Beta-2 glycoprotein (78 months of data),quarter,2020-Q4,3948,252197294.0,1.565441062979843,1.5169866315970948,1.6150493002902984
HCPCS 86148 – Beta-2 glycoprotein (78 months of data),79,HCPCS 86148 – Beta-2 glycoprotein (78 months of data),quarter,2021-Q1,4836,256211709.0,1.8875015583304198,1.8346745663748039,1.9414636933016833
HCPCS 86148 – Beta-2 glycoprotein (78 months of data),79,HCPCS 86148 – Beta-2 glycoprotein (78 months of data),quarter,2021-Q2,5038,261559386.0,1.9261400162485471,1.8733158874270894,1.980075970999427
HCPCS 86148 – Beta-2 glycoprotein (78 months of data),79,HCPCS 86148 – Beta-2 glycoprotein (78 months of data),quarter,2021-Q3,4725,266799594.0,1.7709922002355072,1.7208513406955575,1.8222232163094747
HCPCS 86148 – Beta-2 glycoprotein (78 months of data),79,HCPCS 86148 – Beta-2 glycoprotein (78 months of data),quarter,2021-Q4,3801,272358419.0,1.3955874813621971,1.351569651100283,1.4406738171240658
HCPCS 86148 – Beta-2 glycoprotein (78 months of data),79,HCPCS 86148 – Beta-2 glycoprotein (78 months of data),quarter,2022-Q1,5468,277314434.0,1.971768984805169,1.919848901111901,2.0247375293453893
HCPCS 86148 – Beta-2 glycoprotein (78 months of data),79,HCPCS 86148 – Beta-2 glycoprotein (78 months of data),quarter,2022-Q2,5228,282016994.5,1.8537889921382025,1.803875155736876,1.9047339128108132
HCPCS 86148 – Beta-2 glycoprotein (78 months of data),79,HCPCS 86148 – Beta-2 glycoprotein (78 months of data),quarter,2022-Q3,4987,287178648.0,1.7365497173034954,1.6886838594578226,1.7854282392971998
HCPCS 86148 – Beta-2 glycoprotein (78 months of data),79,HCPCS 86148 – Beta-2 glycoprotein (78 months of data),quarter,2022-Q4,2401,292152539.0,0.821830954548028,0.7892837099264278,0.8553757080219283
HCPCS 86148 – Beta-2 glycoprotein (78 months of data),79,HCPCS 86148 – Beta-2 glycoprotein (78 months of data),quarter,2023-Q1,2877,297686543.0,0.9664528234989783,0.931457095491672,1.0024269390030527
HCPCS 86148 – Beta-2 glycoprotein (78 months of data),79,HCPCS 86148 – Beta-2 glycoprotein (78 months of data),quarter,2023-Q2,2466,298365151.0,0.8265040309617124,0.7942016853335642,0.8597830267237729
HCPCS 86148 – Beta-2 glycoprotein (78 months of data),79,HCPCS 86148 – Beta-2 glycoprotein (78 months of data),quarter,2023-Q3,2180,289816874.0,0.7521991283364681,0.7209515221397467,0.7844526217038156
HCPCS 86148 – Beta-2 glycoprotein (78 months of data),79,HCPCS 86148 – Beta-2 glycoprotein (78 months of data),quarter,2023-Q4,2130,276383178.0,0.7706691902934846,0.7382847083547359,0.8041085389476941
HCPCS 86148 – Beta-2 glycoprotein (78 months of data),79,HCPCS 86148 – Beta-2 glycoprotein (78 months of data),quarter,2024-Q1,2080,267644460.0,0.777150403187871,0.7441076043847158,0.8112826047961474
HCPCS 86148 – Beta-2 glycoprotein (78 months of data),79,HCPCS 86148 – Beta-2 glycoprotein (78 months of data),quarter,2024-Q2,2009,258952546.0,0.7758178210767621,0.7422602073812262,0.8105015485313071
"Custom Aggregate 86146, 86147 and 86148",81,"Custom Aggregate 86146, 86147 and 86148",quarter,2018-Q1,24721,230550049.0,10.722617543230276,10.589364397629542,10.857128781453326
"Custom Aggregate 86146, 86147 and 86148",81,"Custom Aggregate 86146, 86147 and 86148",quarter,2018-Q2,24463,228935769.0,10.685529878906777,10.55204138952728,10.820285346309106
"Custom Aggregate 86146, 86147 and 86148",81,"Custom Aggregate 86146, 86147 and 86148",quarter,2018-Q3,24223,227904788.0,10.62856125690523,10.495130342814583,10.763264894053794
"Custom Aggregate 86146, 86147 and 86148",81,"Custom Aggregate 86146, 86147 and 86148",quarter,2018-Q4,24312,226095567.0,10.752975090396179,10.618228828456095,10.889004254655243
"Custom Aggregate 86146, 86147 and 86148",81,"Custom Aggregate 86146, 86147 and 86148",quarter,2019-Q1,30679,225406912.0,13.610496558330917,13.458616643456455,13.763662989378393
"Custom Aggregate 86146, 86147 and 86148",81,"Custom Aggregate 86146, 86147 and 86148",quarter,2019-Q2,32029,224099443.0,14.292315755555002,14.136215528971773,14.449709951166788
"Custom Aggregate 86146, 86147 and 86148",81,"Custom Aggregate 86146, 86147 and 86148",quarter,2019-Q3,32070,225151016.0,14.243773166006942,14.088302326692913,14.400531929284726
"Custom Aggregate 86146, 86147 and 86148",81,"Custom Aggregate 86146, 86147 and 86148",quarter,2019-Q4,31485,223888589.0,14.062797992799894,13.907886950959488,14.219004243309602
"Custom Aggregate 86146, 86147 and 86148",81,"Custom Aggregate 86146, 86147 and 86148",quarter,2020-Q1,26036,149176444.0,17.4531576848688,17.24179375267755,17.66646587442455
"Custom Aggregate 86146, 86147 and 86148",81,"Custom Aggregate 86146, 86147 and 86148",quarter,2020-Q2,12591,78055480.0,16.130834119526263,15.850292453256127,16.415094971744647
"Custom Aggregate 86146, 86147 and 86148",81,"Custom Aggregate 86146, 86147 and 86148",quarter,2020-Q3,39426,240451013.0,16.39668700418409,16.2352312201458,16.559348538125125
"Custom Aggregate 86146, 86147 and 86148",81,"Custom Aggregate 86146, 86147 and 86148",quarter,2020-Q4,41775,252197294.0,16.564412463521517,16.40594615518813,16.72402830729924
"Custom Aggregate 86146, 86147 and 86148",81,"Custom Aggregate 86146, 86147 and 86148",quarter,2021-Q1,50954,256211709.0,19.887459554005005,19.715151030043604,20.06089942539643
"Custom Aggregate 86146, 86147 and 86148",81,"Custom Aggregate 86146, 86147 and 86148",quarter,2021-Q2,53038,261559386.0,20.27761297772736,20.105402975549367,20.45093116362928
"Custom Aggregate 86146, 86147 and 86148",81,"Custom Aggregate 86146, 86147 and 86148",quarter,2021-Q3,50324,266799594.0,18.862097668709346,18.69765550477554,19.02762629293275
"Custom Aggregate 86146, 86147 and 86148",81,"Custom Aggregate 86146, 86147 and 86148",quarter,2021-Q4,48252,272358419.0,17.716360734198563,17.558633141843398,17.87515264626276
"Custom Aggregate 86146, 86147 and 86148",81,"Custom Aggregate 86146, 86147 and 86148",quarter,2022-Q1,57936,277314434.0,20.89180832181278,20.72203227982452,21.062629522135218
"Custom Aggregate 86146, 86147 and 86148",81,"Custom Aggregate 86146, 86147 and 86148",quarter,2022-Q2,57131,282016994.5,20.257999026367187,20.092220179038588,20.424805614408424
"Custom Aggregate 86146, 86147 and 86148",81,"Custom Aggregate 86146, 86147 and 86148",quarter,2022-Q3,56697,287178648.0,19.742763048316878,19.580584648948978,19.90595072157511
"Custom Aggregate 86146, 86147 and 86148",81,"Custom Aggregate 86146, 86147 and 86148",quarter,2022-Q4,52219,292152539.0,17.873881972321314,17.720902704693337,18.027853390061388
"Custom Aggregate 86146, 86147 and 86148",81,"Custom Aggregate 86146, 86147 and 86148",quarter,2023-Q1,65384,297686543.0,21.964042895953146,21.79600683073039,22.133052514182474
"Custom Aggregate 86146, 86147 and 86148",81,"Custom Aggregate 86146, 86147 and 86148",quarter,2023-Q2,64208,298365151.0,21.51993950526749,21.353803053469115,21.687047307499796
"Custom Aggregate 86146, 86147 and 86148",81,"Custom Aggregate 86146, 86147 and 86148",quarter,2023-Q3,56473,289816874.0,19.485752924103377,19.32536926195089,19.64713667545617
"Custom Aggregate 86146, 86147 and 86148",81,"Custom Aggregate 86146, 86147 and 86148",quarter,2023-Q4,53026,276383178.0,19.185682856573855,19.022727802044546,19.34968665764625
"Custom Aggregate 86146, 86147 and 86148",81,"Custom Aggregate 86146, 86147 and 86148",quarter,2024-Q1,59863,267644460.0,22.366612781747847,22.187795370139852,22.54651308852562
"Custom Aggregate 86146, 86147 and 86148",81,"Custom Aggregate 86146, 86147 and 86148",quarter,2024-Q2,61914,258952546.0,23.909399987131234,23.721434789186794,24.0984844025346
Custom Aggregate 85613 and 83516,83,Custom Aggregate 85613 and 83516,quarter,2018-Q1,126654,230550049.0,54.93557713362273,54.633441530872915,55.23896932185735
Custom Aggregate 85613 and 83516,83,Custom Aggregate 85613 and 83516,quarter,2018-Q2,126403,228935769.0,55.21330308152939,54.90933910334444,55.518532506871885
Custom Aggregate 85613 and 83516,83,Custom Aggregate 85613 and 83516,quarter,2018-Q3,126544,227904788.0,55.52494140667198,55.219431891554294,55.83172209282209
Custom Aggregate 85613 and 83516,83,Custom Aggregate 85613 and 83516,quarter,2018-Q4,124188,226095567.0,54.92721579985688,54.622145733209315,55.23356722096581
Custom Aggregate 85613 and 83516,83,Custom Aggregate 85613 and 83516,quarter,2019-Q1,144077,225406912.0,63.91862552999262,63.588997103340304,64.24953913760751
Custom Aggregate 85613 and 83516,83,Custom Aggregate 85613 and 83516,quarter,2019-Q2,140996,224099443.0,62.91671148865818,62.58872862347112,63.245987045481435
Custom Aggregate 85613 and 83516,83,Custom Aggregate 85613 and 83516,quarter,2019-Q3,143267,225151016.0,63.63151388133198,63.302440944976226,63.961873462560874
Custom Aggregate 85613 and 83516,83,Custom Aggregate 85613 and 83516,quarter,2019-Q4,138500,223888589.0,61.86112504376005,61.53575584439372,62.18778816264397
Custom Aggregate 85613 and 83516,83,Custom Aggregate 85613 and 83516,quarter,2020-Q1,106889,149176444.0,71.65273359110236,71.22381824708135,72.08359113321546
Custom Aggregate 85613 and 83516,83,Custom Aggregate 85613 and 83516,quarter,2020-Q2,45029,78055480.0,57.688454417293954,57.1568362213242,58.22378653704037
Custom Aggregate 85613 and 83516,83,Custom Aggregate 85613 and 83516,quarter,2020-Q3,147976,240451013.0,61.54101750446774,61.22785414857032,61.85538561823645
Custom Aggregate 85613 and 83516,83,Custom Aggregate 85613 and 83516,quarter,2020-Q4,150947,252197294.0,59.85274370152442,59.55117995099851,60.155456087423204
Custom Aggregate 85613 and 83516,83,Custom Aggregate 85613 and 83516,quarter,2021-Q1,177835,256211709.0,69.40939611780193,69.0871708743588,69.73275192197596
Custom Aggregate 85613 and 83516,83,Custom Aggregate 85613 and 83516,quarter,2021-Q2,191493,261559386.0,73.21205441275963,72.88450700365901,73.54070923561551
Custom Aggregate 85613 and 83516,83,Custom Aggregate 85613 and 83516,quarter,2021-Q3,189452,266799594.0,71.00910355958038,70.68970726198334,71.3295855247372
Custom Aggregate 85613 and 83516,83,Custom Aggregate 85613 and 83516,quarter,2021-Q4,184207,272358419.0,67.63403924737865,67.32552808982295,67.94361392573923
Custom Aggregate 85613 and 83516,83,Custom Aggregate 85613 and 83516,quarter,2022-Q1,82955,277314434.0,29.913697171637303,29.710476841964045,30.117962418691825
Custom Aggregate 85613 and 83516,83,Custom Aggregate 85613 and 83516,quarter,2022-Q2,81344,282016994.5,28.843651831769307,28.645773325457842,29.042557843611647
Custom Aggregate 85613 and 83516,83,Custom Aggregate 85613 and 83516,quarter,2022-Q3,87376,287178648.0,30.425660336697455,30.224250348639764,30.628079320246098
Custom Aggregate 85613 and 83516,83,Custom Aggregate 85613 and 83516,quarter,2022-Q4,84838,292152539.0,29.038939825883215,28.84386014151731,29.23501134444532
Custom Aggregate 85613 and 83516,83,Custom Aggregate 85613 and 83516,quarter,2023-Q1,99932,297686543.0,33.569538949565484,33.361724191233115,33.77832701509295
Custom Aggregate 85613 and 83516,83,Custom Aggregate 85613 and 83516,quarter,2023-Q2,94297,298365151.0,31.604562290185157,31.40315993757605,31.806935766845484
Custom Aggregate 85613 and 83516,83,Custom Aggregate 85613 and 83516,quarter,2023-Q3,85563,289816874.0,29.52312569626294,29.32563397258317,29.72161724251203
Custom Aggregate 85613 and 83516,83,Custom Aggregate 85613 and 83516,quarter,2023-Q4,80079,276383178.0,28.973905206343638,28.773571950735885,29.175286922007352
Custom Aggregate 85613 and 83516,83,Custom Aggregate 85613 and 83516,quarter,2024-Q1,85015,267644460.0,31.764154580296562,31.550989151429707,31.978402663848644
Custom Aggregate 85613 and 83516,83,Custom Aggregate 85613 and 83516,quarter,2024-Q2,79520,258952546.0,30.70832908512898,30.49525986080854,30.922517348210082
HCPCS 86355 - T cells (CD3) (78 months of data),86,HCPCS 86355 - T cells (CD3) (78 months of data),quarter,2018-Q1,8591,230550049.0,3.7263058660204407,3.6479213887878372,3.8059503138283413
HCPCS 86355 - T cells (CD3) (78 months of data),86,HCPCS 86355 - T cells (CD3) (78 months of data),quarter,2018-Q2,8545,228935769.0,3.7324879538592333,3.6537634985425846,3.8124812764764204
HCPCS 86355 - T cells (CD3) (78 months of data),86,HCPCS 86355 - T cells (CD3) (78 months of data),quarter,2018-Q3,8625,227904788.0,3.7844751203735134,3.705023266262354,3.865201560248263
HCPCS 86355 - T cells (CD3) (78 months of data),86,HCPCS 86355 - T cells (CD3) (78 months of data),quarter,2018-Q4,9179,226095567.0,4.059787691458807,3.977154704272659,4.143705321063897
HCPCS 86355 - T cells (CD3) (78 months of data),86,HCPCS 86355 - T cells (CD3) (78 months of data),quarter,2019-Q1,11631,225406912.0,5.16000148211959,5.066646883597178,5.25464414265782
HCPCS 86355 - T cells (CD3) (78 months of data),86,HCPCS 86355 - T cells (CD3) (78 months of data),quarter,2019-Q2,11931,224099443.0,5.32397574946226,5.228867787123705,5.420379237620062
HCPCS 86355 - T cells (CD3) (78 months of data),86,HCPCS 86355 - T cells (CD3) (78 months of data),quarter,2019-Q3,11863,225151016.0,5.2689080470327525,5.174515643720709,5.364589936755682
HCPCS 86355 - T cells (CD3) (78 months of data),86,HCPCS 86355 - T cells (CD3) (78 months of data),quarter,2019-Q4,12374,223888589.0,5.526856038205681,5.429899454948811,5.6251092951832184
HCPCS 86355 - T cells (CD3) (78 months of data),86,HCPCS 86355 - T cells (CD3) (78 months of data),quarter,2020-Q1,12327,223452397.0,5.516611218093131,5.419650847774636,5.614870800804179
HCPCS 86355 - T cells (CD3) (78 months of data),86,HCPCS 86355 - T cells (CD3) (78 months of data),quarter,2020-Q2,8490,231340007.0,3.66992294592608,3.5922690991843704,3.7488324878361516
HCPCS 86355 - T cells (CD3) (78 months of data),86,HCPCS 86355 - T cells (CD3) (78 months of data),quarter,2020-Q3,11804,240451013.0,4.9091080352404255,4.820942909382342,4.998480606273645
HCPCS 86355 - T cells (CD3) (78 months of data),86,HCPCS 86355 - T cells (CD3) (78 months of data),quarter,2020-Q4,11396,252197294.0,4.51868448675742,4.436097790231745,4.6024224540740395
HCPCS 86355 - T cells (CD3) (78 months of data),86,HCPCS 86355 - T cells (CD3) (78 months of data),quarter,2021-Q1,13007,256211709.0,5.076661035815502,4.989786872534333,5.164668202740823
HCPCS 86355 - T cells (CD3) (78 months of data),86,HCPCS 86355 - T cells (CD3) (78 months of data),quarter,2021-Q2,13527,261559386.0,5.171674473956748,5.084884920472007,5.259573802806682
HCPCS 86355 - T cells (CD3) (78 months of data),86,HCPCS 86355 - T cells (CD3) (78 months of data),quarter,2021-Q3,13309,266799594.0,4.988388400621029,4.903994756560439,5.0738700486578585
HCPCS 86355 - T cells (CD3) (78 months of data),86,HCPCS 86355 - T cells (CD3) (78 months of data),quarter,2021-Q4,13646,272358419.0,5.010309595019348,4.9265939091146835,5.0950910401215355
HCPCS 86355 - T cells (CD3) (78 months of data),86,HCPCS 86355 - T cells (CD3) (78 months of data),quarter,2022-Q1,14643,277314434.0,5.280287718453198,5.195105253598049,5.366516791275791
HCPCS 86355 - T cells (CD3) (78 months of data),86,HCPCS 86355 - T cells (CD3) (78 months of data),quarter,2022-Q2,13994,282016994.5,4.962112309866489,4.880235057997254,5.045018783464664
HCPCS 86355 - T cells (CD3) (78 months of data),86,HCPCS 86355 - T cells (CD3) (78 months of data),quarter,2022-Q3,14427,287178648.0,5.023702179975442,4.942057011509265,5.106358027766031
HCPCS 86355 - T cells (CD3) (78 months of data),86,HCPCS 86355 - T cells (CD3) (78 months of data),quarter,2022-Q4,14356,292152539.0,4.913871380046435,4.8338147445906205,4.994921494912929
HCPCS 86355 - T cells (CD3) (78 months of data),86,HCPCS 86355 - T cells (CD3) (78 months of data),quarter,2023-Q1,17737,297686543.0,5.95828075439742,5.870913618097984,6.0466226262069
HCPCS 86355 - T cells (CD3) (78 months of data),86,HCPCS 86355 - T cells (CD3) (78 months of data),quarter,2023-Q2,16379,298365151.0,5.489582126164594,5.405829511861964,5.574307359004371
HCPCS 86355 - T cells (CD3) (78 months of data),86,HCPCS 86355 - T cells (CD3) (78 months of data),quarter,2023-Q3,15130,289816874.0,5.2205379870324595,5.137680495835556,5.304396891233062
HCPCS 86355 - T cells (CD3) (78 months of data),86,HCPCS 86355 - T cells (CD3) (78 months of data),quarter,2023-Q4,14291,276383178.0,5.170719905391637,5.0862881205024335,5.2562018605116245
HCPCS 86355 - T cells (CD3) (78 months of data),86,HCPCS 86355 - T cells (CD3) (78 months of data),quarter,2024-Q1,15227,267644460.0,5.689264033337361,5.5992541125640765,5.7803583174875675
HCPCS 86355 - T cells (CD3) (78 months of data),86,HCPCS 86355 - T cells (CD3) (78 months of data),quarter,2024-Q2,13796,258952546.0,5.327617053048785,5.2390828192558425,5.417272202362695
HCPCS 86357 - NK cells (78 months of data),88,HCPCS 86357 - NK cells (78 months of data),quarter,2018-Q1,7042,230550049.0,3.054434397452676,2.9835064702753966,3.1266227729910847
HCPCS 86357 - NK cells (78 months of data),88,HCPCS 86357 - NK cells (78 months of data),quarter,2018-Q2,7056,228935769.0,3.0820871857730543,3.0105877494809326,3.1548559530984854
HCPCS 86357 - NK cells (78 months of data),88,HCPCS 86357 - NK cells (78 months of data),quarter,2018-Q3,7473,227904788.0,3.279000878208842,3.2050739875242438,3.3542026976545767
HCPCS 86357 - NK cells (78 months of data),88,HCPCS 86357 - NK cells (78 months of data),quarter,2018-Q4,7963,226095567.0,3.5219620205998994,3.445025715508084,3.6001833002484966
HCPCS 86357 - NK cells (78 months of data),88,HCPCS 86357 - NK cells (78 months of data),quarter,2019-Q1,9790,225406912.0,4.343256341668884,4.257642892024549,4.430158215055971
HCPCS 86357 - NK cells (78 months of data),88,HCPCS 86357 - NK cells (78 months of data),quarter,2019-Q2,9747,224099443.0,4.349408400805351,4.263485709415119,4.4366270427315415
HCPCS 86357 - NK cells (78 months of data),88,HCPCS 86357 - NK cells (78 months of data),quarter,2019-Q3,9772,225151016.0,4.340198047340812,4.2545665124269165,4.427119474396989
HCPCS 86357 - NK cells (78 months of data),88,HCPCS 86357 - NK cells (78 months of data),quarter,2019-Q4,10507,223888589.0,4.692959139601349,4.603649248580574,4.783566038764411
HCPCS 86357 - NK cells (78 months of data),88,HCPCS 86357 - NK cells (78 months of data),quarter,2020-Q1,10253,223452397.0,4.588449324175296,4.500058497140682,4.678139743713106
HCPCS 86357 - NK cells (78 months of data),88,HCPCS 86357 - NK cells (78 months of data),quarter,2020-Q2,6913,231340007.0,2.98824232334358,2.9182108041636314,3.059530033546792
HCPCS 86357 - NK cells (78 months of data),88,HCPCS 86357 - NK cells (78 months of data),quarter,2020-Q3,9878,240451013.0,4.108113281269478,4.027494666749618,4.189939689445833
HCPCS 86357 - NK cells (78 months of data),88,HCPCS 86357 - NK cells (78 months of data),quarter,2020-Q4,9706,252197294.0,3.8485742039722277,3.7723858898835707,3.925914092199318
HCPCS 86357 - NK cells (78 months of data),88,HCPCS 86357 - NK cells (78 months of data),quarter,2021-Q1,10960,256211709.0,4.277712381989536,4.197997103726892,4.358560962911633
HCPCS 86357 - NK cells (78 months of data),88,HCPCS 86357 - NK cells (78 months of data),quarter,2021-Q2,11401,261559386.0,4.358857150704582,4.279208963629537,4.439615399941003
HCPCS 86357 - NK cells (78 months of data),88,HCPCS 86357 - NK cells (78 months of data),quarter,2021-Q3,11155,266799594.0,4.181040845212081,4.103807894577731,4.259362092912668
HCPCS 86357 - NK cells (78 months of data),88,HCPCS 86357 - NK cells (78 months of data),quarter,2021-Q4,11608,272358419.0,4.262030908616781,4.18484635974348,4.3402814754965595
HCPCS 86357 - NK cells (78 months of data),88,HCPCS 86357 - NK cells (78 months of data),quarter,2022-Q1,12452,277314434.0,4.4902098388430804,4.411684964380853,4.569781567192286
HCPCS 86357 - NK cells (78 months of data),88,HCPCS 86357 - NK cells (78 months of data),quarter,2022-Q2,11815,282016994.5,4.189463837435513,4.114258038030973,4.265699117340421
HCPCS 86357 - NK cells (78 months of data),88,HCPCS 86357 - NK cells (78 months of data),quarter,2022-Q3,12013,287178648.0,4.183110437932001,4.108637336018143,4.258594490893691
HCPCS 86357 - NK cells (78 months of data),88,HCPCS 86357 - NK cells (78 months of data),quarter,2022-Q4,11704,292152539.0,4.006126402344907,3.933873044529991,4.079373539819038
HCPCS 86357 - NK cells (78 months of data),88,HCPCS 86357 - NK cells (78 months of data),quarter,2023-Q1,14133,297686543.0,4.747611315436586,4.669658036413653,4.826539626591008
HCPCS 86357 - NK cells (78 months of data),88,HCPCS 86357 - NK cells (78 months of data),quarter,2023-Q2,13060,298365151.0,4.3771867981994985,4.302433855133835,4.452912666749252
HCPCS 86357 - NK cells (78 months of data),88,HCPCS 86357 - NK cells (78 months of data),quarter,2023-Q3,12205,289816874.0,4.211279982269079,4.136894820289212,4.286666868229279
HCPCS 86357 - NK cells (78 months of data),88,HCPCS 86357 - NK cells (78 months of data),quarter,2023-Q4,11585,276383178.0,4.191644398849774,4.115659561217337,4.2686797341321
HCPCS 86357 - NK cells (78 months of data),88,HCPCS 86357 - NK cells (78 months of data),quarter,2024-Q1,12248,267644460.0,4.576220258771656,4.4955304320575875,4.657994789268048
HCPCS 86357 - NK cells (78 months of data),88,HCPCS 86357 - NK cells (78 months of data),quarter,2024-Q2,10940,258952546.0,4.224712276047674,4.145913060897811,4.304632801911124
HCPCS 86359 – CD4/CD8 subsets (78 months of data),90,HCPCS 86359 – CD4/CD8 subsets (78 months of data),quarter,2018-Q1,26982,230550049.0,11.703315664877607,11.564083693151394,11.84380561368033
HCPCS 86359 – CD4/CD8 subsets (78 months of data),90,HCPCS 86359 – CD4/CD8 subsets (78 months of data),quarter,2018-Q2,26572,228935769.0,11.606748965470747,11.467607772484557,11.747157025819275
HCPCS 86359 – CD4/CD8 subsets (78 months of data),90,HCPCS 86359 – CD4/CD8 subsets (78 months of data),quarter,2018-Q3,25579,227904788.0,11.223546562786561,11.086420280459732,11.361945494075085
HCPCS 86359 – CD4/CD8 subsets (78 months of data),90,HCPCS 86359 – CD4/CD8 subsets (78 months of data),quarter,2018-Q4,25356,226095567.0,11.214726735442804,11.07710884189888,11.353627473579754
HCPCS 86359 – CD4/CD8 subsets (78 months of data),90,HCPCS 86359 – CD4/CD8 subsets (78 months of data),quarter,2019-Q1,31789,225406912.0,14.102939310042098,13.94832866744694,14.258836425158918
HCPCS 86359 – CD4/CD8 subsets (78 months of data),90,HCPCS 86359 – CD4/CD8 subsets (78 months of data),quarter,2019-Q2,30860,224099443.0,13.770672334959796,13.617455073902335,13.925183610823154
HCPCS 86359 – CD4/CD8 subsets (78 months of data),90,HCPCS 86359 – CD4/CD8 subsets (78 months of data),quarter,2019-Q3,29736,225151016.0,13.207135605375193,13.057444707010845,13.35811452113773
HCPCS 86359 – CD4/CD8 subsets (78 months of data),90,HCPCS 86359 – CD4/CD8 subsets (78 months of data),quarter,2019-Q4,32985,223888589.0,14.732774076306319,14.57420587305707,14.892637431571824
HCPCS 86359 – CD4/CD8 subsets (78 months of data),90,HCPCS 86359 – CD4/CD8 subsets (78 months of data),quarter,2020-Q1,33552,223452397.0,15.015278623303377,14.855037544395488,15.176817361980017
HCPCS 86359 – CD4/CD8 subsets (78 months of data),90,HCPCS 86359 – CD4/CD8 subsets (78 months of data),quarter,2020-Q2,21717,231340007.0,9.387481344720458,9.263038762491325,9.513177903528836
HCPCS 86359 – CD4/CD8 subsets (78 months of data),90,HCPCS 86359 – CD4/CD8 subsets (78 months of data),quarter,2020-Q3,32682,240451013.0,13.591957709905758,13.444993307628897,13.740128063638162
HCPCS 86359 – CD4/CD8 subsets (78 months of data),90,HCPCS 86359 – CD4/CD8 subsets (78 months of data),quarter,2020-Q4,31388,252197294.0,12.44581157163407,12.308501608708589,12.584271361697695
HCPCS 86359 – CD4/CD8 subsets (78 months of data),90,HCPCS 86359 – CD4/CD8 subsets (78 months of data),quarter,2021-Q1,36232,256211709.0,14.141430202942052,13.996188866231892,14.287803201630357
HCPCS 86359 – CD4/CD8 subsets (78 months of data),90,HCPCS 86359 – CD4/CD8 subsets (78 months of data),quarter,2021-Q2,36054,261559386.0,13.784250128190775,13.642329101526006,13.927279684437748
HCPCS 86359 – CD4/CD8 subsets (78 months of data),90,HCPCS 86359 – CD4/CD8 subsets (78 months of data),quarter,2021-Q3,35658,266799594.0,13.365087804443961,13.226722404016575,13.504539972531731
HCPCS 86359 – CD4/CD8 subsets (78 months of data),90,HCPCS 86359 – CD4/CD8 subsets (78 months of data),quarter,2021-Q4,34832,272358419.0,12.789030031783229,12.655071795873107,12.924052876893887
HCPCS 86359 – CD4/CD8 subsets (78 months of data),90,HCPCS 86359 – CD4/CD8 subsets (78 months of data),quarter,2022-Q1,37702,277314434.0,13.595397634441198,13.458506733859448,13.73333404471193
HCPCS 86359 – CD4/CD8 subsets (78 months of data),90,HCPCS 86359 – CD4/CD8 subsets (78 months of data),quarter,2022-Q2,35623,282016994.5,12.63150827600214,12.500673379403208,12.763371300092395
HCPCS 86359 – CD4/CD8 subsets (78 months of data),90,HCPCS 86359 – CD4/CD8 subsets (78 months of data),quarter,2022-Q3,34542,287178648.0,12.02805300483203,11.901539210915338,12.155576475049525
HCPCS 86359 – CD4/CD8 subsets (78 months of data),90,HCPCS 86359 – CD4/CD8 subsets (78 months of data),quarter,2022-Q4,34204,292152539.0,11.707582661124844,11.583834293454874,11.832323524259394
HCPCS 86359 – CD4/CD8 subsets (78 months of data),90,HCPCS 86359 – CD4/CD8 subsets (78 months of data),quarter,2023-Q1,40355,297686543.0,13.556205662947955,13.424261366337982,13.68912386343914
HCPCS 86359 – CD4/CD8 subsets (78 months of data),90,HCPCS 86359 – CD4/CD8 subsets (78 months of data),quarter,2023-Q2,36493,298365151.0,12.23098605104857,12.105815054021146,12.357128821109095
HCPCS 86359 – CD4/CD8 subsets (78 months of data),90,HCPCS 86359 – CD4/CD8 subsets (78 months of data),quarter,2023-Q3,33882,289816874.0,11.690830672612941,11.566675121492574,11.81598672647849
HCPCS 86359 – CD4/CD8 subsets (78 months of data),90,HCPCS 86359 – CD4/CD8 subsets (78 months of data),quarter,2023-Q4,31729,276383178.0,11.480076403202803,11.354101611271375,11.607100391829936
HCPCS 86359 – CD4/CD8 subsets (78 months of data),90,HCPCS 86359 – CD4/CD8 subsets (78 months of data),quarter,2024-Q1,34467,267644460.0,12.877905262825168,12.742305622832353,13.014588273075256
HCPCS 86359 – CD4/CD8 subsets (78 months of data),90,HCPCS 86359 – CD4/CD8 subsets (78 months of data),quarter,2024-Q2,31437,258952546.0,12.140062140960762,12.00622953315164,12.275014578895972
HCPCS 86360 – CD4/CD8 subsets (78 months of data),92,HCPCS 86360 – CD4/CD8 subsets (78 months of data),quarter,2018-Q1,49507,230550049.0,21.47342853091304,21.284685406664234,21.66342895591177
HCPCS 86360 – CD4/CD8 subsets (78 months of data),92,HCPCS 86360 – CD4/CD8 subsets (78 months of data),quarter,2018-Q2,49271,228935769.0,21.521757047934262,21.3321376231994,21.712642643538757
HCPCS 86360 – CD4/CD8 subsets (78 months of data),92,HCPCS 86360 – CD4/CD8 subsets (78 months of data),quarter,2018-Q3,48132,227904788.0,21.11934568044266,20.931087815560375,21.308875466774605
HCPCS 86360 – CD4/CD8 subsets (78 months of data),92,HCPCS 86360 – CD4/CD8 subsets (78 months of data),quarter,2018-Q4,47221,226095567.0,20.88541612140498,20.697460228085447,21.074654133055617
HCPCS 86360 – CD4/CD8 subsets (78 months of data),92,HCPCS 86360 – CD4/CD8 subsets (78 months of data),quarter,2019-Q1,59819,225406912.0,26.538227896046063,26.325981242187197,26.751760362471597
HCPCS 86360 – CD4/CD8 subsets (78 months of data),92,HCPCS 86360 – CD4/CD8 subsets (78 months of data),quarter,2019-Q2,58828,224099443.0,26.25084614779698,26.03914044862344,26.463845176365304
HCPCS 86360 – CD4/CD8 subsets (78 months of data),92,HCPCS 86360 – CD4/CD8 subsets (78 months of data),quarter,2019-Q3,57984,225151016.0,25.75338145487205,25.54418459432038,25.96386561729194
HCPCS 86360 – CD4/CD8 subsets (78 months of data),92,HCPCS 86360 – CD4/CD8 subsets (78 months of data),quarter,2019-Q4,59327,223888589.0,26.498447404123844,26.28564370216693,26.712545645911725
HCPCS 86360 – CD4/CD8 subsets (78 months of data),92,HCPCS 86360 – CD4/CD8 subsets (78 months of data),quarter,2020-Q1,60504,223452397.0,27.076908018131483,26.86158006042176,27.293533025109554
HCPCS 86360 – CD4/CD8 subsets (78 months of data),92,HCPCS 86360 – CD4/CD8 subsets (78 months of data),quarter,2020-Q2,41781,231340007.0,18.060429988661667,17.88766414767092,18.234449005433795
HCPCS 86360 – CD4/CD8 subsets (78 months of data),92,HCPCS 86360 – CD4/CD8 subsets (78 months of data),quarter,2020-Q3,59355,240451013.0,24.684861693637366,24.48666920467986,24.88425955327616
HCPCS 86360 – CD4/CD8 subsets (78 months of data),92,HCPCS 86360 – CD4/CD8 subsets (78 months of data),quarter,2020-Q4,57642,252197294.0,22.855915337457983,22.669705982696136,23.043273945342484
HCPCS 86360 – CD4/CD8 subsets (78 months of data),92,HCPCS 86360 – CD4/CD8 subsets (78 months of data),quarter,2021-Q1,62511,256211709.0,24.39818236410109,24.20729090339503,24.590205007798687
HCPCS 86360 – CD4/CD8 subsets (78 months of data),92,HCPCS 86360 – CD4/CD8 subsets (78 months of data),quarter,2021-Q2,61905,261559386.0,23.667665285007207,23.48158700050655,23.85485163235946
HCPCS 86360 – CD4/CD8 subsets (78 months of data),92,HCPCS 86360 – CD4/CD8 subsets (78 months of data),quarter,2021-Q3,61103,266799594.0,22.90220876423073,22.72097308298037,23.084530754527865
HCPCS 86360 – CD4/CD8 subsets (78 months of data),92,HCPCS 86360 – CD4/CD8 subsets (78 months of data),quarter,2021-Q4,58258,272358419.0,21.390196129755033,21.21685004848095,21.56460638362764
HCPCS 86360 – CD4/CD8 subsets (78 months of data),92,HCPCS 86360 – CD4/CD8 subsets (78 months of data),quarter,2022-Q1,63572,277314434.0,22.92415835808965,22.74629979806725,23.103062009931946
HCPCS 86360 – CD4/CD8 subsets (78 months of data),92,HCPCS 86360 – CD4/CD8 subsets (78 months of data),quarter,2022-Q2,59880,282016994.5,21.232762978048118,21.06303456061868,21.403519102466184
HCPCS 86360 – CD4/CD8 subsets (78 months of data),92,HCPCS 86360 – CD4/CD8 subsets (78 months of data),quarter,2022-Q3,58827,287178648.0,20.484461644237562,20.319258814740202,20.650673721471247
HCPCS 86360 – CD4/CD8 subsets (78 months of data),92,HCPCS 86360 – CD4/CD8 subsets (78 months of data),quarter,2022-Q4,57909,292152539.0,19.82149468843055,19.660379015527443,19.983602437554087
HCPCS 86360 – CD4/CD8 subsets (78 months of data),92,HCPCS 86360 – CD4/CD8 subsets (78 months of data),quarter,2023-Q1,70036,297686543.0,23.526760495854862,23.352838205825112,23.701656295445936
HCPCS 86360 – CD4/CD8 subsets (78 months of data),92,HCPCS 86360 – CD4/CD8 subsets (78 months of data),quarter,2023-Q2,63585,298365151.0,21.311134958921524,21.145808015590035,21.47743325901453
HCPCS 86360 – CD4/CD8 subsets (78 months of data),92,HCPCS 86360 – CD4/CD8 subsets (78 months of data),quarter,2023-Q3,59400,289816874.0,20.495701019810184,20.33120513779893,20.661196955562755
HCPCS 86360 – CD4/CD8 subsets (78 months of data),92,HCPCS 86360 – CD4/CD8 subsets (78 months of data),quarter,2023-Q4,55938,276383178.0,20.239292566496214,20.071913555774454,20.4077202831952
HCPCS 86360 – CD4/CD8 subsets (78 months of data),92,HCPCS 86360 – CD4/CD8 subsets (78 months of data),quarter,2024-Q1,61975,267644460.0,23.15571934498476,22.973768688733674,23.338752870714497
HCPCS 86360 – CD4/CD8 subsets (78 months of data),92,HCPCS 86360 – CD4/CD8 subsets (78 months of data),quarter,2024-Q2,56477,258952546.0,21.80978749674081,21.630281475976208,21.99041280640852
HCPCS 86665 – EBV antibodies (78 months of data),95,HCPCS 86665 – EBV antibodies (78 months of data),quarter,2018-Q1,29728,230550049.0,12.89438025667043,12.748214548667287,13.04180381954466
HCPCS 86665 – EBV antibodies (78 months of data),95,HCPCS 86665 – EBV antibodies (78 months of data),quarter,2018-Q2,26405,228935769.0,11.533802740977537,11.395100780223416,11.673771577370694
HCPCS 86665 – EBV antibodies (78 months of data),95,HCPCS 86665 – EBV antibodies (78 months of data),quarter,2018-Q3,23342,227904788.0,10.241996319972005,10.111021992163026,10.37424342240033
HCPCS 86665 – EBV antibodies (78 months of data),95,HCPCS 86665 – EBV antibodies (78 months of data),quarter,2018-Q4,26717,226095567.0,11.816684579224855,11.675410473241893,11.95924145968621
HCPCS 86665 – EBV antibodies (78 months of data),95,HCPCS 86665 – EBV antibodies (78 months of data),quarter,2019-Q1,32662,225406912.0,14.490238879631164,14.333513889297588,14.648250309729269
HCPCS 86665 – EBV antibodies (78 months of data),95,HCPCS 86665 – EBV antibodies (78 months of data),quarter,2019-Q2,30355,224099443.0,13.545325947106438,13.393370977675284,13.69857495193166
HCPCS 86665 – EBV antibodies (78 months of data),95,HCPCS 86665 – EBV antibodies (78 months of data),quarter,2019-Q3,28407,225151016.0,12.616865117766112,12.470567072984327,12.764451238218614
HCPCS 86665 – EBV antibodies (78 months of data),95,HCPCS 86665 – EBV antibodies (78 months of data),quarter,2019-Q4,31450,223888589.0,14.047165217518076,13.892340537994029,14.203285107081497
HCPCS 86665 – EBV antibodies (78 months of data),95,HCPCS 86665 – EBV antibodies (78 months of data),quarter,2020-Q1,33493,223452397.0,14.988874789291252,14.828775035080453,15.15027220537547
HCPCS 86665 – EBV antibodies (78 months of data),95,HCPCS 86665 – EBV antibodies (78 months of data),quarter,2020-Q2,14154,231340007.0,6.11826729995733,6.017882818032477,6.219906443097094
HCPCS 86665 – EBV antibodies (78 months of data),95,HCPCS 86665 – EBV antibodies (78 months of data),quarter,2020-Q3,20973,240451013.0,8.722358761699207,8.604707029753396,8.841217003930701
HCPCS 86665 – EBV antibodies (78 months of data),95,HCPCS 86665 – EBV antibodies (78 months of data),quarter,2020-Q4,22362,252197294.0,8.866867540616832,8.751028340638918,8.983856972239739
HCPCS 86665 – EBV antibodies (78 months of data),95,HCPCS 86665 – EBV antibodies (78 months of data),quarter,2021-Q1,26831,256211709.0,10.472198989157048,10.34726432006882,10.598265645348075
HCPCS 86665 – EBV antibodies (78 months of data),95,HCPCS 86665 – EBV antibodies (78 months of data),quarter,2021-Q2,28790,261559386.0,11.007060553353647,10.880278254362091,11.13495161650143
HCPCS 86665 – EBV antibodies (78 months of data),95,HCPCS 86665 – EBV antibodies (78 months of data),quarter,2021-Q3,29530,266799594.0,11.06823273501683,10.94234879355531,11.195203636158542
HCPCS 86665 – EBV antibodies (78 months of data),95,HCPCS 86665 – EBV antibodies (78 months of data),quarter,2021-Q4,32764,272358419.0,12.029736448132342,11.899826154172443,12.160711411113526
HCPCS 86665 – EBV antibodies (78 months of data),95,HCPCS 86665 – EBV antibodies (78 months of data),quarter,2022-Q1,36718,277314434.0,13.240565761535514,13.10547755238867,13.376699504561383
HCPCS 86665 – EBV antibodies (78 months of data),95,HCPCS 86665 – EBV antibodies (78 months of data),quarter,2022-Q2,36302,282016994.5,12.87227390830165,12.740194802109226,13.005381124711553
HCPCS 86665 – EBV antibodies (78 months of data),95,HCPCS 86665 – EBV antibodies (78 months of data),quarter,2022-Q3,34554,287178648.0,12.03223158847102,11.905695763420978,12.1597770895035
HCPCS 86665 – EBV antibodies (78 months of data),95,HCPCS 86665 – EBV antibodies (78 months of data),quarter,2022-Q4,38351,292152539.0,13.127046621354195,12.995991871187169,13.259093766268593
HCPCS 86665 – EBV antibodies (78 months of data),95,HCPCS 86665 – EBV antibodies (78 months of data),quarter,2023-Q1,52876,297686543.0,17.762307784265545,17.61122888703326,17.914360378535154
HCPCS 86665 – EBV antibodies (78 months of data),95,HCPCS 86665 – EBV antibodies (78 months of data),quarter,2023-Q2,45528,298365151.0,15.259154712743246,15.119307526841789,15.399973491900928
HCPCS 86665 – EBV antibodies (78 months of data),95,HCPCS 86665 – EBV antibodies (78 months of data),quarter,2023-Q3,34871,289816874.0,12.032080644138063,11.90612136011174,12.15904040471166
HCPCS 86665 – EBV antibodies (78 months of data),95,HCPCS 86665 – EBV antibodies (78 months of data),quarter,2023-Q4,33845,276383178.0,12.245680162198584,12.115561281784615,12.37684817617641
HCPCS 86665 – EBV antibodies (78 months of data),95,HCPCS 86665 – EBV antibodies (78 months of data),quarter,2024-Q1,38873,267644460.0,14.524119049577937,14.380090990778259,14.669230363673552
HCPCS 86665 – EBV antibodies (78 months of data),95,HCPCS 86665 – EBV antibodies (78 months of data),quarter,2024-Q2,35029,258952546.0,13.527188877301096,13.385896776126728,13.669600696380591
HCPCS 86790 – Viral serologies (lab dependent) (78 months of data),97,HCPCS 86790 – Viral serologies (lab dependent) (78 months of data),quarter,2018-Q1,1973,230550049.0,0.855779475457843,0.8184307080795918,0.8943931731813911
HCPCS 86790 – Viral serologies (lab dependent) (78 months of data),97,HCPCS 86790 – Viral serologies (lab dependent) (78 months of data),quarter,2018-Q2,2727,228935769.0,1.1911637975628002,1.1468717925713914,1.2367282210143442
HCPCS 86790 – Viral serologies (lab dependent) (78 months of data),97,HCPCS 86790 – Viral serologies (lab dependent) (78 months of data),quarter,2018-Q3,2254,227904788.0,0.9890094981242781,0.948597397159364,1.0307005917303607
HCPCS 86790 – Viral serologies (lab dependent) (78 months of data),97,HCPCS 86790 – Viral serologies (lab dependent) (78 months of data),quarter,2018-Q4,1750,226095567.0,0.7740089835551708,0.7381657545973888,0.8111426632615694
HCPCS 86790 – Viral serologies (lab dependent) (78 months of data),97,HCPCS 86790 – Viral serologies (lab dependent) (78 months of data),quarter,2019-Q1,2107,225406912.0,0.9347539440139263,0.8952629026591186,0.9755384634529372
HCPCS 86790 – Viral serologies (lab dependent) (78 months of data),97,HCPCS 86790 – Viral serologies (lab dependent) (78 months of data),quarter,2019-Q2,2130,224099443.0,0.9504709032230839,0.9105309287354412,0.9917118511146878
HCPCS 86790 – Viral serologies (lab dependent) (78 months of data),97,HCPCS 86790 – Viral serologies (lab dependent) (78 months of data),quarter,2019-Q3,2278,225151016.0,1.0117653655180485,0.9706395391215318,1.0541857795013283
HCPCS 86790 – Viral serologies (lab dependent) (78 months of data),97,HCPCS 86790 – Viral serologies (lab dependent) (78 months of data),quarter,2019-Q4,2283,223888589.0,1.019703599096781,0.9783000481822625,1.062409027323109
HCPCS 86790 – Viral serologies (lab dependent) (78 months of data),97,HCPCS 86790 – Viral serologies (lab dependent) (78 months of data),quarter,2020-Q1,2261,223452397.0,1.0118486220579679,0.9705666764450167,1.0544350306003505
HCPCS 86790 – Viral serologies (lab dependent) (78 months of data),97,HCPCS 86790 – Viral serologies (lab dependent) (78 months of data),quarter,2020-Q2,1712,231340007.0,0.7400362878004063,0.7053925473025118,0.7759413357277171
HCPCS 86790 – Viral serologies (lab dependent) (78 months of data),97,HCPCS 86790 – Viral serologies (lab dependent) (78 months of data),quarter,2020-Q3,3684,240451013.0,1.5321208066609393,1.483041398025265,1.5824106131719515
HCPCS 86790 – Viral serologies (lab dependent) (78 months of data),97,HCPCS 86790 – Viral serologies (lab dependent) (78 months of data),quarter,2020-Q4,4531,252197294.0,1.7966092847927226,1.7446734454930923,1.849698520270058
HCPCS 86790 – Viral serologies (lab dependent) (78 months of data),97,HCPCS 86790 – Viral serologies (lab dependent) (78 months of data),quarter,2021-Q1,3598,256211709.0,1.4043074042334263,1.3587922448194423,1.450958579200513
HCPCS 86790 – Viral serologies (lab dependent) (78 months of data),97,HCPCS 86790 – Viral serologies (lab dependent) (78 months of data),quarter,2021-Q2,2875,261559386.0,1.099176765921908,1.0593613242988213,1.1401057344883896
HCPCS 86790 – Viral serologies (lab dependent) (78 months of data),97,HCPCS 86790 – Viral serologies (lab dependent) (78 months of data),quarter,2021-Q3,2630,266799594.0,0.9857586215067478,0.9484409547987158,1.0241682546504731
HCPCS 86790 – Viral serologies (lab dependent) (78 months of data),97,HCPCS 86790 – Viral serologies (lab dependent) (78 months of data),quarter,2021-Q4,2033,272358419.0,0.7464428701945138,0.7143449111863052,0.7796114668039432
HCPCS 86790 – Viral serologies (lab dependent) (78 months of data),97,HCPCS 86790 – Viral serologies (lab dependent) (78 months of data),quarter,2022-Q1,2360,277314434.0,0.8510195325786757,0.8170277728925524,0.8860622362613061
HCPCS 86790 – Viral serologies (lab dependent) (78 months of data),97,HCPCS 86790 – Viral serologies (lab dependent) (78 months of data),quarter,2022-Q2,2403,282016994.5,0.8520763098906085,0.8183451533407305,0.8868408223090911
HCPCS 86790 – Viral serologies (lab dependent) (78 months of data),97,HCPCS 86790 – Viral serologies (lab dependent) (78 months of data),quarter,2022-Q3,2212,287178648.0,0.7702522507871128,0.7384845477810702,0.8030350290224855
HCPCS 86790 – Viral serologies (lab dependent) (78 months of data),97,HCPCS 86790 – Viral serologies (lab dependent) (78 months of data),quarter,2022-Q4,2552,292152539.0,0.8735162832180623,0.83995107598045,0.908078794884293
HCPCS 86790 – Viral serologies (lab dependent) (78 months of data),97,HCPCS 86790 – Viral serologies (lab dependent) (78 months of data),quarter,2023-Q1,3058,297686543.0,1.0272550345011733,0.9911653368564144,1.0643229362086257
HCPCS 86790 – Viral serologies (lab dependent) (78 months of data),97,HCPCS 86790 – Viral serologies (lab dependent) (78 months of data),quarter,2023-Q2,3178,298365151.0,1.0651377982142425,1.0284242802294117,1.1028271827791285
HCPCS 86790 – Viral serologies (lab dependent) (78 months of data),97,HCPCS 86790 – Viral serologies (lab dependent) (78 months of data),quarter,2023-Q3,2994,289816874.0,1.0330661423116447,0.9963898891066705,1.07074722634009
HCPCS 86790 – Viral serologies (lab dependent) (78 months of data),97,HCPCS 86790 – Viral serologies (lab dependent) (78 months of data),quarter,2023-Q4,2974,276383178.0,1.076042334240762,1.0377132421781547,1.115425118900542
HCPCS 86790 – Viral serologies (lab dependent) (78 months of data),97,HCPCS 86790 – Viral serologies (lab dependent) (78 months of data),quarter,2024-Q1,3353,267644460.0,1.2527813951389093,1.2107324029439992,1.2959180946515603
HCPCS 86790 – Viral serologies (lab dependent) (78 months of data),97,HCPCS 86790 – Viral serologies (lab dependent) (78 months of data),quarter,2024-Q2,3188,258952546.0,1.2311135956160864,1.1887451965313884,1.2746063777945553
HCPCS 85610 – PT/INR (78 months of data),101,HCPCS 85610 – PT/INR (78 months of data),quarter,2018-Q1,1318994,230550049.0,572.1074472640863,571.131510958808,573.0846393310005
HCPCS 85610 – PT/INR (78 months of data),101,HCPCS 85610 – PT/INR (78 months of data),quarter,2018-Q2,1323466,228935769.0,578.0948978750455,577.1104146183193,579.0806457474487
HCPCS 85610 – PT/INR (78 months of data),101,HCPCS 85610 – PT/INR (78 months of data),quarter,2018-Q3,1275842,227904788.0,559.8136007568213,558.8426276210574,560.7858442359594
HCPCS 85610 – PT/INR (78 months of data),101,HCPCS 85610 – PT/INR (78 months of data),quarter,2018-Q4,1234483,226095567.0,546.000532597793,545.0377912229727,546.9645544876728
HCPCS 85610 – PT/INR (78 months of data),101,HCPCS 85610 – PT/INR (78 months of data),quarter,2019-Q1,1368520,225406912.0,607.1331122268335,606.1163322910063,608.1511765702519
HCPCS 85610 – PT/INR (78 months of data),101,HCPCS 85610 – PT/INR (78 months of data),quarter,2019-Q2,1372042,224099443.0,612.2469478873269,611.2229200113879,613.2722676640285
HCPCS 85610 – PT/INR (78 months of data),101,HCPCS 85610 – PT/INR (78 months of data),quarter,2019-Q3,1365276,225151016.0,606.3823402866634,605.3656124213096,607.400354019847
HCPCS 85610 – PT/INR (78 months of data),101,HCPCS 85610 – PT/INR (78 months of data),quarter,2019-Q4,1308510,223888589.0,584.4469366859961,583.44596656112,585.4491999372842
HCPCS 85610 – PT/INR (78 months of data),101,HCPCS 85610 – PT/INR (78 months of data),quarter,2020-Q1,1298031,223452397.0,580.898221467725,579.8993230461839,581.8984155414796
HCPCS 85610 – PT/INR (78 months of data),101,HCPCS 85610 – PT/INR (78 months of data),quarter,2020-Q2,1052804,231340007.0,455.0894649190531,454.2205715490816,455.9596098065975
HCPCS 85610 – PT/INR (78 months of data),101,HCPCS 85610 – PT/INR (78 months of data),quarter,2020-Q3,1312252,240451013.0,545.7460892460452,544.8127343186512,546.680648227945
HCPCS 85610 – PT/INR (78 months of data),101,HCPCS 85610 – PT/INR (78 months of data),quarter,2020-Q4,1316821,252197294.0,522.1392264422948,521.2477947260227,523.0318061327283
HCPCS 85610 – PT/INR (78 months of data),101,HCPCS 85610 – PT/INR (78 months of data),quarter,2021-Q1,1395384,256211709.0,544.6214794188036,543.7182080274355,545.5258807879541
HCPCS 85610 – PT/INR (78 months of data),101,HCPCS 85610 – PT/INR (78 months of data),quarter,2021-Q2,1451533,261559386.0,554.953512545713,554.051075365952,555.8570565942551
HCPCS 85610 – PT/INR (78 months of data),101,HCPCS 85610 – PT/INR (78 months of data),quarter,2021-Q3,1322417,266799594.0,495.6592999912886,494.8148682154476,496.5048169104459
HCPCS 85610 – PT/INR (78 months of data),101,HCPCS 85610 – PT/INR (78 months of data),quarter,2021-Q4,1241989,272358419.0,456.0127072848076,455.211070256792,456.8154073183754
HCPCS 85610 – PT/INR (78 months of data),101,HCPCS 85610 – PT/INR (78 months of data),quarter,2022-Q1,1242728,277314434.0,448.1295769840816,447.34203208662774,448.91816588952736
HCPCS 85610 – PT/INR (78 months of data),101,HCPCS 85610 – PT/INR (78 months of data),quarter,2022-Q2,1296320,282016994.5,459.6602422128146,458.86930042443555,460.45221059411256
HCPCS 85610 – PT/INR (78 months of data),101,HCPCS 85610 – PT/INR (78 months of data),quarter,2022-Q3,1266868,287178648.0,441.1428247966402,440.3749770831039,441.91168065491865
HCPCS 85610 – PT/INR (78 months of data),101,HCPCS 85610 – PT/INR (78 months of data),quarter,2022-Q4,1213602,292152539.0,415.4001208252378,414.66139040299174,416.1398422350507
HCPCS 85610 – PT/INR (78 months of data),101,HCPCS 85610 – PT/INR (78 months of data),quarter,2023-Q1,1363871,297686543.0,458.15675315897636,457.38816133231137,458.9263175337739
HCPCS 85610 – PT/INR (78 months of data),101,HCPCS 85610 – PT/INR (78 months of data),quarter,2023-Q2,1332370,298365151.0,446.55684336271565,445.798910862795,447.3157462020893
HCPCS 85610 – PT/INR (78 months of data),101,HCPCS 85610 – PT/INR (78 months of data),quarter,2023-Q3,1268968,289816874.0,437.8516621499409,437.09017359439093,438.614149672763
HCPCS 85610 – PT/INR (78 months of data),101,HCPCS 85610 – PT/INR (78 months of data),quarter,2023-Q4,1168146,276383178.0,422.6545220490952,421.8884126503933,423.4216789835035
HCPCS 85610 – PT/INR (78 months of data),101,HCPCS 85610 – PT/INR (78 months of data),quarter,2024-Q1,1178741,267644460.0,440.4130016365741,439.61829718553696,441.2087878243276
HCPCS 85610 – PT/INR (78 months of data),101,HCPCS 85610 – PT/INR (78 months of data),quarter,2024-Q2,1149501,258952546.0,443.9041120684714,443.09298899589686,444.7163531913772
HCPCS 85730 – aPTT (78 months of data),103,HCPCS 85730 – aPTT (78 months of data),quarter,2018-Q1,565268,230550049.0,245.18233782721944,244.54358803662615,245.8223435746392
HCPCS 85730 – aPTT (78 months of data),103,HCPCS 85730 – aPTT (78 months of data),quarter,2018-Q2,577426,228935769.0,252.2218360731564,251.57169700819864,252.87323994496418
HCPCS 85730 – aPTT (78 months of data),103,HCPCS 85730 – aPTT (78 months of data),quarter,2018-Q3,564262,227904788.0,247.5867246808347,246.94113661583978,248.23358328089174
HCPCS 85730 – aPTT (78 months of data),103,HCPCS 85730 – aPTT (78 months of data),quarter,2018-Q4,546872,226095567.0,241.8764804884476,241.2358392006074,242.5184024872945
HCPCS 85730 – aPTT (78 months of data),103,HCPCS 85730 – aPTT (78 months of data),quarter,2019-Q1,649700,225406912.0,288.23428449257136,287.53383506784695,288.93601849257504
HCPCS 85730 – aPTT (78 months of data),103,HCPCS 85730 – aPTT (78 months of data),quarter,2019-Q2,666022,224099443.0,297.1993107541994,296.48597449013135,297.91393908148973
HCPCS 85730 – aPTT (78 months of data),103,HCPCS 85730 – aPTT (78 months of data),quarter,2019-Q3,671619,225151016.0,298.29712160836976,297.58413816779233,299.01139107533214
HCPCS 85730 – aPTT (78 months of data),103,HCPCS 85730 – aPTT (78 months of data),quarter,2019-Q4,654585,223888589.0,292.37086308136946,291.663015718283,293.0800037291823
HCPCS 85730 – aPTT (78 months of data),103,HCPCS 85730 – aPTT (78 months of data),quarter,2020-Q1,644981,223452397.0,288.64358076230434,287.939576854213,289.3488804837082
HCPCS 85730 – aPTT (78 months of data),103,HCPCS 85730 – aPTT (78 months of data),quarter,2020-Q2,520445,231340007.0,224.96973469876312,224.3589422217236,225.5817788676588
HCPCS 85730 – aPTT (78 months of data),103,HCPCS 85730 – aPTT (78 months of data),quarter,2020-Q3,698938,240451013.0,290.67791866611935,289.99685197194475,291.3601895464777
HCPCS 85730 – aPTT (78 months of data),103,HCPCS 85730 – aPTT (78 months of data),quarter,2020-Q4,686087,252197294.0,272.0437595178955,271.4004147733557,272.6882523670621
HCPCS 85730 – aPTT (78 months of data),103,HCPCS 85730 – aPTT (78 months of data),quarter,2021-Q1,737511,256211709.0,287.8521839921063,287.195602155045,288.5098959285037
HCPCS 85730 – aPTT (78 months of data),103,HCPCS 85730 – aPTT (78 months of data),quarter,2021-Q2,779685,261559386.0,298.091004082721,297.4297024801041,298.75341266742146
HCPCS 85730 – aPTT (78 months of data),103,HCPCS 85730 – aPTT (78 months of data),quarter,2021-Q3,696972,266799594.0,261.2342805888978,260.62133902173326,261.8483074199059
HCPCS 85730 – aPTT (78 months of data),103,HCPCS 85730 – aPTT (78 months of data),quarter,2021-Q4,652201,272358419.0,239.46423334172752,238.88341809966278,240.04611171198465
HCPCS 85730 – aPTT (78 months of data),103,HCPCS 85730 – aPTT (78 months of data),quarter,2022-Q1,662242,277314434.0,238.80545648049466,238.2306443239399,239.3813127622554
HCPCS 85730 – aPTT (78 months of data),103,HCPCS 85730 – aPTT (78 months of data),quarter,2022-Q2,697840,282016994.5,247.44608077156144,246.8658518405544,248.0273364062265
HCPCS 85730 – aPTT (78 months of data),103,HCPCS 85730 – aPTT (78 months of data),quarter,2022-Q3,674725,287178648.0,234.9495704847806,234.3892923004444,235.5108569260808
HCPCS 85730 – aPTT (78 months of data),103,HCPCS 85730 – aPTT (78 months of data),quarter,2022-Q4,654018,292152539.0,223.86182308687725,223.31960546684337,224.4050318047329
HCPCS 85730 – aPTT (78 months of data),103,HCPCS 85730 – aPTT (78 months of data),quarter,2023-Q1,733835,297686543.0,246.5126547557778,245.9489613127807,247.07732084928386
HCPCS 85730 – aPTT (78 months of data),103,HCPCS 85730 – aPTT (78 months of data),quarter,2023-Q2,721317,298365151.0,241.75645097372652,241.19885986000136,242.31501252905534
HCPCS 85730 – aPTT (78 months of data),103,HCPCS 85730 – aPTT (78 months of data),quarter,2023-Q3,691603,289816874.0,238.6344833738011,238.07240048469683,239.1975653365738
HCPCS 85730 – aPTT (78 months of data),103,HCPCS 85730 – aPTT (78 months of data),quarter,2023-Q4,627498,276383178.0,227.03914346046054,226.47773678216515,227.60159779397293
HCPCS 85730 – aPTT (78 months of data),103,HCPCS 85730 – aPTT (78 months of data),quarter,2024-Q1,628451,267644460.0,234.808148093183,234.22797088814733,235.38940715952285
HCPCS 85730 – aPTT (78 months of data),103,HCPCS 85730 – aPTT (78 months of data),quarter,2024-Q2,626009,258952546.0,241.7466094347649,241.1481250883048,242.34621195685142
HCPCS 85379 – D-dimer (78 months of data),105,HCPCS 85379 – D-dimer (78 months of data),quarter,2018-Q1,123463,230550049.0,53.55149588365518,53.25319587122381,53.851052496895676
HCPCS 85379 – D-dimer (78 months of data),105,HCPCS 85379 – D-dimer (78 months of data),quarter,2018-Q2,126317,228935769.0,55.17573795993408,54.8718775432636,55.48086382417157
HCPCS 85379 – D-dimer (78 months of data),105,HCPCS 85379 – D-dimer (78 months of data),quarter,2018-Q3,122762,227904788.0,53.86547649012095,53.56457322603337,54.167650943704764
HCPCS 85379 – D-dimer (78 months of data),105,HCPCS 85379 – D-dimer (78 months of data),quarter,2018-Q4,118578,226095567.0,52.44596414400287,52.14787381798984,52.74533585321276
HCPCS 85379 – D-dimer (78 months of data),105,HCPCS 85379 – D-dimer (78 months of data),quarter,2019-Q1,145120,225406912.0,64.38134425975366,64.05052334446385,64.71345035188563
HCPCS 85379 – D-dimer (78 months of data),105,HCPCS 85379 – D-dimer (78 months of data),quarter,2019-Q2,147306,224099443.0,65.7324257606477,65.39717474145039,66.06896944628352
HCPCS 85379 – D-dimer (78 months of data),105,HCPCS 85379 – D-dimer (78 months of data),quarter,2019-Q3,146482,225151016.0,65.05944436866321,64.72669491907926,65.3934804504402
HCPCS 85379 – D-dimer (78 months of data),105,HCPCS 85379 – D-dimer (78 months of data),quarter,2019-Q4,142979,223888589.0,63.861673629110236,63.53107838391697,64.1935627752662
HCPCS 85379 – D-dimer (78 months of data),105,HCPCS 85379 – D-dimer (78 months of data),quarter,2020-Q1,142682,223452397.0,63.853421093531615,63.52252515816877,64.18561345683227
HCPCS 85379 – D-dimer (78 months of data),105,HCPCS 85379 – D-dimer (78 months of data),quarter,2020-Q2,176127,231340007.0,76.13339442840079,75.77824613956035,76.48979483106307
HCPCS 85379 – D-dimer (78 months of data),105,HCPCS 85379 – D-dimer (78 months of data),quarter,2020-Q3,213905,240451013.0,88.95990802084914,88.58331024381506,89.3377103775987
HCPCS 85379 – D-dimer (78 months of data),105,HCPCS 85379 – D-dimer (78 months of data),quarter,2020-Q4,242130,252197294.0,96.00816731998718,95.62613061569725,96.39135244931867
HCPCS 85379 – D-dimer (78 months of data),105,HCPCS 85379 – D-dimer (78 months of data),quarter,2021-Q1,265595,256211709.0,103.66231935168895,103.26845062922779,104.0573184701533
HCPCS 85379 – D-dimer (78 months of data),105,HCPCS 85379 – D-dimer (78 months of data),quarter,2021-Q2,244472,261559386.0,93.46711037163851,93.09696909698708,93.8383589616747
HCPCS 85379 – D-dimer (78 months of data),105,HCPCS 85379 – D-dimer (78 months of data),quarter,2021-Q3,277743,266799594.0,104.10173262857364,103.71493309910666,104.48961767876689
HCPCS 85379 – D-dimer (78 months of data),105,HCPCS 85379 – D-dimer (78 months of data),quarter,2021-Q4,244407,272358419.0,89.73726639234162,89.3818485534919,90.09374764152966
HCPCS 85379 – D-dimer (78 months of data),105,HCPCS 85379 – D-dimer (78 months of data),quarter,2022-Q1,255699,277314434.0,92.20544214442153,91.84839567608927,92.5635330024395
HCPCS 85379 – D-dimer (78 months of data),105,HCPCS 85379 – D-dimer (78 months of data),quarter,2022-Q2,210205,282016994.5,74.53628827322319,74.2179886294337,74.85561496245333
HCPCS 85379 – D-dimer (78 months of data),105,HCPCS 85379 – D-dimer (78 months of data),quarter,2022-Q3,202071,287178648.0,70.36421454285835,70.05774972759572,70.6716879586117
HCPCS 85379 – D-dimer (78 months of data),105,HCPCS 85379 – D-dimer (78 months of data),quarter,2022-Q4,198818,292152539.0,68.05280579813821,67.75399578507401,68.3526072463664
HCPCS 85379 – D-dimer (78 months of data),105,HCPCS 85379 – D-dimer (78 months of data),quarter,2023-Q1,237712,297686543.0,79.85312255112586,79.53243388624631,80.17478415729484
HCPCS 85379 – D-dimer (78 months of data),105,HCPCS 85379 – D-dimer (78 months of data),quarter,2023-Q2,213461,298365151.0,71.5435429655791,71.24036014002685,71.84769655675859
HCPCS 85379 – D-dimer (78 months of data),105,HCPCS 85379 – D-dimer (78 months of data),quarter,2023-Q3,205512,289816874.0,70.91098498288268,70.60473249189735,71.21823688666834
HCPCS 85379 – D-dimer (78 months of data),105,HCPCS 85379 – D-dimer (78 months of data),quarter,2023-Q4,195685,276383178.0,70.80206596365282,70.48870826931797,71.116471666965
HCPCS 85379 – D-dimer (78 months of data),105,HCPCS 85379 – D-dimer (78 months of data),quarter,2024-Q1,195253,267644460.0,72.95237868925066,72.62914748903492,73.27669211734626
HCPCS 85379 – D-dimer (78 months of data),105,HCPCS 85379 – D-dimer (78 months of data),quarter,2024-Q2,178384,258952546.0,68.8867527102823,68.56744570556351,69.20717830813261
HCPCS 85025 – CBC (78 months of data),107,HCPCS 85025 – CBC (78 months of data),quarter,2018-Q1,8755456,230550049.0,3797.637882957032,3795.1228057636727,3800.1542156856076
HCPCS 85025 – CBC (78 months of data),107,HCPCS 85025 – CBC (78 months of data),quarter,2018-Q2,8552575,228935769.0,3735.7967421857966,3733.293452500909,3738.30129626068
HCPCS 85025 – CBC (78 months of data),107,HCPCS 85025 – CBC (78 months of data),quarter,2018-Q3,8480403,227904788.0,3721.028888607641,3718.5249088836777,3723.5341384419903
HCPCS 85025 – CBC (78 months of data),107,HCPCS 85025 – CBC (78 months of data),quarter,2018-Q4,7990336,226095567.0,3534.0524832138794,3531.602493237657,3536.5037534684307
HCPCS 85025 – CBC (78 months of data),107,HCPCS 85025 – CBC (78 months of data),quarter,2019-Q1,9132890,225406912.0,4051.7346690770514,4049.1073336700897,4054.3632886638607
HCPCS 85025 – CBC (78 months of data),107,HCPCS 85025 – CBC (78 months of data),quarter,2019-Q2,9188717,224099443.0,4100.285514765871,4097.634784683632,4102.937536519842
HCPCS 85025 – CBC (78 months of data),107,HCPCS 85025 – CBC (78 months of data),quarter,2019-Q3,9427010,225151016.0,4186.972001050175,4184.29965435998,4189.645633377492
HCPCS 85025 – CBC (78 months of data),107,HCPCS 85025 – CBC (78 months of data),quarter,2019-Q4,9030461,223888589.0,4033.4619286916854,4030.831653171596,4036.093497101237
HCPCS 85025 – CBC (78 months of data),107,HCPCS 85025 – CBC (78 months of data),quarter,2020-Q1,9208982,223452397.0,4121.227663536767,4118.566327489832,4123.890294995538
HCPCS 85025 – CBC (78 months of data),107,HCPCS 85025 – CBC (78 months of data),quarter,2020-Q2,6883241,231340007.0,2975.378573408619,2973.1562163999747,2977.602181683495
HCPCS 85025 – CBC (78 months of data),107,HCPCS 85025 – CBC (78 months of data),quarter,2020-Q3,9140769,240451013.0,3801.5098734476946,3799.045858033595,3803.975092695359
HCPCS 85025 – CBC (78 months of data),107,HCPCS 85025 – CBC (78 months of data),quarter,2020-Q4,9121846,252197294.0,3616.9484038952455,3614.6015852065366,3619.2963703481873
HCPCS 85025 – CBC (78 months of data),107,HCPCS 85025 – CBC (78 months of data),quarter,2021-Q1,10029293,256211709.0,3914.4553694070246,3912.033124799323,3916.8787437895216
HCPCS 85025 – CBC (78 months of data),107,HCPCS 85025 – CBC (78 months of data),quarter,2021-Q2,10849187,261559386.0,4147.886705927655,4145.41889062039,4150.355627906501
HCPCS 85025 – CBC (78 months of data),107,HCPCS 85025 – CBC (78 months of data),quarter,2021-Q3,11035332,266799594.0,4136.187703494032,4133.747688794473,4138.628803128101
HCPCS 85025 – CBC (78 months of data),107,HCPCS 85025 – CBC (78 months of data),quarter,2021-Q4,10299024,272358419.0,3781.4230372661987,3779.1139522882913,3783.733185038949
HCPCS 85025 – CBC (78 months of data),107,HCPCS 85025 – CBC (78 months of data),quarter,2022-Q1,10710633,277314434.0,3862.2702920685333,3859.957593407535,3864.584034528539
HCPCS 85025 – CBC (78 months of data),107,HCPCS 85025 – CBC (78 months of data),quarter,2022-Q2,11172931,282016994.5,3961.7935152485998,3959.47081281983,3964.117244069078
HCPCS 85025 – CBC (78 months of data),107,HCPCS 85025 – CBC (78 months of data),quarter,2022-Q3,11287684,287178648.0,3930.5443070405427,3928.251666907645,3932.8379551166054
HCPCS 85025 – CBC (78 months of data),107,HCPCS 85025 – CBC (78 months of data),quarter,2022-Q4,10783079,292152539.0,3690.9071668208235,3688.704514764307,3693.1108096626017
HCPCS 85025 – CBC (78 months of data),107,HCPCS 85025 – CBC (78 months of data),quarter,2023-Q1,12260643,297686543.0,4118.642003914836,4116.336926227094,4120.948053962871
HCPCS 85025 – CBC (78 months of data),107,HCPCS 85025 – CBC (78 months of data),quarter,2023-Q2,12102235,298365151.0,4056.1824862716626,4053.8975586397087,4058.468384052965
HCPCS 85025 – CBC (78 months of data),107,HCPCS 85025 – CBC (78 months of data),quarter,2023-Q3,11567064,289816874.0,3991.163054225752,3988.8633378573763,3993.4637693606846
HCPCS 85025 – CBC (78 months of data),107,HCPCS 85025 – CBC (78 months of data),quarter,2023-Q4,10603184,276383178.0,3836.4071492079015,3834.098328690907,3838.7170170414665
HCPCS 85025 – CBC (78 months of data),107,HCPCS 85025 – CBC (78 months of data),quarter,2024-Q1,11179274,267644460.0,4176.912161753694,4174.464035250896,4179.361369765507
HCPCS 85025 – CBC (78 months of data),107,HCPCS 85025 – CBC (78 months of data),quarter,2024-Q2,10711039,258952546.0,4136.294145569049,4133.817410401687,4138.771998549442
HCPCS 85384 – Fibrinogen (78 months of data),110,HCPCS 85384 – Fibrinogen (78 months of data),quarter,2018-Q1,16266,230550049.0,7.055301037910428,6.947288985593805,7.164571810957142
HCPCS 85384 – Fibrinogen (78 months of data),110,HCPCS 85384 – Fibrinogen (78 months of data),quarter,2018-Q2,15570,228935769.0,6.801034223708398,6.6946221063422255,6.9087140113711145
HCPCS 85384 – Fibrinogen (78 months of data),110,HCPCS 85384 – Fibrinogen (78 months of data),quarter,2018-Q3,16057,227904788.0,7.045486029894203,6.936927223076602,7.155318189070995
HCPCS 85384 – Fibrinogen (78 months of data),110,HCPCS 85384 – Fibrinogen (78 months of data),quarter,2018-Q4,18056,226095567.0,7.986003546898378,7.869938883197695,8.103351557870727
HCPCS 85384 – Fibrinogen (78 months of data),110,HCPCS 85384 – Fibrinogen (78 months of data),quarter,2019-Q1,25192,225406912.0,11.176232253250513,11.038642411783961,11.315108867467268
HCPCS 85384 – Fibrinogen (78 months of data),110,HCPCS 85384 – Fibrinogen (78 months of data),quarter,2019-Q2,24067,224099443.0,10.739428745478854,10.604171119428456,10.875980715274695
HCPCS 85384 – Fibrinogen (78 months of data),110,HCPCS 85384 – Fibrinogen (78 months of data),quarter,2019-Q3,24610,225151016.0,10.930441459788927,10.794300582744144,11.067870604248156
HCPCS 85384 – Fibrinogen (78 months of data),110,HCPCS 85384 – Fibrinogen (78 months of data),quarter,2019-Q4,23914,223888589.0,10.681205373981788,10.546252739357259,10.817453580335027
HCPCS 85384 – Fibrinogen (78 months of data),110,HCPCS 85384 – Fibrinogen (78 months of data),quarter,2020-Q1,23292,223452397.0,10.423696640855457,10.290256194411747,10.558435225607452
HCPCS 85384 – Fibrinogen (78 months of data),110,HCPCS 85384 – Fibrinogen (78 months of data),quarter,2020-Q2,30358,231340007.0,13.122676182853233,12.975469861562658,13.271136038225722
HCPCS 85384 – Fibrinogen (78 months of data),110,HCPCS 85384 – Fibrinogen (78 months of data),quarter,2020-Q3,38033,240451013.0,15.817359022729507,15.658788201340473,15.977135631219163
HCPCS 85384 – Fibrinogen (78 months of data),110,HCPCS 85384 – Fibrinogen (78 months of data),quarter,2020-Q4,39054,252197294.0,15.485495256741336,15.332289122228797,15.639850991721922
HCPCS 85384 – Fibrinogen (78 months of data),110,HCPCS 85384 – Fibrinogen (78 months of data),quarter,2021-Q1,40236,256211709.0,15.704200310376915,15.551123986107143,15.858408194170632
HCPCS 85384 – Fibrinogen (78 months of data),110,HCPCS 85384 – Fibrinogen (78 months of data),quarter,2021-Q2,37853,261559386.0,14.472048041892863,14.326620430316046,14.618584135661294
HCPCS 85384 – Fibrinogen (78 months of data),110,HCPCS 85384 – Fibrinogen (78 months of data),quarter,2021-Q3,42529,266799594.0,15.940429054775846,15.789286856053891,16.09265785734389
HCPCS 85384 – Fibrinogen (78 months of data),110,HCPCS 85384 – Fibrinogen (78 months of data),quarter,2021-Q4,37538,272358419.0,13.78257376358173,13.643496142782045,13.92271592289802
HCPCS 85384 – Fibrinogen (78 months of data),110,HCPCS 85384 – Fibrinogen (78 months of data),quarter,2022-Q1,38331,277314434.0,13.822215975963227,13.684185048966947,13.961292397675738
HCPCS 85384 – Fibrinogen (78 months of data),110,HCPCS 85384 – Fibrinogen (78 months of data),quarter,2022-Q2,35650,282016994.5,12.641082167124507,12.510197570097404,12.772994890946647
HCPCS 85384 – Fibrinogen (78 months of data),110,HCPCS 85384 – Fibrinogen (78 months of data),quarter,2022-Q3,33466,287178648.0,11.653373338535948,11.528850804403985,11.778905578207528
HCPCS 85384 – Fibrinogen (78 months of data),110,HCPCS 85384 – Fibrinogen (78 months of data),quarter,2022-Q4,33597,292152539.0,11.499814485610203,11.37717197638832,11.623449506582777
HCPCS 85384 – Fibrinogen (78 months of data),110,HCPCS 85384 – Fibrinogen (78 months of data),quarter,2023-Q1,37001,297686543.0,12.429517178410045,12.303188441582956,12.556819891676538
HCPCS 85384 – Fibrinogen (78 months of data),110,HCPCS 85384 – Fibrinogen (78 months of data),quarter,2023-Q2,36183,298365151.0,12.127086517553787,12.00244965820497,12.252695157274513
HCPCS 85384 – Fibrinogen (78 months of data),110,HCPCS 85384 – Fibrinogen (78 months of data),quarter,2023-Q3,36285,289816874.0,12.519974941141626,12.391480671035865,12.649469652214966
HCPCS 85384 – Fibrinogen (78 months of data),110,HCPCS 85384 – Fibrinogen (78 months of data),quarter,2023-Q4,34161,276383178.0,12.36001418291818,12.22928767525471,12.491789815224124
HCPCS 85384 – Fibrinogen (78 months of data),110,HCPCS 85384 – Fibrinogen (78 months of data),quarter,2024-Q1,32837,267644460.0,12.26888836032698,12.136542401378255,12.402317737816103
HCPCS 85384 – Fibrinogen (78 months of data),110,HCPCS 85384 – Fibrinogen (78 months of data),quarter,2024-Q2,32302,258952546.0,12.47410017741243,12.338433830349782,12.610886325874331
HCPCS 85390 – Coagulation interpretation/report (78 months of data),112,HCPCS 85390 – Coagulation interpretation/report (78 months of data),quarter,2018-Q1,2957,230550049.0,1.282584849938592,1.2367686695494966,1.329664218259604
HCPCS 85390 – Coagulation interpretation/report (78 months of data),112,HCPCS 85390 – Coagulation interpretation/report (78 months of data),quarter,2018-Q2,2876,228935769.0,1.2562475547453662,1.2107503828459498,1.3030169311098514
HCPCS 85390 – Coagulation interpretation/report (78 months of data),112,HCPCS 85390 – Coagulation interpretation/report (78 months of data),quarter,2018-Q3,2839,227904788.0,1.2456956367235252,1.2002902858422788,1.2923789989864862
HCPCS 85390 – Coagulation interpretation/report (78 months of data),112,HCPCS 85390 – Coagulation interpretation/report (78 months of data),quarter,2018-Q4,3308,226095567.0,1.4630981243431456,1.4136599021935679,1.513823988956859
HCPCS 85390 – Coagulation interpretation/report (78 months of data),112,HCPCS 85390 – Coagulation interpretation/report (78 months of data),quarter,2019-Q1,3521,225406912.0,1.5620638997973586,1.5108896303596713,1.614529514589337
HCPCS 85390 – Coagulation interpretation/report (78 months of data),112,HCPCS 85390 – Coagulation interpretation/report (78 months of data),quarter,2019-Q2,4050,224099443.0,1.8072334075368497,1.7519983277775777,1.8637668709635316
HCPCS 85390 – Coagulation interpretation/report (78 months of data),112,HCPCS 85390 – Coagulation interpretation/report (78 months of data),quarter,2019-Q3,3508,225151016.0,1.5580653653368368,1.5069283816023646,1.6104951756209893
HCPCS 85390 – Coagulation interpretation/report (78 months of data),112,HCPCS 85390 – Coagulation interpretation/report (78 months of data),quarter,2019-Q4,3674,223888589.0,1.6409947538684073,1.588356803571438,1.6949326524209412
HCPCS 85390 – Coagulation interpretation/report (78 months of data),112,HCPCS 85390 – Coagulation interpretation/report (78 months of data),quarter,2020-Q1,3554,223452397.0,1.590495357272896,1.5386301334212857,1.643663187514829
HCPCS 85390 – Coagulation interpretation/report (78 months of data),112,HCPCS 85390 – Coagulation interpretation/report (78 months of data),quarter,2020-Q2,4970,231340007.0,2.148353008392535,2.089035811528506,2.208927306812094
HCPCS 85390 – Coagulation interpretation/report (78 months of data),112,HCPCS 85390 – Coagulation interpretation/report (78 months of data),quarter,2020-Q3,6805,240451013.0,2.8300982870053453,2.763251842743505,2.898153362167645
HCPCS 85390 – Coagulation interpretation/report (78 months of data),112,HCPCS 85390 – Coagulation interpretation/report (78 months of data),quarter,2020-Q4,8548,252197294.0,3.389409880028292,3.3179339986026957,3.46203759350221
HCPCS 85390 – Coagulation interpretation/report (78 months of data),112,HCPCS 85390 – Coagulation interpretation/report (78 months of data),quarter,2021-Q1,10475,256211709.0,4.0884158030420075,4.010492555462385,4.167472436676463
HCPCS 85390 – Coagulation interpretation/report (78 months of data),112,HCPCS 85390 – Coagulation interpretation/report (78 months of data),quarter,2021-Q2,10068,261559386.0,3.849221453670181,3.774396076445327,3.925157117514547
HCPCS 85390 – Coagulation interpretation/report (78 months of data),112,HCPCS 85390 – Coagulation interpretation/report (78 months of data),quarter,2021-Q3,9960,266799594.0,3.7331391141472277,3.660179803818544,3.807186923705276
HCPCS 85390 – Coagulation interpretation/report (78 months of data),112,HCPCS 85390 – Coagulation interpretation/report (78 months of data),quarter,2021-Q4,9513,272358419.0,3.4928239174424047,3.422983809973283,3.563730391405218
HCPCS 85390 – Coagulation interpretation/report (78 months of data),112,HCPCS 85390 – Coagulation interpretation/report (78 months of data),quarter,2022-Q1,10139,277314434.0,3.6561385766166072,3.5853146329554773,3.7280097159331884
HCPCS 85390 – Coagulation interpretation/report (78 months of data),112,HCPCS 85390 – Coagulation interpretation/report (78 months of data),quarter,2022-Q2,10242,282016994.5,3.6316960324176493,3.5616985016314513,3.7027232797945357
HCPCS 85390 – Coagulation interpretation/report (78 months of data),112,HCPCS 85390 – Coagulation interpretation/report (78 months of data),quarter,2022-Q3,9852,287178648.0,3.430617167610595,3.363205561103427,3.4990400488303397
HCPCS 85390 – Coagulation interpretation/report (78 months of data),112,HCPCS 85390 – Coagulation interpretation/report (78 months of data),quarter,2022-Q4,9806,292152539.0,3.3564657810487146,3.2903574937976834,3.423568133975679
HCPCS 85390 – Coagulation interpretation/report (78 months of data),112,HCPCS 85390 – Coagulation interpretation/report (78 months of data),quarter,2023-Q1,10934,297686543.0,3.672991022640886,3.604463790086515,3.742493665496154
HCPCS 85390 – Coagulation interpretation/report (78 months of data),112,HCPCS 85390 – Coagulation interpretation/report (78 months of data),quarter,2023-Q2,10786,298365151.0,3.615033446047457,3.5471285422962433,3.6839115630243366
HCPCS 85390 – Coagulation interpretation/report (78 months of data),112,HCPCS 85390 – Coagulation interpretation/report (78 months of data),quarter,2023-Q3,9707,289816874.0,3.349356393927567,3.2830542456812166,3.416660636449705
HCPCS 85390 – Coagulation interpretation/report (78 months of data),112,HCPCS 85390 – Coagulation interpretation/report (78 months of data),quarter,2023-Q4,9585,276383178.0,3.4680113563206807,3.39892702237326,3.538146514433706
HCPCS 85390 – Coagulation interpretation/report (78 months of data),112,HCPCS 85390 – Coagulation interpretation/report (78 months of data),quarter,2024-Q1,9579,267644460.0,3.5790017846810653,3.5076842579211704,3.6514044466794915
HCPCS 85390 – Coagulation interpretation/report (78 months of data),112,HCPCS 85390 – Coagulation interpretation/report (78 months of data),quarter,2024-Q2,9007,258952546.0,3.4782434616418096,3.406777916836722,3.5508306855037106
Aggregate Clotting,114,Aggregate Clotting,quarter,2018-Q1,13180,230550049.0,5.716763044366128,5.619576591534,5.815208586741684
Aggregate Clotting,114,Aggregate Clotting,quarter,2018-Q2,14886,228935769.0,6.502260465903866,6.398221191430497,6.607567488425457
Aggregate Clotting,114,Aggregate Clotting,quarter,2018-Q3,14546,227904788.0,6.382489866777174,6.2791851443812865,6.48706811303411
Aggregate Clotting,114,Aggregate Clotting,quarter,2018-Q4,14224,226095567.0,6.291145018336429,6.188177337231828,6.395396454419205
Aggregate Clotting,114,Aggregate Clotting,quarter,2019-Q1,17369,225406912.0,7.705619958983334,7.591445046908725,7.821082202397947
Aggregate Clotting,114,Aggregate Clotting,quarter,2019-Q2,18882,224099443.0,8.425723753360689,8.30596720471312,8.546775008627863
Aggregate Clotting,114,Aggregate Clotting,quarter,2019-Q3,20141,225151016.0,8.94555146044733,8.822430652589007,9.06996082757361
Aggregate Clotting,114,Aggregate Clotting,quarter,2019-Q4,19114,223888589.0,8.537281906761224,8.416675816806467,8.659183903314517
Aggregate Clotting,114,Aggregate Clotting,quarter,2020-Q1,14402,149176444.0,9.65433926015826,9.497301444252667,9.813322733302565
Aggregate Clotting,114,Aggregate Clotting,quarter,2020-Q2,6564,78055480.0,8.409403157856437,8.207182751002115,8.615347045253765
Aggregate Clotting,114,Aggregate Clotting,quarter,2020-Q3,21915,240451013.0,9.114122551024561,8.993848911073526,9.23560264023042
Aggregate Clotting,114,Aggregate Clotting,quarter,2020-Q4,24585,252197294.0,9.748320297203506,9.626841453764333,9.87094925224621
Aggregate Clotting,114,Aggregate Clotting,quarter,2021-Q1,29063,256211709.0,11.34335355454032,11.213311087711737,11.474527917169137
Aggregate Clotting,114,Aggregate Clotting,quarter,2021-Q2,33628,261559386.0,12.856736098929366,12.719685422551613,12.994895374720324
Aggregate Clotting,114,Aggregate Clotting,quarter,2021-Q3,32009,266799594.0,11.997394568748856,11.86631858023376,12.12955743264104
Aggregate Clotting,114,Aggregate Clotting,quarter,2021-Q4,29224,272358419.0,10.72997857283053,10.607306306341375,10.853715625109771
Aggregate Clotting,114,Aggregate Clotting,quarter,2022-Q1,32030,277314434.0,11.550065944277534,11.423918448452572,11.677259104137516
Aggregate Clotting,114,Aggregate Clotting,quarter,2022-Q2,34910,282016994.5,12.378686632659651,12.249171079277478,12.50923033221144
Aggregate Clotting,114,Aggregate Clotting,quarter,2022-Q3,33799,287178648.0,11.769329034517915,11.64418686948854,11.895480895889127
Aggregate Clotting,114,Aggregate Clotting,quarter,2022-Q4,30126,292152539.0,10.311736500089085,10.195619169052582,10.428846445265906
Aggregate Clotting,114,Aggregate Clotting,quarter,2023-Q1,40336,297686543.0,13.549823110411813,13.417909953606673,13.682710171483537
Aggregate Clotting,114,Aggregate Clotting,quarter,2023-Q2,39719,298365151.0,13.312211518965228,13.181611319790232,13.443783419973942
Aggregate Clotting,114,Aggregate Clotting,quarter,2023-Q3,36785,289816874.0,12.692497676998615,12.563118875081292,12.822876907795758
Aggregate Clotting,114,Aggregate Clotting,quarter,2023-Q4,33581,276383178.0,12.150160600584742,12.020551536419735,12.280818805863216
Aggregate Clotting,114,Aggregate Clotting,quarter,2024-Q1,37565,267644460.0,14.035411007573256,13.89383282877316,14.178072473678471
Aggregate Clotting,114,Aggregate Clotting,quarter,2024-Q2,39555,258952546.0,15.274999458781148,15.124833635443414,15.42628488100177
HCPCS 85576 – Platelet function assay (PFA-100/200) (78 months of data),118,HCPCS 85576 – Platelet function assay (PFA-100/200) (78 months of data),quarter,2018-Q1,2135,230550049.0,0.9260462139394298,0.887177702765358,0.9661792875984665
HCPCS 85576 – Platelet function assay (PFA-100/200) (78 months of data),118,HCPCS 85576 – Platelet function assay (PFA-100/200) (78 months of data),quarter,2018-Q2,2108,228935769.0,0.9207822828244895,0.881890638687132,0.9609474649446019
HCPCS 85576 – Platelet function assay (PFA-100/200) (78 months of data),118,HCPCS 85576 – Platelet function assay (PFA-100/200) (78 months of data),quarter,2018-Q3,1998,227904788.0,0.8766818887543513,0.8386583561395091,0.9159849732342404
HCPCS 85576 – Platelet function assay (PFA-100/200) (78 months of data),118,HCPCS 85576 – Platelet function assay (PFA-100/200) (78 months of data),quarter,2018-Q4,1790,226095567.0,0.7917006174650032,0.7554452649371132,0.8292463051217683
HCPCS 85576 – Platelet function assay (PFA-100/200) (78 months of data),118,HCPCS 85576 – Platelet function assay (PFA-100/200) (78 months of data),quarter,2019-Q1,2801,225406912.0,1.242641574363079,1.19704417657138,1.289531200849931
HCPCS 85576 – Platelet function assay (PFA-100/200) (78 months of data),118,HCPCS 85576 – Platelet function assay (PFA-100/200) (78 months of data),quarter,2019-Q2,2736,224099443.0,1.2208865686471162,1.1755633841847777,1.2675096181276646
HCPCS 85576 – Platelet function assay (PFA-100/200) (78 months of data),118,HCPCS 85576 – Platelet function assay (PFA-100/200) (78 months of data),quarter,2019-Q3,2466,225151016.0,1.0952648776854732,1.0524585230785872,1.1393654674677354
HCPCS 85576 – Platelet function assay (PFA-100/200) (78 months of data),118,HCPCS 85576 – Platelet function assay (PFA-100/200) (78 months of data),quarter,2019-Q4,1821,223888589.0,0.8133509653768017,0.7764188712709045,0.8515860262321587
HCPCS 85576 – Platelet function assay (PFA-100/200) (78 months of data),118,HCPCS 85576 – Platelet function assay (PFA-100/200) (78 months of data),quarter,2020-Q1,2143,223452397.0,0.959040954033713,0.9188619751800519,1.0005246448039082
HCPCS 85576 – Platelet function assay (PFA-100/200) (78 months of data),118,HCPCS 85576 – Platelet function assay (PFA-100/200) (78 months of data),quarter,2020-Q2,1919,231340007.0,0.8295149744678619,0.7928123264364784,0.8674783658575903
HCPCS 85576 – Platelet function assay (PFA-100/200) (78 months of data),118,HCPCS 85576 – Platelet function assay (PFA-100/200) (78 months of data),quarter,2020-Q3,3436,240451013.0,1.4289812952461964,1.3815962034380262,1.4775770218919884
HCPCS 85576 – Platelet function assay (PFA-100/200) (78 months of data),118,HCPCS 85576 – Platelet function assay (PFA-100/200) (78 months of data),quarter,2020-Q4,3339,252197294.0,1.3239634522010375,1.2794329946107352,1.369648253518883
HCPCS 85576 – Platelet function assay (PFA-100/200) (78 months of data),118,HCPCS 85576 – Platelet function assay (PFA-100/200) (78 months of data),quarter,2021-Q1,3238,256211709.0,1.263798603365157,1.2206395634605045,1.308094002264805
HCPCS 85576 – Platelet function assay (PFA-100/200) (78 months of data),118,HCPCS 85576 – Platelet function assay (PFA-100/200) (78 months of data),quarter,2021-Q2,3974,261559386.0,1.5193490322691,1.4724741633265224,1.5673363890867635
HCPCS 85576 – Platelet function assay (PFA-100/200) (78 months of data),118,HCPCS 85576 – Platelet function assay (PFA-100/200) (78 months of data),quarter,2021-Q3,3137,266799594.0,1.1757888956907483,1.1349997481155798,1.2176694086633426
HCPCS 85576 – Platelet function assay (PFA-100/200) (78 months of data),118,HCPCS 85576 – Platelet function assay (PFA-100/200) (78 months of data),quarter,2021-Q4,3277,272358419.0,1.2031939427582006,1.1623477028899671,1.245109135274059
HCPCS 85576 – Platelet function assay (PFA-100/200) (78 months of data),118,HCPCS 85576 – Platelet function assay (PFA-100/200) (78 months of data),quarter,2022-Q1,3596,277314434.0,1.2967229826919142,1.2546831632586095,1.3398123722258775
HCPCS 85576 – Platelet function assay (PFA-100/200) (78 months of data),118,HCPCS 85576 – Platelet function assay (PFA-100/200) (78 months of data),quarter,2022-Q2,3898,282016994.5,1.382186207221636,1.339132619750267,1.4262716355537561
HCPCS 85576 – Platelet function assay (PFA-100/200) (78 months of data),118,HCPCS 85576 – Platelet function assay (PFA-100/200) (78 months of data),quarter,2022-Q3,2951,287178648.0,1.0275833598882325,0.9908393193312972,1.0653415073890922
HCPCS 85576 – Platelet function assay (PFA-100/200) (78 months of data),118,HCPCS 85576 – Platelet function assay (PFA-100/200) (78 months of data),quarter,2022-Q4,3299,292152539.0,1.1292046310095563,1.0909971340988474,1.168408636679078
HCPCS 85576 – Platelet function assay (PFA-100/200) (78 months of data),118,HCPCS 85576 – Platelet function assay (PFA-100/200) (78 months of data),quarter,2023-Q1,4476,297686543.0,1.5035950079879827,1.4598652531593372,1.548301939250083
HCPCS 85576 – Platelet function assay (PFA-100/200) (78 months of data),118,HCPCS 85576 – Platelet function assay (PFA-100/200) (78 months of data),quarter,2023-Q2,4827,298365151.0,1.617816284449386,1.572495291554416,1.6641120501647446
HCPCS 85576 – Platelet function assay (PFA-100/200) (78 months of data),118,HCPCS 85576 – Platelet function assay (PFA-100/200) (78 months of data),quarter,2023-Q3,4108,289816874.0,1.4174467978010143,1.3744294653997997,1.4614680613814965
HCPCS 85576 – Platelet function assay (PFA-100/200) (78 months of data),118,HCPCS 85576 – Platelet function assay (PFA-100/200) (78 months of data),quarter,2023-Q4,4076,276383178.0,1.4747641406742924,1.4298333141309763,1.52074771638135
HCPCS 85576 – Platelet function assay (PFA-100/200) (78 months of data),118,HCPCS 85576 – Platelet function assay (PFA-100/200) (78 months of data),quarter,2024-Q1,3301,267644460.0,1.2333526350592126,1.1916337473223129,1.2761592794776884
HCPCS 85576 – Platelet function assay (PFA-100/200) (78 months of data),118,HCPCS 85576 – Platelet function assay (PFA-100/200) (78 months of data),quarter,2024-Q2,3134,258952546.0,1.2102603540341326,1.1682554472910867,1.253389701074791
HCPCS 85597 – Platelet aggregation studies (78 months of data),120,HCPCS 85597 – Platelet aggregation studies (78 months of data),quarter,2018-Q1,1153,230550049.0,0.500108330057219,0.4716545980670076,0.5298299187202912
HCPCS 85597 – Platelet aggregation studies (78 months of data),120,HCPCS 85597 – Platelet aggregation studies (78 months of data),quarter,2018-Q2,1043,228935769.0,0.4555863002779614,0.4283534975918856,0.4840965419696696
HCPCS 85597 – Platelet aggregation studies (78 months of data),120,HCPCS 85597 – Platelet aggregation studies (78 months of data),quarter,2018-Q3,1191,227904788.0,0.5225866514046208,0.4933253177947185,0.5531303556150665
HCPCS 85597 – Platelet aggregation studies (78 months of data),120,HCPCS 85597 – Platelet aggregation studies (78 months of data),quarter,2018-Q4,1115,226095567.0,0.4931542952365802,0.4646291347169543,0.5229725052651812
HCPCS 85597 – Platelet aggregation studies (78 months of data),120,HCPCS 85597 – Platelet aggregation studies (78 months of data),quarter,2019-Q1,1315,225406912.0,0.5833893860362188,0.5522802283092331,0.6157945214709657
HCPCS 85597 – Platelet aggregation studies (78 months of data),120,HCPCS 85597 – Platelet aggregation studies (78 months of data),quarter,2019-Q2,1376,224099443.0,0.6140131280915322,0.5819951571732943,0.6473343696910189
HCPCS 85597 – Platelet aggregation studies (78 months of data),120,HCPCS 85597 – Platelet aggregation studies (78 months of data),quarter,2019-Q3,1258,225151016.0,0.5587360973756388,0.5282833652310226,0.5904865468997379
HCPCS 85597 – Platelet aggregation studies (78 months of data),120,HCPCS 85597 – Platelet aggregation studies (78 months of data),quarter,2019-Q4,1128,223888589.0,0.5038220147968328,0.47484574003424057,0.5341040101889706
HCPCS 85597 – Platelet aggregation studies (78 months of data),120,HCPCS 85597 – Platelet aggregation studies (78 months of data),quarter,2020-Q1,1263,223452397.0,0.565221056903677,0.5344750644035271,0.5972746073483994
HCPCS 85597 – Platelet aggregation studies (78 months of data),120,HCPCS 85597 – Platelet aggregation studies (78 months of data),quarter,2020-Q2,951,231340007.0,0.4110832416461369,0.3853681575991421,0.4380631027606829
HCPCS 85597 – Platelet aggregation studies (78 months of data),120,HCPCS 85597 – Platelet aggregation studies (78 months of data),quarter,2020-Q3,1646,240451013.0,0.6845469185026889,0.6518724030885399,0.7184351429005359
HCPCS 85597 – Platelet aggregation studies (78 months of data),120,HCPCS 85597 – Platelet aggregation studies (78 months of data),quarter,2020-Q4,1535,252197294.0,0.608650463949863,0.5785795303240554,0.6398789149150333
HCPCS 85597 – Platelet aggregation studies (78 months of data),120,HCPCS 85597 – Platelet aggregation studies (78 months of data),quarter,2021-Q1,2176,256211709.0,0.849297640803762,0.8139843296646737,0.8857487804708796
HCPCS 85597 – Platelet aggregation studies (78 months of data),120,HCPCS 85597 – Platelet aggregation studies (78 months of data),quarter,2021-Q2,2363,261559386.0,0.9034277209994673,0.8673653344633635,0.9406043503492888
HCPCS 85597 – Platelet aggregation studies (78 months of data),120,HCPCS 85597 – Platelet aggregation studies (78 months of data),quarter,2021-Q3,2075,266799594.0,0.777737315447339,0.7446301759780685,0.811937317135949
HCPCS 85597 – Platelet aggregation studies (78 months of data),120,HCPCS 85597 – Platelet aggregation studies (78 months of data),quarter,2021-Q4,1992,272358419.0,0.7313891772884759,0.6996200831097277,0.7642289902487609
HCPCS 85597 – Platelet aggregation studies (78 months of data),120,HCPCS 85597 – Platelet aggregation studies (78 months of data),quarter,2022-Q1,1955,277314434.0,0.7049759263522504,0.674068934588986,0.7369345756733151
HCPCS 85597 – Platelet aggregation studies (78 months of data),120,HCPCS 85597 – Platelet aggregation studies (78 months of data),quarter,2022-Q2,1851,282016994.5,0.656343424722229,0.6267803457099222,0.6869408414971723
HCPCS 85597 – Platelet aggregation studies (78 months of data),120,HCPCS 85597 – Platelet aggregation studies (78 months of data),quarter,2022-Q3,1843,287178648.0,0.6417608038881777,0.6127926065780251,0.671744765198298
HCPCS 85597 – Platelet aggregation studies (78 months of data),120,HCPCS 85597 – Platelet aggregation studies (78 months of data),quarter,2022-Q4,1734,292152539.0,0.5935255623433072,0.5659152406955694,0.622134594811518
HCPCS 85597 – Platelet aggregation studies (78 months of data),120,HCPCS 85597 – Platelet aggregation studies (78 months of data),quarter,2023-Q1,2510,297686543.0,0.8431687824061297,0.8105023940871747,0.8768139892114194
HCPCS 85597 – Platelet aggregation studies (78 months of data),120,HCPCS 85597 – Platelet aggregation studies (78 months of data),quarter,2023-Q2,2662,298365151.0,0.8921953489132516,0.8586213724635287,0.9267457287559593
HCPCS 85597 – Platelet aggregation studies (78 months of data),120,HCPCS 85597 – Platelet aggregation studies (78 months of data),quarter,2023-Q3,2101,289816874.0,0.724940536071064,0.6942703605953188,0.7566167327760212
HCPCS 85597 – Platelet aggregation studies (78 months of data),120,HCPCS 85597 – Platelet aggregation studies (78 months of data),quarter,2023-Q4,2205,276383178.0,0.7978054293883254,0.7648497033484073,0.8318158911707733
HCPCS 85597 – Platelet aggregation studies (78 months of data),120,HCPCS 85597 – Platelet aggregation studies (78 months of data),quarter,2024-Q1,2489,267644460.0,0.9299650738147167,0.8937858107047614,0.9672330546902131
HCPCS 85597 – Platelet aggregation studies (78 months of data),120,HCPCS 85597 – Platelet aggregation studies (78 months of data),quarter,2024-Q2,2280,258952546.0,0.8804702001269374,0.8446967447625312,0.9173692548324389
HCPCS 85300 – Antithrombin III (78 months of data),123,HCPCS 85300 – Antithrombin III (78 months of data),quarter,2018-Q1,1960,230550049.0,0.8501407865673453,0.8129166337726763,0.8886299011840461
HCPCS 85300 – Antithrombin III (78 months of data),123,HCPCS 85300 – Antithrombin III (78 months of data),quarter,2018-Q2,1909,228935769.0,0.8338583386679083,0.7968680950359228,0.8721225911259936
HCPCS 85300 – Antithrombin III (78 months of data),123,HCPCS 85300 – Antithrombin III (78 months of data),quarter,2018-Q3,1937,227904788.0,0.8499163255841733,0.8124841764294535,0.8886281759244641
HCPCS 85300 – Antithrombin III (78 months of data),123,HCPCS 85300 – Antithrombin III (78 months of data),quarter,2018-Q4,1953,226095567.0,0.8637940256475705,0.8259050880342423,0.902972864480224
HCPCS 85300 – Antithrombin III (78 months of data),123,HCPCS 85300 – Antithrombin III (78 months of data),quarter,2019-Q1,2297,225406912.0,1.0190459465590833,0.9777940893254062,1.0615908841584916
HCPCS 85300 – Antithrombin III (78 months of data),123,HCPCS 85300 – Antithrombin III (78 months of data),quarter,2019-Q2,2180,224099443.0,0.9727824267729215,0.9323714225031927,1.0144942958350165
HCPCS 85300 – Antithrombin III (78 months of data),123,HCPCS 85300 – Antithrombin III (78 months of data),quarter,2019-Q3,2334,225151016.0,1.0366375606317495,0.995004128159498,1.0795654712850355
HCPCS 85300 – Antithrombin III (78 months of data),123,HCPCS 85300 – Antithrombin III (78 months of data),quarter,2019-Q4,2304,223888589.0,1.0290832642658712,0.9874877697978067,1.0719805944534837
HCPCS 85300 – Antithrombin III (78 months of data),123,HCPCS 85300 – Antithrombin III (78 months of data),quarter,2020-Q1,2713,223452397.0,1.2141288419474865,1.1688676718456301,1.2606936763272565
HCPCS 85300 – Antithrombin III (78 months of data),123,HCPCS 85300 – Antithrombin III (78 months of data),quarter,2020-Q2,1861,231340007.0,0.8044436516335024,0.7683061969131053,0.8418419982505395
HCPCS 85300 – Antithrombin III (78 months of data),123,HCPCS 85300 – Antithrombin III (78 months of data),quarter,2020-Q3,3018,240451013.0,1.255141312297154,1.2107568199091363,1.3007369030557732
HCPCS 85300 – Antithrombin III (78 months of data),123,HCPCS 85300 – Antithrombin III (78 months of data),quarter,2020-Q4,3006,252197294.0,1.191923970445139,1.1496916853791956,1.2353109600833634
HCPCS 85300 – Antithrombin III (78 months of data),123,HCPCS 85300 – Antithrombin III (78 months of data),quarter,2021-Q1,3655,256211709.0,1.426554631037569,1.3806774255374317,1.4735678024108159
HCPCS 85300 – Antithrombin III (78 months of data),123,HCPCS 85300 – Antithrombin III (78 months of data),quarter,2021-Q2,3662,261559386.0,1.4000644580194879,1.3550818671781169,1.4461597835995899
HCPCS 85300 – Antithrombin III (78 months of data),123,HCPCS 85300 – Antithrombin III (78 months of data),quarter,2021-Q3,3546,266799594.0,1.3290874797957901,1.2856981703436738,1.3735677667874895
HCPCS 85300 – Antithrombin III (78 months of data),123,HCPCS 85300 – Antithrombin III (78 months of data),quarter,2021-Q4,3628,272358419.0,1.3320682405635496,1.2890718501194796,1.3761332733899052
HCPCS 85300 – Antithrombin III (78 months of data),123,HCPCS 85300 – Antithrombin III (78 months of data),quarter,2022-Q1,3837,277314434.0,1.3836279434340586,1.340190910385919,1.428114359396403
HCPCS 85300 – Antithrombin III (78 months of data),123,HCPCS 85300 – Antithrombin III (78 months of data),quarter,2022-Q2,3842,282016994.5,1.362329247856728,1.3195884756381002,1.4061019011660092
HCPCS 85300 – Antithrombin III (78 months of data),123,HCPCS 85300 – Antithrombin III (78 months of data),quarter,2022-Q3,3766,287178648.0,1.3113788320362871,1.2698267765597933,1.3539442769331191
HCPCS 85300 – Antithrombin III (78 months of data),123,HCPCS 85300 – Antithrombin III (78 months of data),quarter,2022-Q4,3437,292152539.0,1.1764402293967398,1.1374350401433613,1.2164418095493226
HCPCS 85300 – Antithrombin III (78 months of data),123,HCPCS 85300 – Antithrombin III (78 months of data),quarter,2023-Q1,4123,297686543.0,1.385013900342818,1.3430568033924013,1.427948379144935
HCPCS 85300 – Antithrombin III (78 months of data),123,HCPCS 85300 – Antithrombin III (78 months of data),quarter,2023-Q2,3737,298365151.0,1.252492118290316,1.2126534763375805,1.2933061756291242
HCPCS 85300 – Antithrombin III (78 months of data),123,HCPCS 85300 – Antithrombin III (78 months of data),quarter,2023-Q3,3307,289816874.0,1.1410653749581192,1.1025028900512444,1.1806323925042315
HCPCS 85300 – Antithrombin III (78 months of data),123,HCPCS 85300 – Antithrombin III (78 months of data),quarter,2023-Q4,3183,276383178.0,1.1516619871850522,1.1119970442409404,1.192380406765019
HCPCS 85300 – Antithrombin III (78 months of data),123,HCPCS 85300 – Antithrombin III (78 months of data),quarter,2024-Q1,3442,267644460.0,1.2860344652753133,1.243426371800632,1.3297301841856832
HCPCS 85300 – Antithrombin III (78 months of data),123,HCPCS 85300 – Antithrombin III (78 months of data),quarter,2024-Q2,3262,258952546.0,1.259690260006171,1.2168287057804041,1.303676121250344
HCPCS 85303 – Protein C / S (78 months of data),125,HCPCS 85303 – Protein C / S (78 months of data),quarter,2018-Q1,2123,230550049.0,0.9208412703482011,0.8820833105896778,0.9608638183916498
HCPCS 85303 – Protein C / S (78 months of data),125,HCPCS 85303 – Protein C / S (78 months of data),quarter,2018-Q2,2190,228935769.0,0.9566001894618748,0.9169512988218383,0.9975224429703837
HCPCS 85303 – Protein C / S (78 months of data),125,HCPCS 85303 – Protein C / S (78 months of data),quarter,2018-Q3,2214,227904788.0,0.971458309160227,0.9314101267259409,1.0127855651890827
HCPCS 85303 – Protein C / S (78 months of data),125,HCPCS 85303 – Protein C / S (78 months of data),quarter,2018-Q4,2159,226095567.0,0.9549059402832077,0.9150471383532716,0.9960541668541272
HCPCS 85303 – Protein C / S (78 months of data),125,HCPCS 85303 – Protein C / S (78 months of data),quarter,2019-Q1,2422,225406912.0,1.0745012113914234,1.0321304191149354,1.1181648482527753
HCPCS 85303 – Protein C / S (78 months of data),125,HCPCS 85303 – Protein C / S (78 months of data),quarter,2019-Q2,2436,224099443.0,1.0870174273480904,1.044275205532552,1.1310600112030662
HCPCS 85303 – Protein C / S (78 months of data),125,HCPCS 85303 – Protein C / S (78 months of data),quarter,2019-Q3,2614,225151016.0,1.1609985362002542,1.1169138312225246,1.2063772260482828
HCPCS 85303 – Protein C / S (78 months of data),125,HCPCS 85303 – Protein C / S (78 months of data),quarter,2019-Q4,2551,223888589.0,1.1394059926832627,1.0956153715905783,1.1844979994352098
HCPCS 85303 – Protein C / S (78 months of data),125,HCPCS 85303 – Protein C / S (78 months of data),quarter,2020-Q1,2764,223452397.0,1.2369524950766135,1.1912638946909442,1.2839446821267002
HCPCS 85303 – Protein C / S (78 months of data),125,HCPCS 85303 – Protein C / S (78 months of data),quarter,2020-Q2,2090,231340007.0,0.9034321504105428,0.865111131893774,0.9430135108590312
HCPCS 85303 – Protein C / S (78 months of data),125,HCPCS 85303 – Protein C / S (78 months of data),quarter,2020-Q3,3292,240451013.0,1.3690938370053778,1.3227207021253784,1.4166777564205417
HCPCS 85303 – Protein C / S (78 months of data),125,HCPCS 85303 – Protein C / S (78 months of data),quarter,2020-Q4,3129,252197294.0,1.2406953105531735,1.1975999981215764,1.284945187588477
HCPCS 85303 – Protein C / S (78 months of data),125,HCPCS 85303 – Protein C / S (78 months of data),quarter,2021-Q1,3914,256211709.0,1.5276429072177962,1.480155099966856,1.576266468422558
HCPCS 85303 – Protein C / S (78 months of data),125,HCPCS 85303 – Protein C / S (78 months of data),quarter,2021-Q2,3880,261559386.0,1.4834107310528708,1.437097896053861,1.5308361251644333
HCPCS 85303 – Protein C / S (78 months of data),125,HCPCS 85303 – Protein C / S (78 months of data),quarter,2021-Q3,3653,266799594.0,1.3691924883513877,1.3251480631219663,1.4143278005455449
HCPCS 85303 – Protein C / S (78 months of data),125,HCPCS 85303 – Protein C / S (78 months of data),quarter,2021-Q4,3443,272358419.0,1.2641430408655736,1.2222662723700533,1.3070886093713046
HCPCS 85303 – Protein C / S (78 months of data),125,HCPCS 85303 – Protein C / S (78 months of data),quarter,2022-Q1,3785,277314434.0,1.3648766655975793,1.3217373072223983,1.409065445760826
HCPCS 85303 – Protein C / S (78 months of data),125,HCPCS 85303 – Protein C / S (78 months of data),quarter,2022-Q2,3966,282016994.5,1.4062982293075958,1.3628678004438737,1.4507604513298686
HCPCS 85303 – Protein C / S (78 months of data),125,HCPCS 85303 – Protein C / S (78 months of data),quarter,2022-Q3,3872,287178648.0,1.3482896541806966,1.3061522464570312,1.3914403750367101
HCPCS 85303 – Protein C / S (78 months of data),125,HCPCS 85303 – Protein C / S (78 months of data),quarter,2022-Q4,3534,292152539.0,1.2096420630457023,1.1700857249273384,1.2501947133777904
HCPCS 85303 – Protein C / S (78 months of data),125,HCPCS 85303 – Protein C / S (78 months of data),quarter,2023-Q1,4272,297686543.0,1.435066549178879,1.3923523127726365,1.4787580776326201
HCPCS 85303 – Protein C / S (78 months of data),125,HCPCS 85303 – Protein C / S (78 months of data),quarter,2023-Q2,3941,298365151.0,1.3208647145255914,1.2799445408962773,1.3627601632834283
HCPCS 85303 – Protein C / S (78 months of data),125,HCPCS 85303 – Protein C / S (78 months of data),quarter,2023-Q3,3499,289816874.0,1.2073141055272028,1.1676385596745762,1.2479940212201175
HCPCS 85303 – Protein C / S (78 months of data),125,HCPCS 85303 – Protein C / S (78 months of data),quarter,2023-Q4,3148,276383178.0,1.138998408940793,1.0995540463861158,1.1794962827947513
HCPCS 85303 – Protein C / S (78 months of data),125,HCPCS 85303 – Protein C / S (78 months of data),quarter,2024-Q1,3514,267644460.0,1.312935825385663,1.2698806941923146,1.3570785180582603
HCPCS 85303 – Protein C / S (78 months of data),125,HCPCS 85303 – Protein C / S (78 months of data),quarter,2024-Q2,3286,258952546.0,1.2689583673759284,1.2259380747428779,1.3131029429069476
HCPCS 85305 – Protein C / S (78 months of data),127,HCPCS 85305 – Protein C / S (78 months of data),quarter,2018-Q1,1007,230550049.0,0.4367815163639371,0.4102174144407417,0.46461434390116957
HCPCS 85305 – Protein C / S (78 months of data),127,HCPCS 85305 – Protein C / S (78 months of data),quarter,2018-Q2,1049,228935769.0,0.4582071227148432,0.43089490077338566,0.4867967460453942
HCPCS 85305 – Protein C / S (78 months of data),127,HCPCS 85305 – Protein C / S (78 months of data),quarter,2018-Q3,1007,227904788.0,0.4418511821699858,0.4149787541978553,0.470007061688048
HCPCS 85305 – Protein C / S (78 months of data),127,HCPCS 85305 – Protein C / S (78 months of data),quarter,2018-Q4,937,226095567.0,0.4144265243378257,0.38831248115566763,0.4418347855610976
HCPCS 85305 – Protein C / S (78 months of data),127,HCPCS 85305 – Protein C / S (78 months of data),quarter,2019-Q1,1066,225406912.0,0.47292249849019713,0.44495539079445945,0.5021868994301975
HCPCS 85305 – Protein C / S (78 months of data),127,HCPCS 85305 – Protein C / S (78 months of data),quarter,2019-Q2,1046,224099443.0,0.4667570726626036,0.4388959587974223,0.49592317489398485
HCPCS 85305 – Protein C / S (78 months of data),127,HCPCS 85305 – Protein C / S (78 months of data),quarter,2019-Q3,1111,225151016.0,0.4934465852021738,0.4648539465966179,0.523337721141902
HCPCS 85305 – Protein C / S (78 months of data),127,HCPCS 85305 – Protein C / S (78 months of data),quarter,2019-Q4,1408,223888589.0,0.6288842170513657,0.5964606436527456,0.6626121547184362
HCPCS 85305 – Protein C / S (78 months of data),127,HCPCS 85305 – Protein C / S (78 months of data),quarter,2020-Q1,1430,223452397.0,0.6399573328363087,0.6072143169014161,0.6740071696765353
HCPCS 85305 – Protein C / S (78 months of data),127,HCPCS 85305 – Protein C / S (78 months of data),quarter,2020-Q2,957,231340007.0,0.41367682676693274,0.38787944575097577,0.4407389421315315
HCPCS 85305 – Protein C / S (78 months of data),127,HCPCS 85305 – Protein C / S (78 months of data),quarter,2020-Q3,1645,240451013.0,0.6841310333760166,0.6514665656290467,0.71800921313778
HCPCS 85305 – Protein C / S (78 months of data),127,HCPCS 85305 – Protein C / S (78 months of data),quarter,2020-Q4,1658,252197294.0,0.6574218040578976,0.6261543990187847,0.6898463541852721
HCPCS 85305 – Protein C / S (78 months of data),127,HCPCS 85305 – Protein C / S (78 months of data),quarter,2021-Q1,1953,256211709.0,0.7622602447103618,0.7288249233265406,0.7968338472004431
HCPCS 85305 – Protein C / S (78 months of data),127,HCPCS 85305 – Protein C / S (78 months of data),quarter,2021-Q2,1907,261559386.0,0.7290887278654187,0.6967293361079975,0.7625632291313972
HCPCS 85305 – Protein C / S (78 months of data),127,HCPCS 85305 – Protein C / S (78 months of data),quarter,2021-Q3,1705,266799594.0,0.6390564447410666,0.6090793146950564,0.6701272634546575
HCPCS 85305 – Protein C / S (78 months of data),127,HCPCS 85305 – Protein C / S (78 months of data),quarter,2021-Q4,1608,272358419.0,0.5903984925099744,0.5618908688810995,0.6199777397961458
HCPCS 85305 – Protein C / S (78 months of data),127,HCPCS 85305 – Protein C / S (78 months of data),quarter,2022-Q1,1717,277314434.0,0.619152770100672,0.5902097492930926,0.649147980794025
HCPCS 85305 – Protein C / S (78 months of data),127,HCPCS 85305 – Protein C / S (78 months of data),quarter,2022-Q2,1783,282016994.5,0.6322314026362691,0.6032227116636395,0.6622745829111005
HCPCS 85305 – Protein C / S (78 months of data),127,HCPCS 85305 – Protein C / S (78 months of data),quarter,2022-Q3,1767,287178648.0,0.6152964408412426,0.5869387435981979,0.6446700700749997
HCPCS 85305 – Protein C / S (78 months of data),127,HCPCS 85305 – Protein C / S (78 months of data),quarter,2022-Q4,1599,292152539.0,0.5473168247906276,0.5208160638956788,0.5748166272968424
HCPCS 85305 – Protein C / S (78 months of data),127,HCPCS 85305 – Protein C / S (78 months of data),quarter,2023-Q1,2034,297686543.0,0.6832690451848876,0.6538947827337755,0.7136228501794009
HCPCS 85305 – Protein C / S (78 months of data),127,HCPCS 85305 – Protein C / S (78 months of data),quarter,2023-Q2,1714,298365151.0,0.5744638722905009,0.5475866752742143,0.6023190303589102
HCPCS 85305 – Protein C / S (78 months of data),127,HCPCS 85305 – Protein C / S (78 months of data),quarter,2023-Q3,1579,289816874.0,0.5448267998363684,0.5182821298733878,0.5723786157896348
HCPCS 85305 – Protein C / S (78 months of data),127,HCPCS 85305 – Protein C / S (78 months of data),quarter,2023-Q4,1342,276383178.0,0.48555777153702173,0.4599237263911108,0.512248665475299
HCPCS 85305 – Protein C / S (78 months of data),127,HCPCS 85305 – Protein C / S (78 months of data),quarter,2024-Q1,1557,267644460.0,0.5817419123863053,0.5532016477048659,0.6113728222375787
HCPCS 85305 – Protein C / S (78 months of data),127,HCPCS 85305 – Protein C / S (78 months of data),quarter,2024-Q2,1459,258952546.0,0.5634236938531587,0.5348806806569689,0.5930942749451429
HCPCS 85306 – Protein C / S (78 months of data),129,HCPCS 85306 – Protein C / S (78 months of data),quarter,2018-Q1,2477,230550049.0,1.0743871062894461,1.0324891383732198,1.1175489819974864
HCPCS 85306 – Protein C / S (78 months of data),129,HCPCS 85306 – Protein C / S (78 months of data),quarter,2018-Q2,2522,228935769.0,1.101619030969337,1.0590403210578074,1.1454704841497771
HCPCS 85306 – Protein C / S (78 months of data),129,HCPCS 85306 – Protein C / S (78 months of data),quarter,2018-Q3,2574,227904788.0,1.1294190098366867,1.0862047004807864,1.1739117335812916
HCPCS 85306 – Protein C / S (78 months of data),129,HCPCS 85306 – Protein C / S (78 months of data),quarter,2018-Q4,2528,226095567.0,1.1181112631014123,1.0749459253170028,1.1625653221067689
HCPCS 85306 – Protein C / S (78 months of data),129,HCPCS 85306 – Protein C / S (78 months of data),quarter,2019-Q1,2913,225406912.0,1.2923294916528558,1.2458210322085044,1.3401300211792961
HCPCS 85306 – Protein C / S (78 months of data),129,HCPCS 85306 – Protein C / S (78 months of data),quarter,2019-Q2,2861,224099443.0,1.2766653775217103,1.2303088008812886,1.3243216355093228
HCPCS 85306 – Protein C / S (78 months of data),129,HCPCS 85306 – Protein C / S (78 months of data),quarter,2019-Q3,3011,225151016.0,1.3373246337027411,1.2899795149284377,1.3859631594389783
HCPCS 85306 – Protein C / S (78 months of data),129,HCPCS 85306 – Protein C / S (78 months of data),quarter,2019-Q4,3077,223888589.0,1.3743442726328494,1.3262085594670106,1.4237806002498614
HCPCS 85306 – Protein C / S (78 months of data),129,HCPCS 85306 – Protein C / S (78 months of data),quarter,2020-Q1,3244,223452397.0,1.4517633480566332,1.4022307401205305,1.5025989041762708
HCPCS 85306 – Protein C / S (78 months of data),129,HCPCS 85306 – Protein C / S (78 months of data),quarter,2020-Q2,2377,231340007.0,1.0274919720219426,0.986597018878637,1.069646693242334
HCPCS 85306 – Protein C / S (78 months of data),129,HCPCS 85306 – Protein C / S (78 months of data),quarter,2020-Q3,3814,240451013.0,1.586185873128345,1.5362410912372702,1.6373409380052186
HCPCS 85306 – Protein C / S (78 months of data),129,HCPCS 85306 – Protein C / S (78 months of data),quarter,2020-Q4,3786,252197294.0,1.5012056394229194,1.4537635777731404,1.5498016373230323
HCPCS 85306 – Protein C / S (78 months of data),129,HCPCS 85306 – Protein C / S (78 months of data),quarter,2021-Q1,4578,256211709.0,1.7868035843748267,1.7354151111397071,1.8393273528512488
HCPCS 85306 – Protein C / S (78 months of data),129,HCPCS 85306 – Protein C / S (78 months of data),quarter,2021-Q2,4387,261559386.0,1.6772481642084907,1.6279792888184736,1.7276292420663462
HCPCS 85306 – Protein C / S (78 months of data),129,HCPCS 85306 – Protein C / S (78 months of data),quarter,2021-Q3,4228,266799594.0,1.5847100576922166,1.5372987788084944,1.6332117971505424
HCPCS 85306 – Protein C / S (78 months of data),129,HCPCS 85306 – Protein C / S (78 months of data),quarter,2021-Q4,4024,272358419.0,1.4774648842413791,1.432164107026877,1.523834003687426
HCPCS 85306 – Protein C / S (78 months of data),129,HCPCS 85306 – Protein C / S (78 months of data),quarter,2022-Q1,4554,277314434.0,1.6421792166793598,1.5948267543943857,1.6905805956226785
HCPCS 85306 – Protein C / S (78 months of data),129,HCPCS 85306 – Protein C / S (78 months of data),quarter,2022-Q2,4735,282016994.5,1.6789768320149943,1.6314910045810593,1.7274939867318175
HCPCS 85306 – Protein C / S (78 months of data),129,HCPCS 85306 – Protein C / S (78 months of data),quarter,2022-Q3,4451,287178648.0,1.5499063147619527,1.5047041798272236,1.5961213953551994
HCPCS 85306 – Protein C / S (78 months of data),129,HCPCS 85306 – Protein C / S (78 months of data),quarter,2022-Q4,4142,292152539.0,1.417752525505178,1.374901526286244,1.4615994083700403
HCPCS 85306 – Protein C / S (78 months of data),129,HCPCS 85306 – Protein C / S (78 months of data),quarter,2023-Q1,5055,297686543.0,1.6980948984314688,1.6516027105747801,1.745563973554445
HCPCS 85306 – Protein C / S (78 months of data),129,HCPCS 85306 – Protein C / S (78 months of data),quarter,2023-Q2,4599,298365151.0,1.5413998533629014,1.4971697879641923,1.586604806868967
HCPCS 85306 – Protein C / S (78 months of data),129,HCPCS 85306 – Protein C / S (78 months of data),quarter,2023-Q3,4159,289816874.0,1.435044116858427,1.3917585486190114,1.4793335839746913
HCPCS 85306 – Protein C / S (78 months of data),129,HCPCS 85306 – Protein C / S (78 months of data),quarter,2023-Q4,3733,276383178.0,1.350661073880553,1.3076770966994051,1.3946980486271987
HCPCS 85306 – Protein C / S (78 months of data),129,HCPCS 85306 – Protein C / S (78 months of data),quarter,2024-Q1,4105,267644460.0,1.5337511562914472,1.487187289740798,1.5814021245597945
HCPCS 85306 – Protein C / S (78 months of data),129,HCPCS 85306 – Protein C / S (78 months of data),quarter,2024-Q2,3939,258952546.0,1.5211281220614066,1.4739919520508449,1.5693880057018732
HCPCS 81240 – Prothrombin gene mutation (78 months of data),131,HCPCS 81240 – Prothrombin gene mutation (78 months of data),quarter,2018-Q1,4743,230550049.0,2.057253954433122,1.999118208834051,2.116651250942005
HCPCS 81240 – Prothrombin gene mutation (78 months of data),131,HCPCS 81240 – Prothrombin gene mutation (78 months of data),quarter,2018-Q2,4105,228935769.0,1.7930793505666647,1.7386424184398177,1.8487871926673851
HCPCS 81240 – Prothrombin gene mutation (78 months of data),131,HCPCS 81240 – Prothrombin gene mutation (78 months of data),quarter,2018-Q3,4138,227904788.0,1.8156704983310838,1.7607662729752738,1.8718513562261851
HCPCS 81240 – Prothrombin gene mutation (78 months of data),131,HCPCS 81240 – Prothrombin gene mutation (78 months of data),quarter,2018-Q4,3873,226095567.0,1.7129924533195293,1.659464032726637,1.7678079477671351
HCPCS 81240 – Prothrombin gene mutation (78 months of data),131,HCPCS 81240 – Prothrombin gene mutation (78 months of data),quarter,2019-Q1,4433,225406912.0,1.9666655120141128,1.9091933583915797,2.025428217592392
HCPCS 81240 – Prothrombin gene mutation (78 months of data),131,HCPCS 81240 – Prothrombin gene mutation (78 months of data),quarter,2019-Q2,3985,224099443.0,1.7782284269220607,1.723441809162985,1.8343134839112152
HCPCS 81240 – Prothrombin gene mutation (78 months of data),131,HCPCS 81240 – Prothrombin gene mutation (78 months of data),quarter,2019-Q3,3643,225151016.0,1.618025121414509,1.5659053958828704,1.671437536705163
HCPCS 81240 – Prothrombin gene mutation (78 months of data),131,HCPCS 81240 – Prothrombin gene mutation (78 months of data),quarter,2019-Q4,3279,223888589.0,1.4645677185450483,1.4148633511089905,1.5155724547709781
HCPCS 81240 – Prothrombin gene mutation (78 months of data),131,HCPCS 81240 – Prothrombin gene mutation (78 months of data),quarter,2020-Q1,3472,223452397.0,1.5537985032221426,1.502540051955239,1.6063596468271684
HCPCS 81240 – Prothrombin gene mutation (78 months of data),131,HCPCS 81240 – Prothrombin gene mutation (78 months of data),quarter,2020-Q2,1959,231340007.0,0.8468055419398339,0.8097180687066637,0.885153659948829
HCPCS 81240 – Prothrombin gene mutation (78 months of data),131,HCPCS 81240 – Prothrombin gene mutation (78 months of data),quarter,2020-Q3,2641,240451013.0,1.0983526195416777,1.0568583585423006,1.1410584879976648
HCPCS 81240 – Prothrombin gene mutation (78 months of data),131,HCPCS 81240 – Prothrombin gene mutation (78 months of data),quarter,2020-Q4,2756,252197294.0,1.0927952303881578,1.0523732903733356,1.134372187766139
HCPCS 81240 – Prothrombin gene mutation (78 months of data),131,HCPCS 81240 – Prothrombin gene mutation (78 months of data),quarter,2021-Q1,3321,256211709.0,1.2961936880097857,1.2524802604550163,1.3410433904546335
HCPCS 81240 – Prothrombin gene mutation (78 months of data),131,HCPCS 81240 – Prothrombin gene mutation (78 months of data),quarter,2021-Q2,3704,261559386.0,1.4161219968607819,1.370880102631381,1.4624765907923052
HCPCS 81240 – Prothrombin gene mutation (78 months of data),131,HCPCS 81240 – Prothrombin gene mutation (78 months of data),quarter,2021-Q3,3427,266799594.0,1.2844847132713404,1.2418357104713802,1.3282247992766203
HCPCS 81240 – Prothrombin gene mutation (78 months of data),131,HCPCS 81240 – Prothrombin gene mutation (78 months of data),quarter,2021-Q4,3210,272358419.0,1.178594005570285,1.1381710795894129,1.220085949127968
HCPCS 81240 – Prothrombin gene mutation (78 months of data),131,HCPCS 81240 – Prothrombin gene mutation (78 months of data),quarter,2022-Q1,3588,277314434.0,1.2938381707170712,1.2518455225980474,1.3368803954714226
HCPCS 81240 – Prothrombin gene mutation (78 months of data),131,HCPCS 81240 – Prothrombin gene mutation (78 months of data),quarter,2022-Q2,3741,282016994.5,1.3265158032878759,1.2843450354717172,1.3697185270193608
HCPCS 81240 – Prothrombin gene mutation (78 months of data),131,HCPCS 81240 – Prothrombin gene mutation (78 months of data),quarter,2022-Q3,3672,287178648.0,1.2786465935308673,1.2376205547100065,1.3206860921646288
HCPCS 81240 – Prothrombin gene mutation (78 months of data),131,HCPCS 81240 – Prothrombin gene mutation (78 months of data),quarter,2022-Q4,3341,292152539.0,1.143580682692612,1.1051286726613998,1.183029164841625
HCPCS 81240 – Prothrombin gene mutation (78 months of data),131,HCPCS 81240 – Prothrombin gene mutation (78 months of data),quarter,2023-Q1,3938,297686543.0,1.3228679940698562,1.2818702736583834,1.3648432148407477
HCPCS 81240 – Prothrombin gene mutation (78 months of data),131,HCPCS 81240 – Prothrombin gene mutation (78 months of data),quarter,2023-Q2,3784,298365151.0,1.2682446282072668,1.228154243383531,1.3093103951012413
HCPCS 81240 – Prothrombin gene mutation (78 months of data),131,HCPCS 81240 – Prothrombin gene mutation (78 months of data),quarter,2023-Q3,3237,289816874.0,1.116912191938141,1.0787635194447713,1.1560654599913986
HCPCS 81240 – Prothrombin gene mutation (78 months of data),131,HCPCS 81240 – Prothrombin gene mutation (78 months of data),quarter,2023-Q4,2719,276383178.0,0.9837791213183026,0.9471451993072834,1.021467032375614
HCPCS 81240 – Prothrombin gene mutation (78 months of data),131,HCPCS 81240 – Prothrombin gene mutation (78 months of data),quarter,2024-Q1,2953,267644460.0,1.103329394525857,1.0638900900155215,1.1438568188997857
HCPCS 81240 – Prothrombin gene mutation (78 months of data),131,HCPCS 81240 – Prothrombin gene mutation (78 months of data),quarter,2024-Q2,2682,258952546.0,1.0357109985703712,0.9968806312226673,1.0756663507636968
HCPCS 81241 – Factor V Leiden (78 months of data),133,HCPCS 81241 – Factor V Leiden (78 months of data),quarter,2018-Q1,5750,230550049.0,2.494035470797059,2.4299833400109168,2.5593485882808666
HCPCS 81241 – Factor V Leiden (78 months of data),133,HCPCS 81241 – Factor V Leiden (78 months of data),quarter,2018-Q2,5034,228935769.0,2.1988700245438713,2.138542523515146,2.2604677903937533
HCPCS 81241 – Factor V Leiden (78 months of data),133,HCPCS 81241 – Factor V Leiden (78 months of data),quarter,2018-Q3,5131,227904788.0,2.251378764363652,2.1901932846895944,2.3138401978717362
HCPCS 81241 – Factor V Leiden (78 months of data),133,HCPCS 81241 – Factor V Leiden (78 months of data),quarter,2018-Q4,4775,226095567.0,2.1119387979862516,2.05245661504586,2.1727073655808313
HCPCS 81241 – Factor V Leiden (78 months of data),133,HCPCS 81241 – Factor V Leiden (78 months of data),quarter,2019-Q1,5506,225406912.0,2.4426935053349204,2.378594040519764,2.508082854121387
HCPCS 81241 – Factor V Leiden (78 months of data),133,HCPCS 81241 – Factor V Leiden (78 months of data),quarter,2019-Q2,5340,224099443.0,2.382870715122661,2.3193830651542346,2.4476558652126217
HCPCS 81241 – Factor V Leiden (78 months of data),133,HCPCS 81241 – Factor V Leiden (78 months of data),quarter,2019-Q3,4885,225151016.0,2.1696548773290902,2.109234220575635,2.231367244333902
HCPCS 81241 – Factor V Leiden (78 months of data),133,HCPCS 81241 – Factor V Leiden (78 months of data),quarter,2019-Q4,4371,223888589.0,1.952310307337727,1.894857438892212,2.011062526007942
HCPCS 81241 – Factor V Leiden (78 months of data),133,HCPCS 81241 – Factor V Leiden (78 months of data),quarter,2020-Q1,4596,223452397.0,2.0568139172836886,1.9977750600395172,2.117154497448852
HCPCS 81241 – Factor V Leiden (78 months of data),133,HCPCS 81241 – Factor V Leiden (78 months of data),quarter,2020-Q2,2876,231340007.0,1.2431918012347947,1.1981674659665846,1.289475119379822
HCPCS 81241 – Factor V Leiden (78 months of data),133,HCPCS 81241 – Factor V Leiden (78 months of data),quarter,2020-Q3,3815,240451013.0,1.5866017582550171,1.5366503772969842,1.6377634213378742
HCPCS 81241 – Factor V Leiden (78 months of data),133,HCPCS 81241 – Factor V Leiden (78 months of data),quarter,2020-Q4,4012,252197294.0,1.5908180204344302,1.5419693777484198,1.6408204197478442
HCPCS 81241 – Factor V Leiden (78 months of data),133,HCPCS 81241 – Factor V Leiden (78 months of data),quarter,2021-Q1,4975,256211709.0,1.9417535675545572,1.8881674548548997,1.9964747462037964
HCPCS 81241 – Factor V Leiden (78 months of data),133,HCPCS 81241 – Factor V Leiden (78 months of data),quarter,2021-Q2,5457,261559386.0,2.0863330823081228,2.031341352439577,2.1424364322209324
HCPCS 81241 – Factor V Leiden (78 months of data),133,HCPCS 81241 – Factor V Leiden (78 months of data),quarter,2021-Q3,5096,266799594.0,1.9100478841058506,1.857961981730106,1.9632237456344694
HCPCS 81241 – Factor V Leiden (78 months of data),133,HCPCS 81241 – Factor V Leiden (78 months of data),quarter,2021-Q4,4919,272358419.0,1.8060759854829385,1.755953200098402,1.8572665735158107
HCPCS 81241 – Factor V Leiden (78 months of data),133,HCPCS 81241 – Factor V Leiden (78 months of data),quarter,2022-Q1,5215,277314434.0,1.88053680610076,1.829840132436529,1.93228205471537
HCPCS 81241 – Factor V Leiden (78 months of data),133,HCPCS 81241 – Factor V Leiden (78 months of data),quarter,2022-Q2,5230,282016994.5,1.8544981692583777,1.8045747218101085,1.9054527000625503
HCPCS 81241 – Factor V Leiden (78 months of data),133,HCPCS 81241 – Factor V Leiden (78 months of data),quarter,2022-Q3,5088,287178648.0,1.7717194629316593,1.723367989376151,1.8210835526269644
HCPCS 81241 – Factor V Leiden (78 months of data),133,HCPCS 81241 – Factor V Leiden (78 months of data),quarter,2022-Q4,4598,292152539.0,1.5738353723497847,1.528669703007724,1.619996661291203
HCPCS 81241 – Factor V Leiden (78 months of data),133,HCPCS 81241 – Factor V Leiden (78 months of data),quarter,2023-Q1,5429,297686543.0,1.823730406248159,1.7755373986128187,1.8729001394576763
HCPCS 81241 – Factor V Leiden (78 months of data),133,HCPCS 81241 – Factor V Leiden (78 months of data),quarter,2023-Q2,5307,298365151.0,1.7786929814735635,1.7311565224150047,1.8272039953698327
HCPCS 81241 – Factor V Leiden (78 months of data),133,HCPCS 81241 – Factor V Leiden (78 months of data),quarter,2023-Q3,4694,289816874.0,1.6196434442254042,1.5736375245027834,1.6666529563098413
HCPCS 81241 – Factor V Leiden (78 months of data),133,HCPCS 81241 – Factor V Leiden (78 months of data),quarter,2023-Q4,3938,276383178.0,1.424833460739785,1.380675673176564,1.470044093504665
HCPCS 81241 – Factor V Leiden (78 months of data),133,HCPCS 81241 – Factor V Leiden (78 months of data),quarter,2024-Q1,4202,267644460.0,1.5699932664401124,1.5228782865454777,1.6181952819999834
HCPCS 81241 – Factor V Leiden (78 months of data),133,HCPCS 81241 – Factor V Leiden (78 months of data),quarter,2024-Q2,4146,258952546.0,1.601065548125563,1.5526971584214255,1.6505574996897592
HCPCS 71250 – CT Chest (78 months of data),136,HCPCS 71250 – CT Chest (78 months of data),quarter,2018-Q1,78339,230550049.0,33.9791729994384,33.74164166341514,34.21796124494629
HCPCS 71250 – CT Chest (78 months of data),136,HCPCS 71250 – CT Chest (78 months of data),quarter,2018-Q2,78863,228935769.0,34.44765330663554,34.207647020834784,34.68892535960126
HCPCS 71250 – CT Chest (78 months of data),136,HCPCS 71250 – CT Chest (78 months of data),quarter,2018-Q3,73290,227904788.0,32.15816597938258,31.9257636087877,32.39183990022988
HCPCS 71250 – CT Chest (78 months of data),136,HCPCS 71250 – CT Chest (78 months of data),quarter,2018-Q4,75411,226095567.0,33.35359511935941,33.11596145842075,33.59251048286694
HCPCS 71250 – CT Chest (78 months of data),136,HCPCS 71250 – CT Chest (78 months of data),quarter,2019-Q1,89773,225406912.0,39.82708391834941,39.56697677425981,40.088476548791526
HCPCS 71250 – CT Chest (78 months of data),136,HCPCS 71250 – CT Chest (78 months of data),quarter,2019-Q2,90670,224099443.0,40.45971680527559,40.19678619176508,40.723940397853255
HCPCS 71250 – CT Chest (78 months of data),136,HCPCS 71250 – CT Chest (78 months of data),quarter,2019-Q3,88760,225151016.0,39.422429255215974,39.16350223142245,39.682643234643386
HCPCS 71250 – CT Chest (78 months of data),136,HCPCS 71250 – CT Chest (78 months of data),quarter,2019-Q4,92305,223888589.0,41.2280949253738,40.9625506178817,41.494933416716385
HCPCS 71250 – CT Chest (78 months of data),136,HCPCS 71250 – CT Chest (78 months of data),quarter,2020-Q1,99315,223452397.0,44.445708049397204,44.169711507455325,44.72300124968193
HCPCS 71250 – CT Chest (78 months of data),136,HCPCS 71250 – CT Chest (78 months of data),quarter,2020-Q2,73198,231340007.0,31.64087394533536,31.412066571399915,31.87093398897393
HCPCS 71250 – CT Chest (78 months of data),136,HCPCS 71250 – CT Chest (78 months of data),quarter,2020-Q3,100644,240451013.0,41.85634268881204,41.598144618687485,42.115745741827084
HCPCS 71250 – CT Chest (78 months of data),136,HCPCS 71250 – CT Chest (78 months of data),quarter,2020-Q4,104177,252197294.0,41.30773901166442,41.05727663126637,41.559350231026976
HCPCS 71250 – CT Chest (78 months of data),136,HCPCS 71250 – CT Chest (78 months of data),quarter,2021-Q1,110895,256211709.0,43.2825652007965,43.028190411378525,43.53807079234236
HCPCS 71250 – CT Chest (78 months of data),136,HCPCS 71250 – CT Chest (78 months of data),quarter,2021-Q2,118428,261559386.0,45.277671664208604,45.02016150324286,45.536289471299725
HCPCS 71250 – CT Chest (78 months of data),136,HCPCS 71250 – CT Chest (78 months of data),quarter,2021-Q3,116302,266799594.0,43.59152060778624,43.34134765954497,43.84277945659052
HCPCS 71250 – CT Chest (78 months of data),136,HCPCS 71250 – CT Chest (78 months of data),quarter,2021-Q4,109453,272358419.0,40.18711828401383,39.9493872170272,40.42591312085687
HCPCS 71250 – CT Chest (78 months of data),136,HCPCS 71250 – CT Chest (78 months of data),quarter,2022-Q1,112865,277314434.0,40.69928794258145,40.46218891967407,40.937431707964485
HCPCS 71250 – CT Chest (78 months of data),136,HCPCS 71250 – CT Chest (78 months of data),quarter,2022-Q2,146064,282016994.5,51.79262344064162,51.5273494593333,52.058924618597594
HCPCS 71250 – CT Chest (78 months of data),136,HCPCS 71250 – CT Chest (78 months of data),quarter,2022-Q3,126752,287178648.0,44.13698611743586,43.894334516878814,44.38064651770947
HCPCS 71250 – CT Chest (78 months of data),136,HCPCS 71250 – CT Chest (78 months of data),quarter,2022-Q4,124173,292152539.0,42.50279680095472,42.266718694227635,42.739866542330084
HCPCS 71250 – CT Chest (78 months of data),136,HCPCS 71250 – CT Chest (78 months of data),quarter,2023-Q1,149707,297686543.0,50.290146975169115,50.03571778884756,50.54554927828535
HCPCS 71250 – CT Chest (78 months of data),136,HCPCS 71250 – CT Chest (78 months of data),quarter,2023-Q2,147786,298365151.0,49.53192405503148,49.27970952223147,49.78510949684412
HCPCS 71250 – CT Chest (78 months of data),136,HCPCS 71250 – CT Chest (78 months of data),quarter,2023-Q3,131778,289816874.0,45.46940217152435,45.22423232095289,45.71557162035464
HCPCS 71250 – CT Chest (78 months of data),136,HCPCS 71250 – CT Chest (78 months of data),quarter,2023-Q4,128359,276383178.0,46.44240685299595,46.188681910202625,46.69717999276592
HCPCS 71250 – CT Chest (78 months of data),136,HCPCS 71250 – CT Chest (78 months of data),quarter,2024-Q1,138912,267644460.0,51.901690772900736,51.629109525992426,52.17535440135574
HCPCS 71250 – CT Chest (78 months of data),136,HCPCS 71250 – CT Chest (78 months of data),quarter,2024-Q2,133385,258952546.0,51.50943756312788,51.2333759084462,51.7866179510185
HCPCS 71260 – CT Chest (78 months of data),138,HCPCS 71260 – CT Chest (78 months of data),quarter,2018-Q1,123172,230550049.0,53.42527600156789,53.127328225260484,53.72448038011143
HCPCS 71260 – CT Chest (78 months of data),138,HCPCS 71260 – CT Chest (78 months of data),quarter,2018-Q2,123673,228935769.0,54.020828872748154,53.72016975295083,54.32275345290877
HCPCS 71260 – CT Chest (78 months of data),138,HCPCS 71260 – CT Chest (78 months of data),quarter,2018-Q3,121158,227904788.0,53.16167381266251,52.862745529754754,53.46187329315701
HCPCS 71260 – CT Chest (78 months of data),138,HCPCS 71260 – CT Chest (78 months of data),quarter,2018-Q4,112284,226095567.0,49.66218554829073,49.372125531117135,49.95352698342949
HCPCS 71260 – CT Chest (78 months of data),138,HCPCS 71260 – CT Chest (78 months of data),quarter,2019-Q1,125913,225406912.0,55.8603100866756,55.552187178999276,56.16971825508757
HCPCS 71260 – CT Chest (78 months of data),138,HCPCS 71260 – CT Chest (78 months of data),quarter,2019-Q2,132072,224099443.0,58.93455076548316,58.61713059564495,59.253263665630485
HCPCS 71260 – CT Chest (78 months of data),138,HCPCS 71260 – CT Chest (78 months of data),quarter,2019-Q3,134581,225151016.0,59.77365876066044,59.454730279236806,60.09387392345847
HCPCS 71260 – CT Chest (78 months of data),138,HCPCS 71260 – CT Chest (78 months of data),quarter,2019-Q4,131372,223888589.0,58.67739869493751,58.360523804945174,58.99556753590979
HCPCS 71260 – CT Chest (78 months of data),138,HCPCS 71260 – CT Chest (78 months of data),quarter,2020-Q1,130579,223452397.0,58.43705494016248,58.120522466908284,58.7548838939295
HCPCS 71260 – CT Chest (78 months of data),138,HCPCS 71260 – CT Chest (78 months of data),quarter,2020-Q2,119714,231340007.0,51.74807485849172,51.45534804768243,52.042053997905164
HCPCS 71260 – CT Chest (78 months of data),138,HCPCS 71260 – CT Chest (78 months of data),quarter,2020-Q3,154589,240451013.0,64.29126584715199,63.97117267291946,64.61256375636324
HCPCS 71260 – CT Chest (78 months of data),138,HCPCS 71260 – CT Chest (78 months of data),quarter,2020-Q4,153272,252197294.0,60.77464098405434,60.47076076778752,61.07966982808483
HCPCS 71260 – CT Chest (78 months of data),138,HCPCS 71260 – CT Chest (78 months of data),quarter,2021-Q1,166894,256211709.0,65.13909947808044,64.82695531675925,65.45237422937109
HCPCS 71260 – CT Chest (78 months of data),138,HCPCS 71260 – CT Chest (78 months of data),quarter,2021-Q2,186655,261559386.0,71.3623788671839,71.03900021749504,71.68686494164601
HCPCS 71260 – CT Chest (78 months of data),138,HCPCS 71260 – CT Chest (78 months of data),quarter,2021-Q3,181845,266799594.0,68.15789982049223,67.84498872656819,68.47189659943476
HCPCS 71260 – CT Chest (78 months of data),138,HCPCS 71260 – CT Chest (78 months of data),quarter,2021-Q4,164902,272358419.0,60.54595286808447,60.25407384480229,60.83889545985424
HCPCS 71260 – CT Chest (78 months of data),138,HCPCS 71260 – CT Chest (78 months of data),quarter,2022-Q1,163420,277314434.0,58.92949661610474,58.64412648650147,59.21591131060366
HCPCS 71260 – CT Chest (78 months of data),138,HCPCS 71260 – CT Chest (78 months of data),quarter,2022-Q2,147716,282016994.5,52.37840374190642,52.11163194372559,52.64620273164009
HCPCS 71260 – CT Chest (78 months of data),138,HCPCS 71260 – CT Chest (78 months of data),quarter,2022-Q3,159549,287178648.0,55.557403418098126,55.28512262465782,55.83069290715691
HCPCS 71260 – CT Chest (78 months of data),138,HCPCS 71260 – CT Chest (78 months of data),quarter,2022-Q4,161076,292152539.0,55.13421192618833,54.86528742876935,55.40412794221626
HCPCS 71260 – CT Chest (78 months of data),138,HCPCS 71260 – CT Chest (78 months of data),quarter,2023-Q1,189858,297686543.0,63.77782417930797,63.49126045708341,64.06536092308917
HCPCS 71260 – CT Chest (78 months of data),138,HCPCS 71260 – CT Chest (78 months of data),quarter,2023-Q2,195488,298365151.0,65.51971614138007,65.22959129931755,65.81081178101151
HCPCS 71260 – CT Chest (78 months of data),138,HCPCS 71260 – CT Chest (78 months of data),quarter,2023-Q3,186950,289816874.0,64.50625093692784,64.21417129362601,64.79933002916034
HCPCS 71260 – CT Chest (78 months of data),138,HCPCS 71260 – CT Chest (78 months of data),quarter,2023-Q4,168045,276383178.0,60.80145731590075,60.51109731798317,61.09286538616475
HCPCS 71260 – CT Chest (78 months of data),138,HCPCS 71260 – CT Chest (78 months of data),quarter,2024-Q1,168945,267644460.0,63.122920608930215,62.82227741611626,63.424646091766945
HCPCS 71260 – CT Chest (78 months of data),138,HCPCS 71260 – CT Chest (78 months of data),quarter,2024-Q2,163268,258952546.0,63.04938975189686,62.743926835960835,63.35597130149774
HCPCS 75561 – cardiovascular magnetic resonance imaging (78 months of data),140,HCPCS 75561 – cardiovascular magnetic resonance imaging (78 months of data),quarter,2018-Q1,269,230550049.0,0.11667748550337544,0.1031496535781291,0.13148639039413096
HCPCS 75561 – cardiovascular magnetic resonance imaging (78 months of data),140,HCPCS 75561 – cardiovascular magnetic resonance imaging (78 months of data),quarter,2018-Q2,430,228935769.0,0.1878256079765325,0.17049000546869605,0.20644595089508977
HCPCS 75561 – cardiovascular magnetic resonance imaging (78 months of data),140,HCPCS 75561 – cardiovascular magnetic resonance imaging (78 months of data),quarter,2018-Q3,347,227904788.0,0.15225656426314307,0.1366562333303274,0.16914975839276394
HCPCS 75561 – cardiovascular magnetic resonance imaging (78 months of data),140,HCPCS 75561 – cardiovascular magnetic resonance imaging (78 months of data),quarter,2018-Q4,293,226095567.0,0.12959121838952287,0.11517597783543185,0.1453116860908279
HCPCS 75561 – cardiovascular magnetic resonance imaging (78 months of data),140,HCPCS 75561 – cardiovascular magnetic resonance imaging (78 months of data),quarter,2019-Q1,439,225406912.0,0.19475889009117875,0.17696413641243944,0.21385828452301117
HCPCS 75561 – cardiovascular magnetic resonance imaging (78 months of data),140,HCPCS 75561 – cardiovascular magnetic resonance imaging (78 months of data),quarter,2019-Q2,534,224099443.0,0.23828707151226608,0.21850244129349286,0.25938203340224875
HCPCS 75561 – cardiovascular magnetic resonance imaging (78 months of data),140,HCPCS 75561 – cardiovascular magnetic resonance imaging (78 months of data),quarter,2019-Q3,419,225151016.0,0.1860973170114409,0.16870273636960495,0.20479850408108605
HCPCS 75561 – cardiovascular magnetic resonance imaging (78 months of data),140,HCPCS 75561 – cardiovascular magnetic resonance imaging (78 months of data),quarter,2019-Q4,312,223888589.0,0.13935502536933672,0.12431933150041208,0.15570803570382383
HCPCS 75561 – cardiovascular magnetic resonance imaging (78 months of data),140,HCPCS 75561 – cardiovascular magnetic resonance imaging (78 months of data),quarter,2020-Q1,345,223452397.0,0.1543953005793892,0.1385312921119974,0.17157800016256128
HCPCS 75561 – cardiovascular magnetic resonance imaging (78 months of data),140,HCPCS 75561 – cardiovascular magnetic resonance imaging (78 months of data),quarter,2020-Q2,244,231340007.0,0.10547246157902986,0.09265248140199855,0.11957040627799247
HCPCS 75561 – cardiovascular magnetic resonance imaging (78 months of data),140,HCPCS 75561 – cardiovascular magnetic resonance imaging (78 months of data),quarter,2020-Q3,563,240451013.0,0.23414332631653334,0.2151993404098436,0.2543080820598984
HCPCS 75561 – cardiovascular magnetic resonance imaging (78 months of data),140,HCPCS 75561 – cardiovascular magnetic resonance imaging (78 months of data),quarter,2020-Q4,768,252197294.0,0.3045234894550455,0.2833643221056529,0.3268442407006892
HCPCS 75561 – cardiovascular magnetic resonance imaging (78 months of data),140,HCPCS 75561 – cardiovascular magnetic resonance imaging (78 months of data),quarter,2021-Q1,801,256211709.0,0.31263208193189956,0.29135372286538475,0.3350535405205873
HCPCS 75561 – cardiovascular magnetic resonance imaging (78 months of data),140,HCPCS 75561 – cardiovascular magnetic resonance imaging (78 months of data),quarter,2021-Q2,950,261559386.0,0.36320623569593485,0.3404743089869726,0.3870568192281121
HCPCS 75561 – cardiovascular magnetic resonance imaging (78 months of data),140,HCPCS 75561 – cardiovascular magnetic resonance imaging (78 months of data),quarter,2021-Q3,1013,266799594.0,0.3796857352039299,0.3566614941706574,0.403806288541712
HCPCS 75561 – cardiovascular magnetic resonance imaging (78 months of data),140,HCPCS 75561 – cardiovascular magnetic resonance imaging (78 months of data),quarter,2021-Q4,892,272358419.0,0.32750961151672714,0.30636681926871606,0.3497270756920293
HCPCS 75561 – cardiovascular magnetic resonance imaging (78 months of data),140,HCPCS 75561 – cardiovascular magnetic resonance imaging (78 months of data),quarter,2022-Q1,962,277314434.0,0.346898639974867,0.32532101723159224,0.36953129430752485
HCPCS 75561 – cardiovascular magnetic resonance imaging (78 months of data),140,HCPCS 75561 – cardiovascular magnetic resonance imaging (78 months of data),quarter,2022-Q2,1075,282016994.5,0.38118270209421723,0.3587339190257045,0.4046683247562806
HCPCS 75561 – cardiovascular magnetic resonance imaging (78 months of data),140,HCPCS 75561 – cardiovascular magnetic resonance imaging (78 months of data),quarter,2022-Q3,1066,287178648.0,0.3711975132635906,0.34924609233738135,0.39416718142434937
HCPCS 75561 – cardiovascular magnetic resonance imaging (78 months of data),140,HCPCS 75561 – cardiovascular magnetic resonance imaging (78 months of data),quarter,2022-Q4,964,292152539.0,0.329964614820616,0.3094612753134002,0.35146939090887974
HCPCS 75561 – cardiovascular magnetic resonance imaging (78 months of data),140,HCPCS 75561 – cardiovascular magnetic resonance imaging (78 months of data),quarter,2023-Q1,1502,297686543.0,0.5045575741729111,0.4793605588578678,0.5307353186213207
HCPCS 75561 – cardiovascular magnetic resonance imaging (78 months of data),140,HCPCS 75561 – cardiovascular magnetic resonance imaging (78 months of data),quarter,2023-Q2,1648,298365151.0,0.5523433264496764,0.5259949072496776,0.5796698628928078
HCPCS 75561 – cardiovascular magnetic resonance imaging (78 months of data),140,HCPCS 75561 – cardiovascular magnetic resonance imaging (78 months of data),quarter,2023-Q3,1613,289816874.0,0.5565583458746436,0.5297258787852424,0.5843978694468095
HCPCS 75561 – cardiovascular magnetic resonance imaging (78 months of data),140,HCPCS 75561 – cardiovascular magnetic resonance imaging (78 months of data),quarter,2023-Q4,1139,276383178.0,0.41210901772031866,0.38852046844557125,0.4367552360986274
HCPCS 75561 – cardiovascular magnetic resonance imaging (78 months of data),140,HCPCS 75561 – cardiovascular magnetic resonance imaging (78 months of data),quarter,2024-Q1,1384,267644460.0,0.5171039221211603,0.4902163304024816,0.5450827176225114
HCPCS 75561 – cardiovascular magnetic resonance imaging (78 months of data),140,HCPCS 75561 – cardiovascular magnetic resonance imaging (78 months of data),quarter,2024-Q2,1298,258952546.0,0.501250140247704,0.4743489746811144,0.5292794655287656
HCPCS 75565 – Cardiac MRI (78 months of data),142,HCPCS 75565 – Cardiac MRI (78 months of data),quarter,2018-Q1,284,230550049.0,0.12318366499241126,0.10927224289365997,0.13837547916659884
HCPCS 75565 – Cardiac MRI (78 months of data),142,HCPCS 75565 – Cardiac MRI (78 months of data),quarter,2018-Q2,427,228935769.0,0.18651519675809156,0.1692416434711444,0.20507356179116812
HCPCS 75565 – Cardiac MRI (78 months of data),142,HCPCS 75565 – Cardiac MRI (78 months of data),quarter,2018-Q3,373,227904788.0,0.16366483708977628,0.14747504002081394,0.1811466914132187
HCPCS 75565 – Cardiac MRI (78 months of data),142,HCPCS 75565 – Cardiac MRI (78 months of data),quarter,2018-Q4,339,226095567.0,0.14993659738583023,0.13439870846596558,0.1667779634866473
HCPCS 75565 – Cardiac MRI (78 months of data),142,HCPCS 75565 – Cardiac MRI (78 months of data),quarter,2019-Q1,454,225406912.0,0.20141352187105957,0.18331007380337236,0.2208212699475127
HCPCS 75565 – Cardiac MRI (78 months of data),142,HCPCS 75565 – Cardiac MRI (78 months of data),quarter,2019-Q2,627,224099443.0,0.27978650531496413,0.25831232164739965,0.3025695790226501
HCPCS 75565 – Cardiac MRI (78 months of data),142,HCPCS 75565 – Cardiac MRI (78 months of data),quarter,2019-Q3,366,225151016.0,0.16255756092168822,0.1463282899399064,0.180094903134802
HCPCS 75565 – Cardiac MRI (78 months of data),142,HCPCS 75565 – Cardiac MRI (78 months of data),quarter,2019-Q4,305,223888589.0,0.1362284703129734,0.1213672707502737,0.15240726417672867
HCPCS 75565 – Cardiac MRI (78 months of data),142,HCPCS 75565 – Cardiac MRI (78 months of data),quarter,2020-Q1,281,223452397.0,0.12575385351538654,0.11147885696235377,0.14135004802395534
HCPCS 75565 – Cardiac MRI (78 months of data),142,HCPCS 75565 – Cardiac MRI (78 months of data),quarter,2020-Q2,205,231340007.0,0.08861415829385706,0.07689824489522094,0.10161045234759553
HCPCS 75565 – Cardiac MRI (78 months of data),142,HCPCS 75565 – Cardiac MRI (78 months of data),quarter,2020-Q3,353,240451013.0,0.14680744971533974,0.13189036854534975,0.1629497515114789
HCPCS 75565 – Cardiac MRI (78 months of data),142,HCPCS 75565 – Cardiac MRI (78 months of data),quarter,2020-Q4,544,252197294.0,0.21570413836399052,0.19795635671020673,0.23461611150559916
HCPCS 75565 – Cardiac MRI (78 months of data),142,HCPCS 75565 – Cardiac MRI (78 months of data),quarter,2021-Q1,635,256211709.0,0.24784191264264196,0.228937363171708,0.267891207182097
HCPCS 75565 – Cardiac MRI (78 months of data),142,HCPCS 75565 – Cardiac MRI (78 months of data),quarter,2021-Q2,564,261559386.0,0.21562980729737607,0.19819885369566256,0.23418299830492018
HCPCS 75565 – Cardiac MRI (78 months of data),142,HCPCS 75565 – Cardiac MRI (78 months of data),quarter,2021-Q3,648,266799594.0,0.2428789303180124,0.22453604757889103,0.2623209839320681
HCPCS 75565 – Cardiac MRI (78 months of data),142,HCPCS 75565 – Cardiac MRI (78 months of data),quarter,2021-Q4,542,272358419.0,0.19900247695298895,0.18259934831602678,0.21648364675969597
HCPCS 75565 – Cardiac MRI (78 months of data),142,HCPCS 75565 – Cardiac MRI (78 months of data),quarter,2022-Q1,448,277314434.0,0.16154947059120622,0.1469344734343515,0.17722473891654267
HCPCS 75565 – Cardiac MRI (78 months of data),142,HCPCS 75565 – Cardiac MRI (78 months of data),quarter,2022-Q2,822,282016994.5,0.29147179639204335,0.27188426617488015,0.3120976733485703
HCPCS 75565 – Cardiac MRI (78 months of data),142,HCPCS 75565 – Cardiac MRI (78 months of data),quarter,2022-Q3,752,287178648.0,0.26185790804335846,0.2434742248117737,0.28126181104922404
HCPCS 75565 – Cardiac MRI (78 months of data),142,HCPCS 75565 – Cardiac MRI (78 months of data),quarter,2022-Q4,501,292152539.0,0.17148575936216662,0.15679643477834107,0.18718065531645417
HCPCS 75565 – Cardiac MRI (78 months of data),142,HCPCS 75565 – Cardiac MRI (78 months of data),quarter,2023-Q1,824,297686543.0,0.2768012257779486,0.2582217862786304,0.29636434198537626
HCPCS 75565 – Cardiac MRI (78 months of data),142,HCPCS 75565 – Cardiac MRI (78 months of data),quarter,2023-Q2,923,298365151.0,0.30935248198607485,0.2897145446979289,0.32997123394434663
HCPCS 75565 – Cardiac MRI (78 months of data),142,HCPCS 75565 – Cardiac MRI (78 months of data),quarter,2023-Q3,1005,289816874.0,0.3467706990725461,0.3256602131648206,0.36889046988265256
HCPCS 75565 – Cardiac MRI (78 months of data),142,HCPCS 75565 – Cardiac MRI (78 months of data),quarter,2023-Q4,786,276383178.0,0.28438778571393375,0.26485123225444734,0.3049841287872105
HCPCS 75565 – Cardiac MRI (78 months of data),142,HCPCS 75565 – Cardiac MRI (78 months of data),quarter,2024-Q1,827,267644460.0,0.3089920112674852,0.28828886406164556,0.33078922626946955
HCPCS 75565 – Cardiac MRI (78 months of data),142,HCPCS 75565 – Cardiac MRI (78 months of data),quarter,2024-Q2,1010,258952546.0,0.39003285181061703,0.36634660679845843,0.41484864820025896
HCPCS 75574 – Cardiac CTA (78 months of data),144,HCPCS 75574 – Cardiac CTA (78 months of data),quarter,2018-Q1,845,230550049.0,0.3665147778823504,0.3422159417725112,0.39208355545168594
HCPCS 75574 – Cardiac CTA (78 months of data),144,HCPCS 75574 – Cardiac CTA (78 months of data),quarter,2018-Q2,972,228935769.0,0.4245732347748595,0.3982981653492562,0.452126214367621
HCPCS 75574 – Cardiac CTA (78 months of data),144,HCPCS 75574 – Cardiac CTA (78 months of data),quarter,2018-Q3,1109,227904788.0,0.4866067140283161,0.4583853747566849,0.5161108724249405
HCPCS 75574 – Cardiac CTA (78 months of data),144,HCPCS 75574 – Cardiac CTA (78 months of data),quarter,2018-Q4,1011,226095567.0,0.4471560470710158,0.4200139999004822,0.47559178919358996
HCPCS 75574 – Cardiac CTA (78 months of data),144,HCPCS 75574 – Cardiac CTA (78 months of data),quarter,2019-Q1,1373,225406912.0,0.6091206289184247,0.5773235602206195,0.6422134213948679
HCPCS 75574 – Cardiac CTA (78 months of data),144,HCPCS 75574 – Cardiac CTA (78 months of data),quarter,2019-Q2,1849,224099443.0,0.8250801408729963,0.7878969442361032,0.8635650009433364
HCPCS 75574 – Cardiac CTA (78 months of data),144,HCPCS 75574 – Cardiac CTA (78 months of data),quarter,2019-Q3,1676,225151016.0,0.7443892680457636,0.7091739652083655,0.7809006609403722
HCPCS 75574 – Cardiac CTA (78 months of data),144,HCPCS 75574 – Cardiac CTA (78 months of data),quarter,2019-Q4,2130,223888589.0,0.9513660385791256,0.9113884493858017,0.9926458264083323
HCPCS 75574 – Cardiac CTA (78 months of data),144,HCPCS 75574 – Cardiac CTA (78 months of data),quarter,2020-Q1,1715,223452397.0,0.7675012767931956,0.7316028666344534,0.8047055078584204
HCPCS 75574 – Cardiac CTA (78 months of data),144,HCPCS 75574 – Cardiac CTA (78 months of data),quarter,2020-Q2,927,231340007.0,0.4007089011629536,0.3753256307048691,0.4273571236775994
HCPCS 75574 – Cardiac CTA (78 months of data),144,HCPCS 75574 – Cardiac CTA (78 months of data),quarter,2020-Q3,2152,240451013.0,0.8949847925988983,0.8575670990056381,0.9336149435562526
HCPCS 75574 – Cardiac CTA (78 months of data),144,HCPCS 75574 – Cardiac CTA (78 months of data),quarter,2020-Q4,2501,252197294.0,0.9916839155300373,0.9531953055270566,1.0313279090144354
HCPCS 75574 – Cardiac CTA (78 months of data),144,HCPCS 75574 – Cardiac CTA (78 months of data),quarter,2021-Q1,2819,256211709.0,1.1002619712434765,1.060016948007599,1.1416438331970669
HCPCS 75574 – Cardiac CTA (78 months of data),144,HCPCS 75574 – Cardiac CTA (78 months of data),quarter,2021-Q2,3956,261559386.0,1.5124672299085455,1.4656994656496038,1.5603474954873042
HCPCS 75574 – Cardiac CTA (78 months of data),144,HCPCS 75574 – Cardiac CTA (78 months of data),quarter,2021-Q3,3837,266799594.0,1.438158110540453,1.3930091803873432,1.4843977808425226
HCPCS 75574 – Cardiac CTA (78 months of data),144,HCPCS 75574 – Cardiac CTA (78 months of data),quarter,2021-Q4,3930,272358419.0,1.442951539529975,1.3981871075065733,1.4887843809135628
HCPCS 75574 – Cardiac CTA (78 months of data),144,HCPCS 75574 – Cardiac CTA (78 months of data),quarter,2022-Q1,4463,277314434.0,1.609364480465521,1.562490962311985,1.6572869681691496
HCPCS 75574 – Cardiac CTA (78 months of data),144,HCPCS 75574 – Cardiac CTA (78 months of data),quarter,2022-Q2,5072,282016994.5,1.7984731767645301,1.7493147518252876,1.8486627590321094
HCPCS 75574 – Cardiac CTA (78 months of data),144,HCPCS 75574 – Cardiac CTA (78 months of data),quarter,2022-Q3,4945,287178648.0,1.7219246745670311,1.6742622024324094,1.7705998312445548
HCPCS 75574 – Cardiac CTA (78 months of data),144,HCPCS 75574 – Cardiac CTA (78 months of data),quarter,2022-Q4,5562,292152539.0,1.9037999871704008,1.854092272782005,1.9545028738887227
HCPCS 75574 – Cardiac CTA (78 months of data),144,HCPCS 75574 – Cardiac CTA (78 months of data),quarter,2023-Q1,7638,297686543.0,2.565786119529091,2.5085637751327314,2.6239844909060333
HCPCS 75574 – Cardiac CTA (78 months of data),144,HCPCS 75574 – Cardiac CTA (78 months of data),quarter,2023-Q2,8330,298365151.0,2.7918810129404155,2.7322444912255452,2.8524911827586115
HCPCS 75574 – Cardiac CTA (78 months of data),144,HCPCS 75574 – Cardiac CTA (78 months of data),quarter,2023-Q3,8172,289816874.0,2.8197115948466136,2.7589042441673084,2.8815213473439143
HCPCS 75574 – Cardiac CTA (78 months of data),144,HCPCS 75574 – Cardiac CTA (78 months of data),quarter,2023-Q4,7485,276383178.0,2.708196661665132,2.6471875557217204,2.77025706698581
HCPCS 75574 – Cardiac CTA (78 months of data),144,HCPCS 75574 – Cardiac CTA (78 months of data),quarter,2024-Q1,8586,267644460.0,3.2079871931591635,3.140486233983106,3.2765734973662446
HCPCS 75574 – Cardiac CTA (78 months of data),144,HCPCS 75574 – Cardiac CTA (78 months of data),quarter,2024-Q2,8905,258952546.0,3.4388540053203416,3.367796354234835,3.5110333581667796
HCPCS 71270 - Diagnostic CT of Thorax (75 months of data),146,HCPCS 71270 - Diagnostic CT of Thorax (75 months of data),quarter,2018-Q1,907,230550049.0,0.3934069864370317,0.36821750897411903,0.41986590179383043
HCPCS 71270 - Diagnostic CT of Thorax (75 months of data),146,HCPCS 71270 - Diagnostic CT of Thorax (75 months of data),quarter,2018-Q2,1016,228935769.0,0.44379259931199305,0.41692004368563207,0.4719427673085087
HCPCS 71270 - Diagnostic CT of Thorax (75 months of data),146,HCPCS 71270 - Diagnostic CT of Thorax (75 months of data),quarter,2018-Q3,1023,227904788.0,0.4488716577556063,0.4217832607104573,0.47724340094258666
HCPCS 71270 - Diagnostic CT of Thorax (75 months of data),146,HCPCS 71270 - Diagnostic CT of Thorax (75 months of data),quarter,2018-Q4,1021,226095567.0,0.4515789555484739,0.424300915220647,0.4801506245228822
HCPCS 71270 - Diagnostic CT of Thorax (75 months of data),146,HCPCS 71270 - Diagnostic CT of Thorax (75 months of data),quarter,2019-Q1,1175,225406912.0,0.5212794894239978,0.49189615366229167,0.5519594912992172
HCPCS 71270 - Diagnostic CT of Thorax (75 months of data),146,HCPCS 71270 - Diagnostic CT of Thorax (75 months of data),quarter,2019-Q2,1180,224099443.0,0.5265519557761685,0.49693346471633104,0.5574746512945987
HCPCS 71270 - Diagnostic CT of Thorax (75 months of data),146,HCPCS 71270 - Diagnostic CT of Thorax (75 months of data),quarter,2019-Q3,1001,225151016.0,0.44459048765740417,0.4174718153403499,0.4730083497965866
HCPCS 71270 - Diagnostic CT of Thorax (75 months of data),146,HCPCS 71270 - Diagnostic CT of Thorax (75 months of data),quarter,2019-Q4,772,223888589.0,0.34481435764464086,0.3209167003908819,0.3700204301298219
HCPCS 71270 - Diagnostic CT of Thorax (75 months of data),146,HCPCS 71270 - Diagnostic CT of Thorax (75 months of data),quarter,2020-Q1,796,149176444.0,0.533596309615746,0.49716681269228036,0.5719891609325433
HCPCS 71270 - Diagnostic CT of Thorax (75 months of data),146,HCPCS 71270 - Diagnostic CT of Thorax (75 months of data),quarter,2020-Q2,326,78055480.0,0.417651649826508,0.3735399371736349,0.4655403393725376
HCPCS 71270 - Diagnostic CT of Thorax (75 months of data),146,HCPCS 71270 - Diagnostic CT of Thorax (75 months of data),quarter,2020-Q3,943,240451013.0,0.3921796744520265,0.3675449299940646,0.4180313273136527
HCPCS 71270 - Diagnostic CT of Thorax (75 months of data),146,HCPCS 71270 - Diagnostic CT of Thorax (75 months of data),quarter,2020-Q4,977,252197294.0,0.3873951161426816,0.36348129528401707,0.41246894694577513
HCPCS 71270 - Diagnostic CT of Thorax (75 months of data),146,HCPCS 71270 - Diagnostic CT of Thorax (75 months of data),quarter,2021-Q1,951,256211709.0,0.3711774156270118,0.3479586183805622,0.3955382119522808
HCPCS 71270 - Diagnostic CT of Thorax (75 months of data),146,HCPCS 71270 - Diagnostic CT of Thorax (75 months of data),quarter,2021-Q2,976,261559386.0,0.37314661688340256,0.3501007431158523,0.3973109860112201
HCPCS 71270 - Diagnostic CT of Thorax (75 months of data),146,HCPCS 71270 - Diagnostic CT of Thorax (75 months of data),quarter,2021-Q3,961,266799594.0,0.36019545067223757,0.33777927882828673,0.3837082400619447
HCPCS 71270 - Diagnostic CT of Thorax (75 months of data),146,HCPCS 71270 - Diagnostic CT of Thorax (75 months of data),quarter,2021-Q4,1055,272358419.0,0.3873572198992681,0.3643328737734953,0.4114552773939502
HCPCS 71270 - Diagnostic CT of Thorax (75 months of data),146,HCPCS 71270 - Diagnostic CT of Thorax (75 months of data),quarter,2022-Q1,1010,277314434.0,0.36420751182392475,0.34208960990801407,0.38738017385750423
HCPCS 71270 - Diagnostic CT of Thorax (75 months of data),146,HCPCS 71270 - Diagnostic CT of Thorax (75 months of data),quarter,2022-Q2,947,282016994.5,0.33579536640299884,0.3147462733976785,0.35788198615918954
HCPCS 71270 - Diagnostic CT of Thorax (75 months of data),146,HCPCS 71270 - Diagnostic CT of Thorax (75 months of data),quarter,2022-Q3,853,287178648.0,0.29702765367152223,0.27742659005303466,0.31764818507373416
HCPCS 71270 - Diagnostic CT of Thorax (75 months of data),146,HCPCS 71270 - Diagnostic CT of Thorax (75 months of data),quarter,2022-Q4,902,292152539.0,0.30874282424086685,0.2889205034188786,0.3295669432601194
HCPCS 71270 - Diagnostic CT of Thorax (75 months of data),146,HCPCS 71270 - Diagnostic CT of Thorax (75 months of data),quarter,2023-Q1,1274,297686543.0,0.42796694373920696,0.4047864045629664,0.45212893515506225
HCPCS 71270 - Diagnostic CT of Thorax (75 months of data),146,HCPCS 71270 - Diagnostic CT of Thorax (75 months of data),quarter,2023-Q2,1187,298365151.0,0.39783466534937256,0.3755216401637196,0.42112723904771426
HCPCS 71270 - Diagnostic CT of Thorax (75 months of data),146,HCPCS 71270 - Diagnostic CT of Thorax (75 months of data),quarter,2023-Q3,1077,289816874.0,0.37161397303595234,0.34974873870651735,0.39448813286437334
HCPCS 71270 - Diagnostic CT of Thorax (75 months of data),146,HCPCS 71270 - Diagnostic CT of Thorax (75 months of data),quarter,2023-Q4,790,276383178.0,0.2858350517989919,0.2662479681797167,0.3064818933102732
HCPCS 71270 - Diagnostic CT of Thorax (75 months of data),146,HCPCS 71270 - Diagnostic CT of Thorax (75 months of data),quarter,2024-Q1,796,267644460.0,0.2974094812199737,0.277104847200082,0.31880842605320703
HCPCS 71270 - Diagnostic CT of Thorax (75 months of data),146,HCPCS 71270 - Diagnostic CT of Thorax (75 months of data),quarter,2024-Q2,789,258952546.0,0.30468902978076917,0.28379696904556645,0.3267121913459931
HCPCS 71271 - Diagnostic CT of Thorax without contrast (42 months of data),148,HCPCS 71271 - Diagnostic CT of Thorax without contrast (42 months of data),quarter,2021-Q1,12909,256211709.0,5.0384114178013615,4.9518665455544495,5.126089306367018
HCPCS 71271 - Diagnostic CT of Thorax without contrast (42 months of data),148,HCPCS 71271 - Diagnostic CT of Thorax without contrast (42 months of data),quarter,2021-Q2,16032,261559386.0,6.129391969133923,6.034875269089493,6.225018182797116
HCPCS 71271 - Diagnostic CT of Thorax without contrast (42 months of data),148,HCPCS 71271 - Diagnostic CT of Thorax without contrast (42 months of data),quarter,2021-Q3,16596,266799594.0,6.220399270922429,6.126116974249422,6.315769239659647
HCPCS 71271 - Diagnostic CT of Thorax without contrast (42 months of data),148,HCPCS 71271 - Diagnostic CT of Thorax without contrast (42 months of data),quarter,2021-Q4,16009,272358419.0,5.877916334945387,5.787212613282432,5.969685579959846
HCPCS 71271 - Diagnostic CT of Thorax without contrast (42 months of data),148,HCPCS 71271 - Diagnostic CT of Thorax without contrast (42 months of data),quarter,2022-Q1,16916,277314434.0,6.099934920805457,6.0083538848295435,6.192562361929496
HCPCS 71271 - Diagnostic CT of Thorax without contrast (42 months of data),148,HCPCS 71271 - Diagnostic CT of Thorax without contrast (42 months of data),quarter,2022-Q2,23303,282016994.5,8.262977215722367,8.157222418370807,8.369760575079015
HCPCS 71271 - Diagnostic CT of Thorax without contrast (42 months of data),148,HCPCS 71271 - Diagnostic CT of Thorax without contrast (42 months of data),quarter,2022-Q3,24222,287178648.0,8.434471075300834,8.328582581381296,8.541369601455333
HCPCS 71271 - Diagnostic CT of Thorax without contrast (42 months of data),148,HCPCS 71271 - Diagnostic CT of Thorax without contrast (42 months of data),quarter,2022-Q4,26541,292152539.0,9.084637802856816,8.975668173557644,9.194600172473066
HCPCS 71271 - Diagnostic CT of Thorax without contrast (42 months of data),148,HCPCS 71271 - Diagnostic CT of Thorax without contrast (42 months of data),quarter,2023-Q1,34509,297686543.0,11.592395024722364,11.470405446826158,11.715358639683638
HCPCS 71271 - Diagnostic CT of Thorax without contrast (42 months of data),148,HCPCS 71271 - Diagnostic CT of Thorax without contrast (42 months of data),quarter,2023-Q2,39027,298365151.0,13.080280947422038,12.95082621370263,13.210707397501466
HCPCS 71271 - Diagnostic CT of Thorax without contrast (42 months of data),148,HCPCS 71271 - Diagnostic CT of Thorax without contrast (42 months of data),quarter,2023-Q3,35845,289816874.0,12.368154933587478,12.240444106127235,12.496866212860963
HCPCS 71271 - Diagnostic CT of Thorax without contrast (42 months of data),148,HCPCS 71271 - Diagnostic CT of Thorax without contrast (42 months of data),quarter,2023-Q4,36757,276383178.0,13.299289872120944,13.163674344775181,13.435954455226897
HCPCS 71271 - Diagnostic CT of Thorax without contrast (42 months of data),148,HCPCS 71271 - Diagnostic CT of Thorax without contrast (42 months of data),quarter,2024-Q1,36572,267644460.0,13.664396416051353,13.524706738789764,13.805169406056303
HCPCS 71271 - Diagnostic CT of Thorax without contrast (42 months of data),148,HCPCS 71271 - Diagnostic CT of Thorax without contrast (42 months of data),quarter,2024-Q2,39424,258952546.0,15.224411039387888,15.074494692467493,15.375446988345486
Custom Aggregate 71270 and 71271,150,Custom Aggregate 71270 and 71271,quarter,2018-Q1,907,230550049.0,0.3934069864370317,0.36821750897411903,0.41986590179383043
Custom Aggregate 71270 and 71271,150,Custom Aggregate 71270 and 71271,quarter,2018-Q2,1016,228935769.0,0.44379259931199305,0.41692004368563207,0.4719427673085087
Custom Aggregate 71270 and 71271,150,Custom Aggregate 71270 and 71271,quarter,2018-Q3,1023,227904788.0,0.4488716577556063,0.4217832607104573,0.47724340094258666
Custom Aggregate 71270 and 71271,150,Custom Aggregate 71270 and 71271,quarter,2018-Q4,1021,226095567.0,0.4515789555484739,0.424300915220647,0.4801506245228822
Custom Aggregate 71270 and 71271,150,Custom Aggregate 71270 and 71271,quarter,2019-Q1,1175,225406912.0,0.5212794894239978,0.49189615366229167,0.5519594912992172
Custom Aggregate 71270 and 71271,150,Custom Aggregate 71270 and 71271,quarter,2019-Q2,1180,224099443.0,0.5265519557761685,0.49693346471633104,0.5574746512945987
Custom Aggregate 71270 and 71271,150,Custom Aggregate 71270 and 71271,quarter,2019-Q3,1001,225151016.0,0.44459048765740417,0.4174718153403499,0.4730083497965866
Custom Aggregate 71270 and 71271,150,Custom Aggregate 71270 and 71271,quarter,2019-Q4,772,223888589.0,0.34481435764464086,0.3209167003908819,0.3700204301298219
Custom Aggregate 71270 and 71271,150,Custom Aggregate 71270 and 71271,quarter,2020-Q1,796,149176444.0,0.533596309615746,0.49716681269228036,0.5719891609325433
Custom Aggregate 71270 and 71271,150,Custom Aggregate 71270 and 71271,quarter,2020-Q2,326,78055480.0,0.417651649826508,0.3735399371736349,0.4655403393725376
Custom Aggregate 71270 and 71271,150,Custom Aggregate 71270 and 71271,quarter,2020-Q3,943,240451013.0,0.3921796744520265,0.3675449299940646,0.4180313273136527
Custom Aggregate 71270 and 71271,150,Custom Aggregate 71270 and 71271,quarter,2020-Q4,977,252197294.0,0.3873951161426816,0.36348129528401707,0.41246894694577513
Custom Aggregate 71270 and 71271,150,Custom Aggregate 71270 and 71271,quarter,2021-Q1,13860,256211709.0,5.409588833428374,5.319899328379671,5.500411237536283
Custom Aggregate 71270 and 71271,150,Custom Aggregate 71270 and 71271,quarter,2021-Q2,17008,261559386.0,6.502538586017327,6.405176492950369,6.60101010673518
Custom Aggregate 71270 and 71271,150,Custom Aggregate 71270 and 71271,quarter,2021-Q3,17557,266799594.0,6.580594721594666,6.483610942782776,6.678666093511054
Custom Aggregate 71270 and 71271,150,Custom Aggregate 71270 and 71271,quarter,2021-Q4,17064,272358419.0,6.265273554844655,6.171617499067161,6.359995044857226
Custom Aggregate 71270 and 71271,150,Custom Aggregate 71270 and 71271,quarter,2022-Q1,17926,277314434.0,6.464142432629381,6.369856950987168,6.559474241932954
Custom Aggregate 71270 and 71271,150,Custom Aggregate 71270 and 71271,quarter,2022-Q2,24250,282016994.5,8.598772582125367,8.49088355114145,8.707690130306325
Custom Aggregate 71270 and 71271,150,Custom Aggregate 71270 and 71271,quarter,2022-Q3,25075,287178648.0,8.731498728972358,8.623756116386652,8.840251336243686
Custom Aggregate 71270 and 71271,150,Custom Aggregate 71270 and 71271,quarter,2022-Q4,27443,292152539.0,9.393380627097683,9.282569318537128,9.505184641913731
Custom Aggregate 71270 and 71271,150,Custom Aggregate 71270 and 71271,quarter,2023-Q1,35783,297686543.0,12.02036196846157,11.896135167526039,12.145562774677103
Custom Aggregate 71270 and 71271,150,Custom Aggregate 71270 and 71271,quarter,2023-Q2,40214,298365151.0,13.478115612771413,13.346702152175563,13.610500765040781
Custom Aggregate 71270 and 71271,150,Custom Aggregate 71270 and 71271,quarter,2023-Q3,36922,289816874.0,12.739768906623429,12.610148793860104,12.870389444997443
Custom Aggregate 71270 and 71271,150,Custom Aggregate 71270 and 71271,quarter,2023-Q4,37547,276383178.0,13.585124923919937,13.448056115427214,13.723242768641668
Custom Aggregate 71270 and 71271,150,Custom Aggregate 71270 and 71271,quarter,2024-Q1,37368,267644460.0,13.96180589727133,13.820600372558529,14.104094714255208
Custom Aggregate 71270 and 71271,150,Custom Aggregate 71270 and 71271,quarter,2024-Q2,40213,258952546.0,15.529100069168656,15.377687353093235,15.681632368516933
Custom Aggregate 71250 and 71260,152,Custom Aggregate 71250 and 71260,quarter,2018-Q1,201511,230550049.0,87.40444900100628,87.02323900241792,87.78691533776966
Custom Aggregate 71250 and 71260,152,Custom Aggregate 71250 and 71260,quarter,2018-Q2,202536,228935769.0,88.46848217938368,88.08360800386276,88.85462154940136
Custom Aggregate 71250 and 71260,152,Custom Aggregate 71250 and 71260,quarter,2018-Q3,194448,227904788.0,85.31983979204509,84.94103105919547,85.69991946245312
Custom Aggregate 71250 and 71260,152,Custom Aggregate 71250 and 71260,quarter,2018-Q4,187695,226095567.0,83.01578066765015,82.64063710952338,83.39220535091656
Custom Aggregate 71250 and 71260,152,Custom Aggregate 71250 and 71260,quarter,2019-Q1,215686,225406912.0,95.68739400502501,95.28399063245793,96.09208234944214
Custom Aggregate 71250 and 71260,152,Custom Aggregate 71250 and 71260,quarter,2019-Q2,222742,224099443.0,99.39426757075876,98.98192014791815,99.80790744736788
Custom Aggregate 71250 and 71260,152,Custom Aggregate 71250 and 71260,quarter,2019-Q3,223341,225151016.0,99.19608801587643,98.78511442113218,99.60834802671731
Custom Aggregate 71250 and 71260,152,Custom Aggregate 71250 and 71260,quarter,2019-Q4,223677,223888589.0,99.90549362031129,99.49189160938911,100.320389300271
Custom Aggregate 71250 and 71260,152,Custom Aggregate 71250 and 71260,quarter,2020-Q1,163451,149176444.0,109.56890754146144,109.03836284911051,110.10139404776147
Custom Aggregate 71250 and 71260,152,Custom Aggregate 71250 and 71260,quarter,2020-Q2,86485,78055480.0,110.79939550688819,110.06216990561632,111.54033338643576
Custom Aggregate 71250 and 71260,152,Custom Aggregate 71250 and 71260,quarter,2020-Q3,255233,240451013.0,106.14760853596404,105.7361992178346,106.56022235935922
Custom Aggregate 71250 and 71260,152,Custom Aggregate 71250 and 71260,quarter,2020-Q4,257449,252197294.0,102.08237999571874,101.68843163346551,102.47747675917226
Custom Aggregate 71250 and 71260,152,Custom Aggregate 71250 and 71260,quarter,2021-Q1,277789,256211709.0,108.42166467887695,108.01884737134841,108.8256123659451
Custom Aggregate 71250 and 71260,152,Custom Aggregate 71250 and 71260,quarter,2021-Q2,305083,261559386.0,116.64005053139252,116.22652100266252,117.05468729611354
Custom Aggregate 71250 and 71260,152,Custom Aggregate 71250 and 71260,quarter,2021-Q3,298147,266799594.0,111.74942042827846,111.34865201238948,112.15127434063494
Custom Aggregate 71250 and 71260,152,Custom Aggregate 71250 and 71260,quarter,2021-Q4,274355,272358419.0,100.7330711520983,100.35648640966458,101.11071926402187
Custom Aggregate 71250 and 71260,152,Custom Aggregate 71250 and 71260,quarter,2022-Q1,276285,277314434.0,99.62878455868618,99.25763011211734,100.00098336841569
Custom Aggregate 71250 and 71260,152,Custom Aggregate 71250 and 71260,quarter,2022-Q2,293780,282016994.5,104.17102718254803,103.79467328923252,104.54840800456216
Custom Aggregate 71250 and 71260,152,Custom Aggregate 71250 and 71260,quarter,2022-Q3,286301,287178648.0,99.69438953553399,99.32953913036016,100.0602484198976
Custom Aggregate 71250 and 71260,152,Custom Aggregate 71250 and 71260,quarter,2022-Q4,285249,292152539.0,97.63700872714305,97.27902999666296,97.99597876862967
Custom Aggregate 71250 and 71260,152,Custom Aggregate 71250 and 71260,quarter,2023-Q1,339565,297686543.0,114.06797115447708,113.68462604502618,114.45228909500754
Custom Aggregate 71250 and 71260,152,Custom Aggregate 71250 and 71260,quarter,2023-Q2,343274,298365151.0,115.05164019641155,114.66708207922802,115.4371689289952
Custom Aggregate 71250 and 71260,152,Custom Aggregate 71250 and 71260,quarter,2023-Q3,318728,289816874.0,109.97565310845219,109.59418124808688,110.35812423474897
Custom Aggregate 71250 and 71260,152,Custom Aggregate 71250 and 71260,quarter,2023-Q4,296404,276383178.0,107.24386416889672,106.85812590275816,107.63065029382886
Custom Aggregate 71250 and 71260,152,Custom Aggregate 71250 and 71260,quarter,2024-Q1,307857,267644460.0,115.02461138183095,114.61864898488149,115.43165583803626
Custom Aggregate 71250 and 71260,152,Custom Aggregate 71250 and 71260,quarter,2024-Q2,296653,258952546.0,114.55882731502473,114.1469511605299,114.97182186156643
HCPCS 93000 - ECG (78 months of data),155,HCPCS 93000 - ECG (78 months of data),quarter,2018-Q1,544800,230550049.0,236.30443904178048,235.67736774992744,236.93276630097822
HCPCS 93000 - ECG (78 months of data),155,HCPCS 93000 - ECG (78 months of data),quarter,2018-Q2,559138,228935769.0,244.23356928554054,243.59381513279476,244.8745882542712
HCPCS 93000 - ECG (78 months of data),155,HCPCS 93000 - ECG (78 months of data),quarter,2018-Q3,521795,227904788.0,228.95306613742576,228.33226302185432,229.57513981088917
HCPCS 93000 - ECG (78 months of data),155,HCPCS 93000 - ECG (78 months of data),quarter,2018-Q4,494108,226095567.0,218.53944619798762,217.9305149832947,219.14965815417634
HCPCS 93000 - ECG (78 months of data),155,HCPCS 93000 - ECG (78 months of data),quarter,2019-Q1,586878,225406912.0,260.36379931419316,259.6980960781566,261.0307871536339
HCPCS 93000 - ECG (78 months of data),155,HCPCS 93000 - ECG (78 months of data),quarter,2019-Q2,603552,224099443.0,269.32329323103227,268.6442547800946,270.00362377223064
HCPCS 93000 - ECG (78 months of data),155,HCPCS 93000 - ECG (78 months of data),quarter,2019-Q3,598289,225151016.0,265.727870399661,265.05495849959584,266.4020683577076
HCPCS 93000 - ECG (78 months of data),155,HCPCS 93000 - ECG (78 months of data),quarter,2019-Q4,560236,223888589.0,250.2298140795376,249.5749953633341,250.88592612423543
HCPCS 93000 - ECG (78 months of data),155,HCPCS 93000 - ECG (78 months of data),quarter,2020-Q1,561680,223452397.0,251.3644997954531,250.70755729311315,252.022738150186
HCPCS 93000 - ECG (78 months of data),155,HCPCS 93000 - ECG (78 months of data),quarter,2020-Q2,295933,231340007.0,127.92123759207804,127.46076058757716,128.3829664798582
HCPCS 93000 - ECG (78 months of data),155,HCPCS 93000 - ECG (78 months of data),quarter,2020-Q3,577998,240451013.0,240.38077144636526,239.7614609500687,241.00128617740984
HCPCS 93000 - ECG (78 months of data),155,HCPCS 93000 - ECG (78 months of data),quarter,2020-Q4,548335,252197294.0,217.4230307165786,216.84792581572512,217.9992837776672
HCPCS 93000 - ECG (78 months of data),155,HCPCS 93000 - ECG (78 months of data),quarter,2021-Q1,650399,256211709.0,253.85217659978218,253.23561186920057,254.46987145857975
HCPCS 93000 - ECG (78 months of data),155,HCPCS 93000 - ECG (78 months of data),quarter,2021-Q2,696334,261559386.0,266.2240536074664,265.5991184623202,266.85009575936573
HCPCS 93000 - ECG (78 months of data),155,HCPCS 93000 - ECG (78 months of data),quarter,2021-Q3,691671,266799594.0,259.2473960061573,258.636791183736,259.8590860941046
HCPCS 93000 - ECG (78 months of data),155,HCPCS 93000 - ECG (78 months of data),quarter,2021-Q4,654155,272358419.0,240.18167031583482,239.59998513986866,240.76441861932764
HCPCS 93000 - ECG (78 months of data),155,HCPCS 93000 - ECG (78 months of data),quarter,2022-Q1,742890,277314434.0,267.8872459988866,267.2784185062466,268.4971175924927
HCPCS 93000 - ECG (78 months of data),155,HCPCS 93000 - ECG (78 months of data),quarter,2022-Q2,751296,282016994.5,266.4009668396065,265.79891193330667,267.00404843449775
HCPCS 93000 - ECG (78 months of data),155,HCPCS 93000 - ECG (78 months of data),quarter,2022-Q3,742318,287178648.0,258.4864874773002,257.89879892711787,259.0751842650875
HCPCS 93000 - ECG (78 months of data),155,HCPCS 93000 - ECG (78 months of data),quarter,2022-Q4,690309,292152539.0,236.28375860187202,235.72669156040823,236.84181673011133
HCPCS 93000 - ECG (78 months of data),155,HCPCS 93000 - ECG (78 months of data),quarter,2023-Q1,866948,297686543.0,291.22848190017106,290.6157649323332,291.84217148779646
HCPCS 93000 - ECG (78 months of data),155,HCPCS 93000 - ECG (78 months of data),quarter,2023-Q2,853284,298365151.0,285.98648238245494,285.37999818252723,286.5939369928354
HCPCS 93000 - ECG (78 months of data),155,HCPCS 93000 - ECG (78 months of data),quarter,2023-Q3,776901,289816874.0,268.0661720200598,267.470415174409,268.66292791641695
HCPCS 93000 - ECG (78 months of data),155,HCPCS 93000 - ECG (78 months of data),quarter,2023-Q4,707904,276383178.0,256.13136266925767,255.5350499118569,256.72872305569797
HCPCS 93000 - ECG (78 months of data),155,HCPCS 93000 - ECG (78 months of data),quarter,2024-Q1,750291,267644460.0,280.3312274799187,279.6972668482462,280.96626993374616
HCPCS 93000 - ECG (78 months of data),155,HCPCS 93000 - ECG (78 months of data),quarter,2024-Q2,711772,258952546.0,274.865804949452,274.2276157241872,275.50511232061257
HCPCS 93303 – complete transthoracic echocardiogram (TTE) for congenital cardiac anomalies (78 months of data),157,HCPCS 93303 – complete transthoracic echocardiogram (TTE) for congenital cardiac anomalies (78 months of data),quarter,2018-Q1,74071,230550049.0,32.127948062158076,31.896989196492314,32.360163880405224
HCPCS 93303 – complete transthoracic echocardiogram (TTE) for congenital cardiac anomalies (78 months of data),157,HCPCS 93303 – complete transthoracic echocardiogram (TTE) for congenital cardiac anomalies (78 months of data),quarter,2018-Q2,74111,228935769.0,32.37196193662511,32.13931162105491,32.60587806742119
HCPCS 93303 – complete transthoracic echocardiogram (TTE) for congenital cardiac anomalies (78 months of data),157,HCPCS 93303 – complete transthoracic echocardiogram (TTE) for congenital cardiac anomalies (78 months of data),quarter,2018-Q3,74811,227904788.0,32.825549939740625,32.590744113556944,33.06162729996409
HCPCS 93303 – complete transthoracic echocardiogram (TTE) for congenital cardiac anomalies (78 months of data),157,HCPCS 93303 – complete transthoracic echocardiogram (TTE) for congenital cardiac anomalies (78 months of data),quarter,2018-Q4,72595,226095567.0,32.10810409210721,31.874957411888673,32.342532505185076
HCPCS 93303 – complete transthoracic echocardiogram (TTE) for congenital cardiac anomalies (78 months of data),157,HCPCS 93303 – complete transthoracic echocardiogram (TTE) for congenital cardiac anomalies (78 months of data),quarter,2019-Q1,84637,225406912.0,37.54853799691821,37.29599313216499,37.80236839136086
HCPCS 93303 – complete transthoracic echocardiogram (TTE) for congenital cardiac anomalies (78 months of data),157,HCPCS 93303 – complete transthoracic echocardiogram (TTE) for congenital cardiac anomalies (78 months of data),quarter,2019-Q2,87317,224099443.0,38.96350603602348,38.705490738286876,39.22281434042235
HCPCS 93303 – complete transthoracic echocardiogram (TTE) for congenital cardiac anomalies (78 months of data),157,HCPCS 93303 – complete transthoracic echocardiogram (TTE) for congenital cardiac anomalies (78 months of data),quarter,2019-Q3,89005,225151016.0,39.53124510883842,39.27196039844648,39.79181677285399
HCPCS 93303 – complete transthoracic echocardiogram (TTE) for congenital cardiac anomalies (78 months of data),157,HCPCS 93303 – complete transthoracic echocardiogram (TTE) for congenital cardiac anomalies (78 months of data),quarter,2019-Q4,86570,223888589.0,38.66655303276756,38.4094036340848,38.92499666221269
HCPCS 93303 – complete transthoracic echocardiogram (TTE) for congenital cardiac anomalies (78 months of data),157,HCPCS 93303 – complete transthoracic echocardiogram (TTE) for congenital cardiac anomalies (78 months of data),quarter,2020-Q1,83922,223452397.0,37.55699250789419,37.30331879814785,37.811962998127115
HCPCS 93303 – complete transthoracic echocardiogram (TTE) for congenital cardiac anomalies (78 months of data),157,HCPCS 93303 – complete transthoracic echocardiogram (TTE) for congenital cardiac anomalies (78 months of data),quarter,2020-Q2,64551,231340007.0,27.903085522081792,27.688242422359032,28.119181392974184
HCPCS 93303 – complete transthoracic echocardiogram (TTE) for congenital cardiac anomalies (78 months of data),157,HCPCS 93303 – complete transthoracic echocardiogram (TTE) for congenital cardiac anomalies (78 months of data),quarter,2020-Q3,96125,240451013.0,39.9769578013797,39.72463191327879,40.23048870219533
HCPCS 93303 – complete transthoracic echocardiogram (TTE) for congenital cardiac anomalies (78 months of data),157,HCPCS 93303 – complete transthoracic echocardiogram (TTE) for congenital cardiac anomalies (78 months of data),quarter,2020-Q4,99832,252197294.0,39.58488150947409,39.339705806231066,39.83120607757873
HCPCS 93303 – complete transthoracic echocardiogram (TTE) for congenital cardiac anomalies (78 months of data),157,HCPCS 93303 – complete transthoracic echocardiogram (TTE) for congenital cardiac anomalies (78 months of data),quarter,2021-Q1,113754,256211709.0,44.39843926102534,44.140801561104375,44.657207748560644
HCPCS 93303 – complete transthoracic echocardiogram (TTE) for congenital cardiac anomalies (78 months of data),157,HCPCS 93303 – complete transthoracic echocardiogram (TTE) for congenital cardiac anomalies (78 months of data),quarter,2021-Q2,111025,261559386.0,42.44733928225386,42.198019057635854,42.69776718867965
HCPCS 93303 – complete transthoracic echocardiogram (TTE) for congenital cardiac anomalies (78 months of data),157,HCPCS 93303 – complete transthoracic echocardiogram (TTE) for congenital cardiac anomalies (78 months of data),quarter,2021-Q3,115955,266799594.0,43.461460439853596,43.21166151042405,43.712345271455206
HCPCS 93303 – complete transthoracic echocardiogram (TTE) for congenital cardiac anomalies (78 months of data),157,HCPCS 93303 – complete transthoracic echocardiogram (TTE) for congenital cardiac anomalies (78 months of data),quarter,2021-Q4,109777,272358419.0,40.30607917429569,40.06799598967725,40.54522612716574
HCPCS 93303 – complete transthoracic echocardiogram (TTE) for congenital cardiac anomalies (78 months of data),157,HCPCS 93303 – complete transthoracic echocardiogram (TTE) for congenital cardiac anomalies (78 months of data),quarter,2022-Q1,116195,277314434.0,41.900090927109844,41.65951460525012,42.14171197627541
HCPCS 93303 – complete transthoracic echocardiogram (TTE) for congenital cardiac anomalies (78 months of data),157,HCPCS 93303 – complete transthoracic echocardiogram (TTE) for congenital cardiac anomalies (78 months of data),quarter,2022-Q2,113084,282016994.5,40.09829272895113,39.86492086019434,40.33269191837157
HCPCS 93303 – complete transthoracic echocardiogram (TTE) for congenital cardiac anomalies (78 months of data),157,HCPCS 93303 – complete transthoracic echocardiogram (TTE) for congenital cardiac anomalies (78 months of data),quarter,2022-Q3,115415,287178648.0,40.189269224500286,39.95773855122546,40.42180874342766
HCPCS 93303 – complete transthoracic echocardiogram (TTE) for congenital cardiac anomalies (78 months of data),157,HCPCS 93303 – complete transthoracic echocardiogram (TTE) for congenital cardiac anomalies (78 months of data),quarter,2022-Q4,108161,292152539.0,37.02209824026208,36.801787939214066,37.24340024393118
HCPCS 93303 – complete transthoracic echocardiogram (TTE) for congenital cardiac anomalies (78 months of data),157,HCPCS 93303 – complete transthoracic echocardiogram (TTE) for congenital cardiac anomalies (78 months of data),quarter,2023-Q1,126395,297686543.0,42.459090937140544,42.225334915619435,42.69382015054309
HCPCS 93303 – complete transthoracic echocardiogram (TTE) for congenital cardiac anomalies (78 months of data),157,HCPCS 93303 – complete transthoracic echocardiogram (TTE) for congenital cardiac anomalies (78 months of data),quarter,2023-Q2,120369,298365151.0,40.342848216881734,40.11525901059244,40.57140842442914
HCPCS 93303 – complete transthoracic echocardiogram (TTE) for congenital cardiac anomalies (78 months of data),157,HCPCS 93303 – complete transthoracic echocardiogram (TTE) for congenital cardiac anomalies (78 months of data),quarter,2023-Q3,118025,289816874.0,40.72399179904204,40.49198550019345,40.95699774888344
HCPCS 93303 – complete transthoracic echocardiogram (TTE) for congenital cardiac anomalies (78 months of data),157,HCPCS 93303 – complete transthoracic echocardiogram (TTE) for congenital cardiac anomalies (78 months of data),quarter,2023-Q4,113133,276383178.0,40.933388500221966,40.69520790078009,41.17261736108476
HCPCS 93303 – complete transthoracic echocardiogram (TTE) for congenital cardiac anomalies (78 months of data),157,HCPCS 93303 – complete transthoracic echocardiogram (TTE) for congenital cardiac anomalies (78 months of data),quarter,2024-Q1,118547,267644460.0,44.29271579168872,44.040933713041966,44.54558033285913
HCPCS 93303 – complete transthoracic echocardiogram (TTE) for congenital cardiac anomalies (78 months of data),157,HCPCS 93303 – complete transthoracic echocardiogram (TTE) for congenital cardiac anomalies (78 months of data),quarter,2024-Q2,112548,258952546.0,43.46278951047656,43.209235537245235,43.71746230869323
HCPCS 93304 - TTE (75 months of data),159,HCPCS 93304 - TTE (75 months of data),quarter,2018-Q1,15715,230550049.0,6.816307378013179,6.710147543003481,6.923725991548331
HCPCS 93304 - TTE (75 months of data),159,HCPCS 93304 - TTE (75 months of data),quarter,2018-Q2,14653,228935769.0,6.400485194604955,6.2972666181943735,6.504971546783536
HCPCS 93304 - TTE (75 months of data),159,HCPCS 93304 - TTE (75 months of data),quarter,2018-Q3,14866,227904788.0,6.522899378489583,6.418459968401664,6.628612273947133
HCPCS 93304 - TTE (75 months of data),159,HCPCS 93304 - TTE (75 months of data),quarter,2018-Q4,14580,226095567.0,6.448600560133937,6.344347072685586,6.554137758022386
HCPCS 93304 - TTE (75 months of data),159,HCPCS 93304 - TTE (75 months of data),quarter,2019-Q1,17439,225406912.0,7.736674907289444,7.6222693062796605,7.852367833025931
HCPCS 93304 - TTE (75 months of data),159,HCPCS 93304 - TTE (75 months of data),quarter,2019-Q2,16783,224099443.0,7.489085994738505,7.3762060505760685,7.603260838257558
HCPCS 93304 - TTE (75 months of data),159,HCPCS 93304 - TTE (75 months of data),quarter,2019-Q3,17705,225151016.0,7.863610973001339,7.748201929310296,7.980308779731267
HCPCS 93304 - TTE (75 months of data),159,HCPCS 93304 - TTE (75 months of data),quarter,2019-Q4,17250,223888589.0,7.7047249603239045,7.5901716670336485,7.820574326532871
HCPCS 93304 - TTE (75 months of data),159,HCPCS 93304 - TTE (75 months of data),quarter,2020-Q1,12862,149176444.0,8.622004691303676,8.473635196061865,8.772320161460314
HCPCS 93304 - TTE (75 months of data),159,HCPCS 93304 - TTE (75 months of data),quarter,2020-Q2,6760,78055480.0,8.6605066037644,8.455271206978752,8.869465255576127
HCPCS 93304 - TTE (75 months of data),159,HCPCS 93304 - TTE (75 months of data),quarter,2020-Q3,19780,240451013.0,8.226207805579094,8.111962629617198,8.34165957528758
HCPCS 93304 - TTE (75 months of data),159,HCPCS 93304 - TTE (75 months of data),quarter,2020-Q4,19528,252197294.0,7.743144143330896,7.634918508128624,7.85252019199141
HCPCS 93304 - TTE (75 months of data),159,HCPCS 93304 - TTE (75 months of data),quarter,2021-Q1,21341,256211709.0,8.32943977591594,8.218057602185262,8.441954219413498
HCPCS 93304 - TTE (75 months of data),159,HCPCS 93304 - TTE (75 months of data),quarter,2021-Q2,20386,261559386.0,7.794023495681397,7.687395923749218,7.901760246982412
HCPCS 93304 - TTE (75 months of data),159,HCPCS 93304 - TTE (75 months of data),quarter,2021-Q3,21339,266799594.0,7.998138108111213,7.891181141032023,8.106182411190613
HCPCS 93304 - TTE (75 months of data),159,HCPCS 93304 - TTE (75 months of data),quarter,2021-Q4,20087,272358419.0,7.375208034233742,7.273564539240186,7.477916748195472
HCPCS 93304 - TTE (75 months of data),159,HCPCS 93304 - TTE (75 months of data),quarter,2022-Q1,22344,277314434.0,8.057279845736412,7.951975069791048,8.163630674595684
HCPCS 93304 - TTE (75 months of data),159,HCPCS 93304 - TTE (75 months of data),quarter,2022-Q2,19495,282016994.5,6.912703978908619,6.816003918763035,7.010432813060383
HCPCS 93304 - TTE (75 months of data),159,HCPCS 93304 - TTE (75 months of data),quarter,2022-Q3,21063,287178648.0,7.33445893233678,7.235738796946699,7.43418925834501
HCPCS 93304 - TTE (75 months of data),159,HCPCS 93304 - TTE (75 months of data),quarter,2022-Q4,19513,292152539.0,6.679045154558796,6.585656641765758,6.773426749359921
HCPCS 93304 - TTE (75 months of data),159,HCPCS 93304 - TTE (75 months of data),quarter,2023-Q1,23288,297686543.0,7.822993866403964,7.722838116254668,7.924124038066381
HCPCS 93304 - TTE (75 months of data),159,HCPCS 93304 - TTE (75 months of data),quarter,2023-Q2,22067,298365151.0,7.395970985901099,7.298706387374684,7.4942078483295305
HCPCS 93304 - TTE (75 months of data),159,HCPCS 93304 - TTE (75 months of data),quarter,2023-Q3,22189,289816874.0,7.656213971861417,7.555803188317744,7.7576256904068375
HCPCS 93304 - TTE (75 months of data),159,HCPCS 93304 - TTE (75 months of data),quarter,2023-Q4,18869,276383178.0,6.827115939740732,6.730047430830629,6.925234234963915
HCPCS 93304 - TTE (75 months of data),159,HCPCS 93304 - TTE (75 months of data),quarter,2024-Q1,20622,267644460.0,7.704997891605902,7.60019109741669,7.81088863254944
HCPCS 93304 - TTE (75 months of data),159,HCPCS 93304 - TTE (75 months of data),quarter,2024-Q2,19517,258952546.0,7.536902147314667,7.431529569984793,7.643395128219749
HCPCS 93306 - Echocardiogram (78 months of data),161,HCPCS 93306 - Echocardiogram (78 months of data),quarter,2018-Q1,620614,230550049.0,269.1884051605645,268.5190954803864,269.8589707717805
HCPCS 93306 - Echocardiogram (78 months of data),161,HCPCS 93306 - Echocardiogram (78 months of data),quarter,2018-Q2,633875,228935769.0,276.8789703630803,276.19777371102646,277.5614317963257
HCPCS 93306 - Echocardiogram (78 months of data),161,HCPCS 93306 - Echocardiogram (78 months of data),quarter,2018-Q3,604842,227904788.0,265.39240588486456,264.7239917778026,266.0620905074594
HCPCS 93306 - Echocardiogram (78 months of data),161,HCPCS 93306 - Echocardiogram (78 months of data),quarter,2018-Q4,581315,226095567.0,257.1103041573566,256.44978352065084,257.77210548744677
HCPCS 93306 - Echocardiogram (78 months of data),161,HCPCS 93306 - Echocardiogram (78 months of data),quarter,2019-Q1,677540,225406912.0,300.5852810760302,299.8699728316839,301.3018738844617
HCPCS 93306 - Echocardiogram (78 months of data),161,HCPCS 93306 - Echocardiogram (78 months of data),quarter,2019-Q2,699221,224099443.0,312.01371616082065,311.2828069536231,312.74591741836934
HCPCS 93306 - Echocardiogram (78 months of data),161,HCPCS 93306 - Echocardiogram (78 months of data),quarter,2019-Q3,683610,225151016.0,303.6228803870909,302.9035566065044,304.3434901893855
HCPCS 93306 - Echocardiogram (78 months of data),161,HCPCS 93306 - Echocardiogram (78 months of data),quarter,2019-Q4,665920,223888589.0,297.43364901906637,296.7196956575106,298.14889566072594
HCPCS 93306 - Echocardiogram (78 months of data),161,HCPCS 93306 - Echocardiogram (78 months of data),quarter,2020-Q1,658063,223452397.0,294.4980715512307,293.78695963019226,295.2104792801282
HCPCS 93306 - Echocardiogram (78 months of data),161,HCPCS 93306 - Echocardiogram (78 months of data),quarter,2020-Q2,445826,231340007.0,192.71461334398595,192.14933086796228,193.28114755908643
HCPCS 93306 - Echocardiogram (78 months of data),161,HCPCS 93306 - Echocardiogram (78 months of data),quarter,2020-Q3,704698,240451013.0,293.07341699575204,292.3895480786325,293.7584900970597
HCPCS 93306 - Echocardiogram (78 months of data),161,HCPCS 93306 - Echocardiogram (78 months of data),quarter,2020-Q4,696841,252197294.0,276.30788140018666,275.65951130632425,276.957399595043
HCPCS 93306 - Echocardiogram (78 months of data),161,HCPCS 93306 - Echocardiogram (78 months of data),quarter,2021-Q1,788737,256211709.0,307.8458057512118,307.16679164325734,308.52594994380104
HCPCS 93306 - Echocardiogram (78 months of data),161,HCPCS 93306 - Echocardiogram (78 months of data),quarter,2021-Q2,865713,261559386.0,330.9814314979314,330.284581849932,331.6793881063869
HCPCS 93306 - Echocardiogram (78 months of data),161,HCPCS 93306 - Echocardiogram (78 months of data),quarter,2021-Q3,811635,266799594.0,304.2114824207716,303.55001228169556,304.87403779144057
HCPCS 93306 - Echocardiogram (78 months of data),161,HCPCS 93306 - Echocardiogram (78 months of data),quarter,2021-Q4,765135,272358419.0,280.9294468697882,280.3003228406608,281.5596339929263
HCPCS 93306 - Echocardiogram (78 months of data),161,HCPCS 93306 - Echocardiogram (78 months of data),quarter,2022-Q1,805290,277314434.0,290.3887794026617,289.75488373172897,291.0237191583607
HCPCS 93306 - Echocardiogram (78 months of data),161,HCPCS 93306 - Echocardiogram (78 months of data),quarter,2022-Q2,844655,282016994.5,299.5050002208289,298.8666132329183,300.14441387453377
HCPCS 93306 - Echocardiogram (78 months of data),161,HCPCS 93306 - Echocardiogram (78 months of data),quarter,2022-Q3,813045,287178648.0,283.1147112302026,282.49964714018455,283.73078354021226
HCPCS 93306 - Echocardiogram (78 months of data),161,HCPCS 93306 - Echocardiogram (78 months of data),quarter,2022-Q4,781529,292152539.0,267.50717370969005,266.91442112054096,268.10091736133035
HCPCS 93306 - Echocardiogram (78 months of data),161,HCPCS 93306 - Echocardiogram (78 months of data),quarter,2023-Q1,923080,297686543.0,310.08455763484073,309.4523059133328,310.7177819652209
HCPCS 93306 - Echocardiogram (78 months of data),161,HCPCS 93306 - Echocardiogram (78 months of data),quarter,2023-Q2,928666,298365151.0,311.2514973305311,310.61877685690536,311.8851881998774
HCPCS 93306 - Echocardiogram (78 months of data),161,HCPCS 93306 - Echocardiogram (78 months of data),quarter,2023-Q3,849161,289816874.0,292.9991578061117,292.37629616315843,293.62301848309113
HCPCS 93306 - Echocardiogram (78 months of data),161,HCPCS 93306 - Echocardiogram (78 months of data),quarter,2023-Q4,793289,276383178.0,287.025066337431,286.3937944438587,287.657385836725
HCPCS 93306 - Echocardiogram (78 months of data),161,HCPCS 93306 - Echocardiogram (78 months of data),quarter,2024-Q1,845404,267644460.0,315.8682978156918,315.1953310460572,316.54234638300085
HCPCS 93306 - Echocardiogram (78 months of data),161,HCPCS 93306 - Echocardiogram (78 months of data),quarter,2024-Q2,812422,258952546.0,313.7339302313714,313.05208502781153,314.41689355213157
HCPCS 93307 - TTE (75 months of data),163,HCPCS 93307 - TTE (75 months of data),quarter,2018-Q1,2535,230550049.0,1.0995443336470512,1.0571538585482816,1.1431986188335428
HCPCS 93307 - TTE (75 months of data),163,HCPCS 93307 - TTE (75 months of data),quarter,2018-Q2,2380,228935769.0,1.0395928999631334,0.9982421437731132,1.0822166485618872
HCPCS 93307 - TTE (75 months of data),163,HCPCS 93307 - TTE (75 months of data),quarter,2018-Q3,2567,227904788.0,1.1263475517679777,1.0831926126201263,1.1707809167870424
HCPCS 93307 - TTE (75 months of data),163,HCPCS 93307 - TTE (75 months of data),quarter,2018-Q4,2834,226095567.0,1.2534522625116307,1.2077242699880084,1.3004685002223897
HCPCS 93307 - TTE (75 months of data),163,HCPCS 93307 - TTE (75 months of data),quarter,2019-Q1,2796,225406912.0,1.2404233637697855,1.1948670593394095,1.287271904197274
HCPCS 93307 - TTE (75 months of data),163,HCPCS 93307 - TTE (75 months of data),quarter,2019-Q2,3274,224099443.0,1.4609585620433692,1.41133916034112,1.5118771148252013
HCPCS 93307 - TTE (75 months of data),163,HCPCS 93307 - TTE (75 months of data),quarter,2019-Q3,2665,225151016.0,1.1836499996073746,1.139133206033206,1.2294606966581474
HCPCS 93307 - TTE (75 months of data),163,HCPCS 93307 - TTE (75 months of data),quarter,2019-Q4,3274,223888589.0,1.4623344649333603,1.41266833262562,1.5133009718363748
HCPCS 93307 - TTE (75 months of data),163,HCPCS 93307 - TTE (75 months of data),quarter,2020-Q1,2229,149176444.0,1.4942037363486154,1.4328109222986674,1.5575506123932823
HCPCS 93307 - TTE (75 months of data),163,HCPCS 93307 - TTE (75 months of data),quarter,2020-Q2,874,78055480.0,1.119716386344687,1.0467035917792324,1.1964794522594198
HCPCS 93307 - TTE (75 months of data),163,HCPCS 93307 - TTE (75 months of data),quarter,2020-Q3,2208,240451013.0,0.9182743596925499,0.8803678140960893,0.9573932512187908
HCPCS 93307 - TTE (75 months of data),163,HCPCS 93307 - TTE (75 months of data),quarter,2020-Q4,1615,252197294.0,0.6403716607680969,0.6095173225523065,0.6723832693761084
HCPCS 93307 - TTE (75 months of data),163,HCPCS 93307 - TTE (75 months of data),quarter,2021-Q1,1567,256211709.0,0.6116035860016061,0.5816930057090606,0.6426534477880426
HCPCS 93307 - TTE (75 months of data),163,HCPCS 93307 - TTE (75 months of data),quarter,2021-Q2,1990,261559386.0,0.7608214831946424,0.7277575289674697,0.7950003672851367
HCPCS 93307 - TTE (75 months of data),163,HCPCS 93307 - TTE (75 months of data),quarter,2021-Q3,1768,266799594.0,0.6626696740775401,0.6321371829100818,0.694295695097571
HCPCS 93307 - TTE (75 months of data),163,HCPCS 93307 - TTE (75 months of data),quarter,2021-Q4,1541,272358419.0,0.5657985553220589,0.5378985474859258,0.5947703783922221
HCPCS 93307 - TTE (75 months of data),163,HCPCS 93307 - TTE (75 months of data),quarter,2022-Q1,1616,277314434.0,0.5827320189182796,0.5546634514180718,0.6118530369092927
HCPCS 93307 - TTE (75 months of data),163,HCPCS 93307 - TTE (75 months of data),quarter,2022-Q2,1431,282016994.5,0.5074162294854184,0.4814635502701957,0.5344043475953268
HCPCS 93307 - TTE (75 months of data),163,HCPCS 93307 - TTE (75 months of data),quarter,2022-Q3,990,287178648.0,0.3447331502166554,0.32359081280165586,0.3668941250245392
HCPCS 93307 - TTE (75 months of data),163,HCPCS 93307 - TTE (75 months of data),quarter,2022-Q4,916,292152539.0,0.31353484146855215,0.2935567453697456,0.33451465092072835
HCPCS 93307 - TTE (75 months of data),163,HCPCS 93307 - TTE (75 months of data),quarter,2023-Q1,1354,297686543.0,0.4548408491545417,0.4309336522713095,0.4797292238852259
HCPCS 93307 - TTE (75 months of data),163,HCPCS 93307 - TTE (75 months of data),quarter,2023-Q2,1445,298365151.0,0.484305889999868,0.4596539536785894,0.5099364891456709
HCPCS 93307 - TTE (75 months of data),163,HCPCS 93307 - TTE (75 months of data),quarter,2023-Q3,1320,289816874.0,0.45546002266244856,0.4312180959794458,0.4807098866926062
HCPCS 93307 - TTE (75 months of data),163,HCPCS 93307 - TTE (75 months of data),quarter,2023-Q4,1045,276383178.0,0.37809826472145136,0.3555186377555627,0.4017360190466738
HCPCS 93307 - TTE (75 months of data),163,HCPCS 93307 - TTE (75 months of data),quarter,2024-Q1,1078,267644460.0,0.4027731416521755,0.37908537487596267,0.42755341100142913
HCPCS 93307 - TTE (75 months of data),163,HCPCS 93307 - TTE (75 months of data),quarter,2024-Q2,1276,258952546.0,0.49275437515875975,0.4660853037571778,0.5205516957081855
HCPCS 93308 - TTE (75 months of data),165,HCPCS 93308 - TTE (75 months of data),quarter,2018-Q1,12882,230550049.0,5.58750694518395,5.491430153217232,5.68484286916905
HCPCS 93308 - TTE (75 months of data),165,HCPCS 93308 - TTE (75 months of data),quarter,2018-Q2,12728,228935769.0,5.559637996105361,5.463466303563396,5.657077721792839
HCPCS 93308 - TTE (75 months of data),165,HCPCS 93308 - TTE (75 months of data),quarter,2018-Q3,13184,227904788.0,5.784871882551235,5.686542418436725,5.884475049729626
HCPCS 93308 - TTE (75 months of data),165,HCPCS 93308 - TTE (75 months of data),quarter,2018-Q4,12138,226095567.0,5.368526309938664,5.2734401448879975,5.464896529139604
HCPCS 93308 - TTE (75 months of data),165,HCPCS 93308 - TTE (75 months of data),quarter,2019-Q1,14537,225406912.0,6.449225478941834,6.344808420091796,6.554930175486253
HCPCS 93308 - TTE (75 months of data),165,HCPCS 93308 - TTE (75 months of data),quarter,2019-Q2,15431,224099443.0,6.885782397950895,6.777562011753576,6.995297827953825
HCPCS 93308 - TTE (75 months of data),165,HCPCS 93308 - TTE (75 months of data),quarter,2019-Q3,15533,225151016.0,6.898925119662795,6.79085337186385,7.008285851238273
HCPCS 93308 - TTE (75 months of data),165,HCPCS 93308 - TTE (75 months of data),quarter,2019-Q4,14953,223888589.0,6.678768251114397,6.572143494675032,6.786689326755548
HCPCS 93308 - TTE (75 months of data),165,HCPCS 93308 - TTE (75 months of data),quarter,2020-Q1,11226,149176444.0,7.5253167986763385,7.386746032904828,7.665833946039034
HCPCS 93308 - TTE (75 months of data),165,HCPCS 93308 - TTE (75 months of data),quarter,2020-Q2,6334,78055480.0,8.114740950923625,7.916116542216613,8.317089118030708
HCPCS 93308 - TTE (75 months of data),165,HCPCS 93308 - TTE (75 months of data),quarter,2020-Q3,19869,240451013.0,8.263221581852932,8.148718784124243,8.378930966843651
HCPCS 93308 - TTE (75 months of data),165,HCPCS 93308 - TTE (75 months of data),quarter,2020-Q4,21517,252197294.0,8.531812399224236,8.418190082801878,8.64658499772745
HCPCS 93308 - TTE (75 months of data),165,HCPCS 93308 - TTE (75 months of data),quarter,2021-Q1,24869,256211709.0,9.70642602442498,9.586159749788115,9.827824376369188
HCPCS 93308 - TTE (75 months of data),165,HCPCS 93308 - TTE (75 months of data),quarter,2021-Q2,24941,261559386.0,9.535501815255063,9.417523490436444,9.654589068222089
HCPCS 93308 - TTE (75 months of data),165,HCPCS 93308 - TTE (75 months of data),quarter,2021-Q3,25207,266799594.0,9.447915426737868,9.331637283634606,9.565280705261058
HCPCS 93308 - TTE (75 months of data),165,HCPCS 93308 - TTE (75 months of data),quarter,2021-Q4,25409,272358419.0,9.329250806085785,9.214889015511279,9.44467753467705
HCPCS 93308 - TTE (75 months of data),165,HCPCS 93308 - TTE (75 months of data),quarter,2022-Q1,25781,277314434.0,9.296667190428321,9.183527508620738,9.410852762226726
HCPCS 93308 - TTE (75 months of data),165,HCPCS 93308 - TTE (75 months of data),quarter,2022-Q2,22468,282016994.5,7.966895768049184,7.863059059959545,8.071761079979028
HCPCS 93308 - TTE (75 months of data),165,HCPCS 93308 - TTE (75 months of data),quarter,2022-Q3,22890,287178648.0,7.970648291372972,7.867721656717066,8.074585021041974
HCPCS 93308 - TTE (75 months of data),165,HCPCS 93308 - TTE (75 months of data),quarter,2022-Q4,22446,292152539.0,7.682972763758867,7.582787670194885,7.784150777268904
HCPCS 93308 - TTE (75 months of data),165,HCPCS 93308 - TTE (75 months of data),quarter,2023-Q1,27108,297686543.0,9.106222849986201,8.998139288387026,9.21528067561475
HCPCS 93308 - TTE (75 months of data),165,HCPCS 93308 - TTE (75 months of data),quarter,2023-Q2,26410,298365151.0,8.851569934184438,8.745133726040057,8.958978216616604
HCPCS 93308 - TTE (75 months of data),165,HCPCS 93308 - TTE (75 months of data),quarter,2023-Q3,24365,289816874.0,8.40703291831103,8.301798103140115,8.51326856493974
HCPCS 93308 - TTE (75 months of data),165,HCPCS 93308 - TTE (75 months of data),quarter,2023-Q4,22819,276383178.0,8.256291198735692,8.149510796439346,8.364121153784657
HCPCS 93308 - TTE (75 months of data),165,HCPCS 93308 - TTE (75 months of data),quarter,2024-Q1,23504,267644460.0,8.781799556022943,8.669884634491513,8.894798263183747
HCPCS 93308 - TTE (75 months of data),165,HCPCS 93308 - TTE (75 months of data),quarter,2024-Q2,22638,258952546.0,8.742142276523513,8.628628617509507,8.856776145835514
Custom Aggregate With 93303 and 93304,167,Custom Aggregate With 93303 and 93304,quarter,2018-Q1,725817,230550049.0,314.81971187956674,314.09585955518304,315.5448200943689
Custom Aggregate With 93303 and 93304,167,Custom Aggregate With 93303 and 93304,quarter,2018-Q2,737747,228935769.0,322.25064839037884,321.5157222416839,322.98683928099354
Custom Aggregate With 93303 and 93304,167,Custom Aggregate With 93303 and 93304,quarter,2018-Q3,710270,227904788.0,311.65207463741393,310.927710023232,312.37770972446197
Custom Aggregate With 93303 and 93304,167,Custom Aggregate With 93303 and 93304,quarter,2018-Q4,683462,226095567.0,302.28898738204805,301.57274628378025,303.00650912951585
Custom Aggregate With 93303 and 93304,167,Custom Aggregate With 93303 and 93304,quarter,2019-Q1,796949,225406912.0,353.56014282294944,352.78432291173334,354.3372472570899
Custom Aggregate With 93303 and 93304,167,Custom Aggregate With 93303 and 93304,quarter,2019-Q2,822026,224099443.0,366.8130491515769,366.0205140562949,367.6068762565802
Custom Aggregate With 93303 and 93304,167,Custom Aggregate With 93303 and 93304,quarter,2019-Q3,808518,225151016.0,359.10031158820084,358.3179896467757,359.88391950897875
Custom Aggregate With 93303 and 93304,167,Custom Aggregate With 93303 and 93304,quarter,2019-Q4,787967,223888589.0,351.9460297282056,351.1693649614317,352.723987731811
Custom Aggregate With 93303 and 93304,167,Custom Aggregate With 93303 and 93304,quarter,2020-Q1,574202,149176444.0,384.9146585100259,383.9197043507236,385.91155372572086
Custom Aggregate With 93303 and 93304,167,Custom Aggregate With 93303 and 93304,quarter,2020-Q2,261472,78055480.0,334.9822459614623,333.69948270206686,336.26871968659793
Custom Aggregate With 93303 and 93304,167,Custom Aggregate With 93303 and 93304,quarter,2020-Q3,842680,240451013.0,350.4580785442563,349.71021202302285,351.20714920816687
Custom Aggregate With 93303 and 93304,167,Custom Aggregate With 93303 and 93304,quarter,2020-Q4,839333,252197294.0,332.8080911129839,332.0964752329615,333.52085505266433
Custom Aggregate With 93303 and 93304,167,Custom Aggregate With 93303 and 93304,quarter,2021-Q1,950268,256211709.0,370.8917143985796,370.14637036054296,371.6381884829545
Custom Aggregate With 93303 and 93304,167,Custom Aggregate With 93303 and 93304,quarter,2021-Q2,1024055,261559386.0,391.5191175743164,390.761182608262,392.27815946839786
Custom Aggregate With 93303 and 93304,167,Custom Aggregate With 93303 and 93304,quarter,2021-Q3,975904,266799594.0,365.7816660695518,365.0563055119029,366.50811182291034
Custom Aggregate With 93303 and 93304,167,Custom Aggregate With 93303 and 93304,quarter,2021-Q4,921949,272358419.0,338.5057834397254,337.8151588096258,339.1974711272347
Custom Aggregate With 93303 and 93304,167,Custom Aggregate With 93303 and 93304,quarter,2022-Q1,971226,277314434.0,350.2255493848546,349.52936750448674,350.9227753147842
Custom Aggregate With 93303 and 93304,167,Custom Aggregate With 93303 and 93304,quarter,2022-Q2,1001133,282016994.5,354.99030892622324,354.2952704344629,355.6863740529836
Custom Aggregate With 93303 and 93304,167,Custom Aggregate With 93303 and 93304,quarter,2022-Q3,973403,287178648.0,338.95382082862926,338.2807985005179,339.6278513441671
Custom Aggregate With 93303 and 93304,167,Custom Aggregate With 93303 and 93304,quarter,2022-Q4,932565,292152539.0,319.2048247097384,318.5572937194403,319.853346730455
Custom Aggregate With 93303 and 93304,167,Custom Aggregate With 93303 and 93304,quarter,2023-Q1,1101225,297686543.0,369.927706137526,369.23710570798397,370.619279147012
Custom Aggregate With 93303 and 93304,167,Custom Aggregate With 93303 and 93304,quarter,2023-Q2,1098957,298365151.0,368.32619235749826,367.63787287386685,369.01548220933984
Custom Aggregate With 93303 and 93304,167,Custom Aggregate With 93303 and 93304,quarter,2023-Q3,1015060,289816874.0,350.24185651798865,349.5608333562932,350.9238786823962
Custom Aggregate With 93303 and 93304,167,Custom Aggregate With 93303 and 93304,quarter,2023-Q4,949155,276383178.0,343.4199602408508,342.7294191281753,344.1115489251063
Custom Aggregate With 93303 and 93304,167,Custom Aggregate With 93303 and 93304,quarter,2024-Q1,1009155,267644460.0,377.0505841966615,376.31529232660824,377.78695783066087
Custom Aggregate With 93303 and 93304,167,Custom Aggregate With 93303 and 93304,quarter,2024-Q2,968401,258952546.0,373.96851854084497,373.22405718471595,374.7140979788876
Custom Aggregate Without 93303 and 93304,169,Custom Aggregate Without 93303 and 93304,quarter,2018-Q1,636031,230550049.0,275.8754564393955,275.19787934542836,276.55428945782336
Custom Aggregate Without 93303 and 93304,169,Custom Aggregate Without 93303 and 93304,quarter,2018-Q2,648983,228935769.0,283.47820125914876,282.7889295665311,284.16873772666514
Custom Aggregate Without 93303 and 93304,169,Custom Aggregate Without 93303 and 93304,quarter,2018-Q3,620593,227904788.0,272.3036253191837,271.6265585117177,272.9819626351238
Custom Aggregate Without 93303 and 93304,169,Custom Aggregate Without 93303 and 93304,quarter,2018-Q4,596287,226095567.0,263.7322827298069,263.0633048183954,264.402541327423
Custom Aggregate Without 93303 and 93304,169,Custom Aggregate Without 93303 and 93304,quarter,2019-Q1,694873,225406912.0,308.2749299187418,307.55052451290356,309.00061988203845
Custom Aggregate Without 93303 and 93304,169,Custom Aggregate Without 93303 and 93304,quarter,2019-Q2,717926,224099443.0,320.3604571208149,319.61983046865225,321.10237581647334
Custom Aggregate Without 93303 and 93304,169,Custom Aggregate Without 93303 and 93304,quarter,2019-Q3,701808,225151016.0,311.7054555063611,310.9766146867094,312.43558234085305
Custom Aggregate Without 93303 and 93304,169,Custom Aggregate Without 93303 and 93304,quarter,2019-Q4,684147,223888589.0,305.57475173511415,304.8510877164616,306.29970902667947
Custom Aggregate Without 93303 and 93304,169,Custom Aggregate Without 93303 and 93304,quarter,2020-Q1,498997,149176444.0,334.50120315242265,333.5737338873963,335.4306135368545
Custom Aggregate Without 93303 and 93304,169,Custom Aggregate Without 93303 and 93304,quarter,2020-Q2,223649,78055480.0,286.5256866013763,285.3394153925784,287.7156684753114
Custom Aggregate Without 93303 and 93304,169,Custom Aggregate Without 93303 and 93304,quarter,2020-Q3,726775,240451013.0,302.25491293729755,301.5604082749367,302.9506217764181
Custom Aggregate Without 93303 and 93304,169,Custom Aggregate Without 93303 and 93304,quarter,2020-Q4,719973,252197294.0,285.480065460179,284.8210155456375,286.140263468178
Custom Aggregate Without 93303 and 93304,169,Custom Aggregate Without 93303 and 93304,quarter,2021-Q1,815173,256211709.0,318.16383536163835,317.4735296750773,318.8552711257954
Custom Aggregate Without 93303 and 93304,169,Custom Aggregate Without 93303 and 93304,quarter,2021-Q2,892644,261559386.0,341.2777547963811,340.5701436061194,341.98647294097975
Custom Aggregate Without 93303 and 93304,169,Custom Aggregate Without 93303 and 93304,quarter,2021-Q3,838610,266799594.0,314.32206752158703,313.6496892671546,314.99553100100354
Custom Aggregate Without 93303 and 93304,169,Custom Aggregate Without 93303 and 93304,quarter,2021-Q4,792085,272358419.0,290.824496231196,290.184382336446,291.4656732129006
Custom Aggregate Without 93303 and 93304,169,Custom Aggregate Without 93303 and 93304,quarter,2022-Q1,832687,277314434.0,300.26817861200834,299.6235843900097,300.9138169122427
Custom Aggregate Without 93303 and 93304,169,Custom Aggregate Without 93303 and 93304,quarter,2022-Q2,868554,282016994.5,307.97931221836353,307.3319521207319,308.6276989765529
Custom Aggregate Without 93303 and 93304,169,Custom Aggregate Without 93303 and 93304,quarter,2022-Q3,836925,287178648.0,291.43009267179224,290.80605659419854,292.05513696394087
Custom Aggregate Without 93303 and 93304,169,Custom Aggregate Without 93303 and 93304,quarter,2022-Q4,804891,292152539.0,275.5036813149175,274.90212966774976,276.10622401903106
Custom Aggregate Without 93303 and 93304,169,Custom Aggregate Without 93303 and 93304,quarter,2023-Q1,951542,297686543.0,319.64562133398147,319.00369140326393,320.2885238684094
Custom Aggregate Without 93303 and 93304,169,Custom Aggregate Without 93303 and 93304,quarter,2023-Q2,956521,298365151.0,320.58737315471535,319.94522895108173,321.2304877490717
Custom Aggregate Without 93303 and 93304,169,Custom Aggregate Without 93303 and 93304,quarter,2023-Q3,874846,289816874.0,301.8616507470852,301.2294343672251,302.4948661555463
Custom Aggregate Without 93303 and 93304,169,Custom Aggregate Without 93303 and 93304,quarter,2023-Q4,817153,276383178.0,295.65945580088817,295.0187540710545,296.3012051305892
Custom Aggregate Without 93303 and 93304,169,Custom Aggregate Without 93303 and 93304,quarter,2024-Q1,869986,267644460.0,325.0528705133669,324.3701847387306,325.736638080013
Custom Aggregate Without 93303 and 93304,169,Custom Aggregate Without 93303 and 93304,quarter,2024-Q2,836336,258952546.0,322.9688268830537,322.27701390641624,323.66175797084696
Aggregate Cardiac Monitoring,171,Aggregate Cardiac Monitoring,quarter,2018-Q1,3014,230550049.0,1.3073083319969279,1.261048709717024,1.354831068331479
Aggregate Cardiac Monitoring,171,Aggregate Cardiac Monitoring,quarter,2018-Q2,4015,228935769.0,1.7537670140134372,1.6999347260606952,1.808870286072833
Aggregate Cardiac Monitoring,171,Aggregate Cardiac Monitoring,quarter,2018-Q3,4024,227904788.0,1.7656496097835384,1.7115127565393096,1.8210631891715567
Aggregate Cardiac Monitoring,171,Aggregate Cardiac Monitoring,quarter,2018-Q4,4735,226095567.0,2.094247164076419,2.035016412620492,2.154764326515654
Aggregate Cardiac Monitoring,171,Aggregate Cardiac Monitoring,quarter,2019-Q1,6028,225406912.0,2.6742746912747735,2.607185962847917,2.742653045213499
Aggregate Cardiac Monitoring,171,Aggregate Cardiac Monitoring,quarter,2019-Q2,8061,224099443.0,3.597063826704826,3.5189634417790603,3.676460602073807
Aggregate Cardiac Monitoring,171,Aggregate Cardiac Monitoring,quarter,2019-Q3,8738,225151016.0,3.8809507304199773,3.7999992423806606,3.963192363087587
Aggregate Cardiac Monitoring,171,Aggregate Cardiac Monitoring,quarter,2019-Q4,9395,223888589.0,4.196283536361919,4.111854895217162,4.282009430597527
Aggregate Cardiac Monitoring,171,Aggregate Cardiac Monitoring,quarter,2020-Q1,7944,149176444.0,5.325237542195335,5.20877090276613,5.443651730121817
Aggregate Cardiac Monitoring,171,Aggregate Cardiac Monitoring,quarter,2020-Q2,4061,78055480.0,5.202709662409353,5.043911352436056,5.365235641203125
Aggregate Cardiac Monitoring,171,Aggregate Cardiac Monitoring,quarter,2020-Q3,14901,240451013.0,6.197104272544696,6.097997364252485,6.297418214516055
Aggregate Cardiac Monitoring,171,Aggregate Cardiac Monitoring,quarter,2020-Q4,17196,252197294.0,6.818471256079377,6.716936258821717,6.921156848970025
Aggregate Cardiac Monitoring,171,Aggregate Cardiac Monitoring,quarter,2021-Q1,21879,256211709.0,8.539422372769076,8.426640340404049,8.653336642571446
Aggregate Cardiac Monitoring,171,Aggregate Cardiac Monitoring,quarter,2021-Q2,24412,261559386.0,9.333253290325432,9.216536704285996,9.4510788300345
Aggregate Cardiac Monitoring,171,Aggregate Cardiac Monitoring,quarter,2021-Q3,25867,266799594.0,9.695292115024733,9.577496912894636,9.814174422921461
Aggregate Cardiac Monitoring,171,Aggregate Cardiac Monitoring,quarter,2021-Q4,27262,272358419.0,10.009604292790376,9.891133365532744,10.129140080136752
Aggregate Cardiac Monitoring,171,Aggregate Cardiac Monitoring,quarter,2022-Q1,33098,277314434.0,11.935188342919071,11.806949318699143,12.064472999105622
Aggregate Cardiac Monitoring,171,Aggregate Cardiac Monitoring,quarter,2022-Q2,38097,282016994.5,13.508760373658971,13.373447034165485,13.64510177994917
Aggregate Cardiac Monitoring,171,Aggregate Cardiac Monitoring,quarter,2022-Q3,37496,287178648.0,13.056681010630012,12.924854666970296,13.189516956891302
Aggregate Cardiac Monitoring,171,Aggregate Cardiac Monitoring,quarter,2022-Q4,41452,292152539.0,14.18847843728649,14.052215356384114,14.325733847713938
Aggregate Cardiac Monitoring,171,Aggregate Cardiac Monitoring,quarter,2023-Q1,53255,297686543.0,17.889622911170694,17.738002395575464,18.04221711870613
Aggregate Cardiac Monitoring,171,Aggregate Cardiac Monitoring,quarter,2023-Q2,55804,298365151.0,18.703256668202513,18.548395462636115,18.859089318277064
Aggregate Cardiac Monitoring,171,Aggregate Cardiac Monitoring,quarter,2023-Q3,52664,289816874.0,18.171474722344843,18.016605498022333,18.327344086365407
Aggregate Cardiac Monitoring,171,Aggregate Cardiac Monitoring,quarter,2023-Q4,53616,276383178.0,19.399154604119936,19.235293583940326,19.564064362357424
Aggregate Cardiac Monitoring,171,Aggregate Cardiac Monitoring,quarter,2024-Q1,57743,267644460.0,21.57451717849867,21.39890097747939,21.751216301880472
Aggregate Cardiac Monitoring,171,Aggregate Cardiac Monitoring,quarter,2024-Q2,61950,258952546.0,23.92330214818587,23.73528220536547,24.11244130802372
Aggregate Fractures,175,Aggregate Fractures,quarter,2018-Q1,1437,230550049.0,0.6232919950496302,0.5914784048136957,0.6563721475522923
Aggregate Fractures,175,Aggregate Fractures,quarter,2018-Q2,2725,228935769.0,1.1902901900838396,1.146014582881016,1.2358382187378207
Aggregate Fractures,175,Aggregate Fractures,quarter,2018-Q3,1932,227904788.0,0.8477224269636668,0.8103391621437281,0.886385405520487
Aggregate Fractures,175,Aggregate Fractures,quarter,2018-Q4,2241,226095567.0,0.9911737897983645,0.9505571706961677,1.0330796623461402
Aggregate Fractures,175,Aggregate Fractures,quarter,2019-Q1,1731,225406912.0,0.7679445073982469,0.7321897830681774,0.804993681501857
Aggregate Fractures,175,Aggregate Fractures,quarter,2019-Q2,3241,224099443.0,1.4462329565004763,1.3968664042238994,1.4968986984716577
Aggregate Fractures,175,Aggregate Fractures,quarter,2019-Q3,2682,225151016.0,1.1912004874097482,1.1465405846234191,1.2371542670577527
Aggregate Fractures,175,Aggregate Fractures,quarter,2019-Q4,2251,223888589.0,1.0054107759819773,0.964301416202925,1.047822077564862
Aggregate Fractures,175,Aggregate Fractures,quarter,2020-Q1,1560,149176444.0,1.045741511307241,0.9944861588254226,1.098953625581251
Aggregate Fractures,175,Aggregate Fractures,quarter,2020-Q2,794,78055480.0,1.0172251839332742,0.9476916830763685,1.0905110229069166
Aggregate Fractures,175,Aggregate Fractures,quarter,2020-Q3,1824,240451013.0,0.7585744710503673,0.7241576421410012,0.7942045096978971
Aggregate Fractures,175,Aggregate Fractures,quarter,2020-Q4,1180,252197294.0,0.46788765306895,0.44156902274688936,0.49536518358416165
Aggregate Fractures,175,Aggregate Fractures,quarter,2021-Q1,1193,256211709.0,0.4656305539884596,0.4395799283132477,0.4928218614845378
Aggregate Fractures,175,Aggregate Fractures,quarter,2021-Q2,3324,261559386.0,1.2708395025824077,1.2280003113948845,1.3147917341856745
Aggregate Fractures,175,Aggregate Fractures,quarter,2021-Q3,3536,266799594.0,1.3253393481550801,1.2820117664876933,1.3697579160360887
Aggregate Fractures,175,Aggregate Fractures,quarter,2021-Q4,3045,272358419.0,1.1180120707045227,1.0786508705301558,1.1584424573799013
Aggregate Fractures,175,Aggregate Fractures,quarter,2022-Q1,2743,277314434.0,0.9891299058742827,0.9524567079678372,1.026853523852198
Aggregate Fractures,175,Aggregate Fractures,quarter,2022-Q2,3842,282016994.5,1.362329247856728,1.3195884756381002,1.4061019011660092
Aggregate Fractures,175,Aggregate Fractures,quarter,2022-Q3,3000,287178648.0,1.0446459097474405,1.0075953212874877,1.0827105539099715
Aggregate Fractures,175,Aggregate Fractures,quarter,2022-Q4,2173,292152539.0,0.7437895311257248,0.7128420714616748,0.7757348477087066
Aggregate Fractures,175,Aggregate Fractures,quarter,2023-Q1,2583,297686543.0,0.8676912210976229,0.834548581897291,0.901812585799958
Aggregate Fractures,175,Aggregate Fractures,quarter,2023-Q2,4686,298365151.0,1.5705587546985338,1.525909291475436,1.6161830610474606
Aggregate Fractures,175,Aggregate Fractures,quarter,2023-Q3,3787,289816874.0,1.306687201380828,1.2653978450598349,1.3489807069304247
Aggregate Fractures,175,Aggregate Fractures,quarter,2023-Q4,2777,276383178.0,1.0047644795516462,0.9677382326895971,1.0428446444656922
Aggregate Fractures,175,Aggregate Fractures,quarter,2024-Q1,1732,267644460.0,0.6471271626545156,0.6170061685412288,0.6783383241146438
Aggregate Fractures,175,Aggregate Fractures,quarter,2024-Q2,3199,258952546.0,1.2353614781605584,1.1929194127418212,1.2789279151980522
